feature_date,target_date,target_tenor,horizon,benchmark_role,direction,confidence,label,is_correct,frequency,final_select_id,candidate_id,target_col,prediction_mode,pred_label,candidate_pred,raw_direction,model_pred,vote_pred,raw_vote_pred,prob_up,threshold,active_score,decision,signal_sum,vote_sum,model_pred_combo,vote_pred_combo,signal_sum_combo,vote_sum_combo,pre_quota_candidate_pred,candidate_pred_before_direction_tuning,direction_tuning_rule,tie_lowconf_flip_width,tie_lowconf_flipped,fit_n,cal_n
2025-01-02,2025-01-03,5Y,1,platform_current_daily_0629_adapter,1,0.6307746986147097,-1,false,D5Y,5Y10,5Y_weekmap_top120_seed_quota_7sig_combo_rolling40_target_0.50_mtd_floor_0.50_causal,TB5YWI0C,active_abstain,,1,,1,1,,0.6307746986147097,0.525,1.35,fixed_vote,3,4,1,1,0,1.0,1,1,current,,,,
2025-01-03,2025-01-06,5Y,1,platform_current_daily_0629_adapter,0,0.6200321696021727,1,false,D5Y,5Y10,5Y_weekmap_top120_seed_quota_7sig_combo_rolling40_target_0.50_mtd_floor_0.50_causal,TB5YWI0C,active_abstain,,0,,1,1,,0.6200321696021727,0.38,0.6666666666666666,fixed_vote,1,2,1,1,0,1.0,0,0,current,,,,
2025-01-06,2025-01-07,5Y,1,platform_current_daily_0629_adapter,1,0.5171401464617119,1,true,D5Y,5Y10,5Y_weekmap_top120_seed_quota_7sig_combo_rolling40_target_0.50_mtd_floor_0.50_causal,TB5YWI0C,active_abstain,,1,,-1,1,,0.5171401464617119,0.52,0.9055555555555556,fixed_vote,3,2,-1,-1,0,-1.0,1,1,current,,,,
2025-01-07,2025-01-08,5Y,1,platform_current_daily_0629_adapter,1,0.517449481923944,1,true,D5Y,5Y10,5Y_weekmap_top120_seed_quota_7sig_combo_rolling40_target_0.50_mtd_floor_0.50_causal,TB5YWI0C,active_abstain,,1,,-1,1,,0.517449481923944,0.545,0.9333333333333333,fixed_vote,3,2,-1,-1,0,-1.0,1,1,current,,,,
2025-01-08,2025-01-09,5Y,1,platform_current_daily_0629_adapter,1,0.4766766958216428,1,true,D5Y,5Y10,5Y_weekmap_top120_seed_quota_7sig_combo_rolling40_target_0.50_mtd_floor_0.50_causal,TB5YWI0C,active_abstain,,1,,1,1,,0.4766766958216428,0.47,1.15,fixed_vote,5,6,1,1,2,3.0,1,1,current,,,,
2025-01-09,2025-01-10,5Y,1,platform_current_daily_0629_adapter,1,0.3941934183999993,-1,false,D5Y,5Y10,5Y_weekmap_top120_seed_quota_7sig_combo_rolling40_target_0.50_mtd_floor_0.50_causal,TB5YWI0C,active_abstain,,1,,-1,1,,0.3941934183999993,0.49,1.211111111111111,fixed_vote,7,6,-1,1,2,1.0,1,1,current,,,,
2025-01-10,2025-01-13,5Y,1,platform_current_daily_0629_adapter,1,0.3761674933287297,1,true,D5Y,5Y10,5Y_weekmap_top120_seed_quota_7sig_combo_rolling40_target_0.50_mtd_floor_0.50_causal,TB5YWI0C,active_abstain,,1,,-1,1,,0.3761674933287297,0.48,1.1833333333333333,fixed_vote,7,6,-1,1,2,1.0,1,1,current,,,,
2025-01-13,2025-01-14,5Y,1,platform_current_daily_0629_adapter,0,0.4491565180745752,-1,false,D5Y,5Y10,5Y_weekmap_top120_seed_quota_7sig_combo_rolling40_target_0.50_mtd_floor_0.50_causal,TB5YWI0C,active_abstain,,0,,-1,1,,0.4491565180745752,0.49,0.9333333333333333,fixed_vote,5,4,-1,-1,0,-1.0,1,0,current,,,,
2025-01-14,2025-01-15,5Y,1,platform_current_daily_0629_adapter,0,0.4822640954580433,1,false,D5Y,5Y10,5Y_weekmap_top120_seed_quota_7sig_combo_rolling40_target_0.50_mtd_floor_0.50_causal,TB5YWI0C,active_abstain,,0,,-1,1,,0.4822640954580433,0.5,0.8685185185185185,fixed_vote,5,4,-1,1,4,3.0,1,0,current,,,,
2025-01-15,2025-01-16,5Y,1,platform_current_daily_0629_adapter,1,0.4148043632257109,1,true,D5Y,5Y10,5Y_weekmap_top120_seed_quota_7sig_combo_rolling40_target_0.50_mtd_floor_0.50_causal,TB5YWI0C,active_abstain,,1,,-1,1,,0.4148043632257109,0.54,1.05,fixed_vote,5,4,-1,-1,0,-1.0,1,1,current,,,,
2025-01-16,2025-01-17,5Y,1,platform_current_daily_0629_adapter,1,0.4085684860814986,1,true,D5Y,5Y10,5Y_weekmap_top120_seed_quota_7sig_combo_rolling40_target_0.50_mtd_floor_0.50_causal,TB5YWI0C,active_abstain,,1,,-1,1,,0.4085684860814986,0.485,0.9257575757575757,fixed_vote,5,4,-1,1,4,3.0,1,1,current,,,,
2025-01-17,2025-01-20,5Y,1,platform_current_daily_0629_adapter,1,0.474903760207527,1,true,D5Y,5Y10,5Y_weekmap_top120_seed_quota_7sig_combo_rolling40_target_0.50_mtd_floor_0.50_causal,TB5YWI0C,active_abstain,,1,,1,1,,0.474903760207527,0.455,1.1,fixed_vote,7,8,1,1,4,5.0,1,1,current,,,,
2025-01-20,2025-01-21,5Y,1,platform_current_daily_0629_adapter,1,0.36230530911530484,-1,false,D5Y,5Y10,5Y_weekmap_top120_seed_quota_7sig_combo_rolling40_target_0.50_mtd_floor_0.50_causal,TB5YWI0C,active_abstain,,1,,-1,1,,0.36230530911530484,0.47,1.1961538461538461,fixed_vote,7,6,-1,1,4,3.0,1,1,current,,,,
2025-01-21,2025-01-22,5Y,1,platform_current_daily_0629_adapter,1,0.47922980037514157,1,true,D5Y,5Y10,5Y_weekmap_top120_seed_quota_7sig_combo_rolling40_target_0.50_mtd_floor_0.50_causal,TB5YWI0C,active_abstain,,1,,1,1,,0.47922980037514157,0.455,0.9095238095238094,fixed_vote,5,6,1,1,4,5.0,1,1,current,,,,
2025-01-22,2025-01-23,5Y,1,platform_current_daily_0629_adapter,1,0.33275096691020106,1,true,D5Y,5Y10,5Y_weekmap_top120_seed_quota_7sig_combo_rolling40_target_0.50_mtd_floor_0.50_causal,TB5YWI0C,active_abstain,,1,,-1,1,,0.33275096691020106,0.435,1.1166666666666667,fixed_vote,7,6,-1,1,4,3.0,1,1,current,,,,
2025-01-23,2025-01-24,5Y,1,platform_current_daily_0629_adapter,0,0.28954988248406976,1,false,D5Y,5Y10,5Y_weekmap_top120_seed_quota_7sig_combo_rolling40_target_0.50_mtd_floor_0.50_causal,TB5YWI0C,active_abstain,,0,,-1,1,,0.28954988248406976,0.43,0.7875,fixed_vote,3,2,-1,1,4,3.0,1,0,current,,,,
2025-01-24,2025-01-27,5Y,1,platform_current_daily_0629_adapter,1,0.3457567026213267,-1,false,D5Y,5Y10,5Y_weekmap_top120_seed_quota_7sig_combo_rolling40_target_0.50_mtd_floor_0.50_causal,TB5YWI0C,active_abstain,,1,,-1,1,,0.3457567026213267,0.42,1.0460784313725489,fixed_vote,7,6,-1,1,4,3.0,1,1,current,,,,
2025-01-27,2025-02-05,5Y,1,platform_current_daily_0629_adapter,1,0.4834819329977473,-1,false,D5Y,5Y10,5Y_weekmap_top120_seed_quota_7sig_combo_rolling40_target_0.50_mtd_floor_0.50_causal,TB5YWI0C,active_abstain,,1,,1,1,,0.4834819329977473,0.43,1.1,fixed_vote,7,8,1,1,4,5.0,1,1,current,,,,
2025-02-05,2025-02-06,5Y,1,platform_current_daily_0629_adapter,1,0.36819026822479656,-1,false,D5Y,5Y10,5Y_weekmap_top120_seed_quota_7sig_combo_rolling40_target_0.50_mtd_floor_0.50_causal,TB5YWI0C,active_abstain,,1,,-1,1,,0.36819026822479656,0.46,0.8324561403508771,fixed_vote,5,4,-1,1,4,3.0,1,1,current,,,,
2025-02-06,2025-02-07,5Y,1,platform_current_daily_0629_adapter,0,0.4320864184099392,1,false,D5Y,5Y10,5Y_weekmap_top120_seed_quota_7sig_combo_rolling40_target_0.50_mtd_floor_0.50_causal,TB5YWI0C,active_abstain,,0,,-1,1,,0.4320864184099392,0.46,0.5833333333333334,fixed_vote,3,2,-1,1,4,3.0,1,0,current,,,,
2025-02-07,2025-02-10,5Y,1,platform_current_daily_0629_adapter,1,0.3685658941219537,1,true,D5Y,5Y10,5Y_weekmap_top120_seed_quota_7sig_combo_rolling40_target_0.50_mtd_floor_0.50_causal,TB5YWI0C,active_abstain,,1,,-1,1,,0.3685658941219537,0.445,0.85,fixed_vote,5,4,-1,1,4,3.0,1,1,current,,,,
2025-02-10,2025-02-11,5Y,1,platform_current_daily_0629_adapter,0,0.38901277046699373,-1,false,D5Y,5Y10,5Y_weekmap_top120_seed_quota_7sig_combo_rolling40_target_0.50_mtd_floor_0.50_causal,TB5YWI0C,active_abstain,,0,,-1,1,,0.38901277046699373,0.465,0.8272727272727273,fixed_vote,5,4,-1,1,2,1.0,1,0,current,,,,
2025-02-11,2025-02-12,5Y,1,platform_current_daily_0629_adapter,1,0.4211672487342658,1,true,D5Y,5Y10,5Y_weekmap_top120_seed_quota_7sig_combo_rolling40_target_0.50_mtd_floor_0.50_causal,TB5YWI0C,active_abstain,,1,,-1,1,,0.4211672487342658,0.43,0.9297101449275362,fixed_vote,7,6,-1,1,2,1.0,1,1,current,,,,
2025-02-12,2025-02-13,5Y,1,platform_current_daily_0629_adapter,0,0.4083590908936316,1,false,D5Y,5Y10,5Y_weekmap_top120_seed_quota_7sig_combo_rolling40_target_0.50_mtd_floor_0.50_causal,TB5YWI0C,active_abstain,,0,,-1,1,,0.4083590908936316,0.425,0.7041666666666666,fixed_vote,5,4,-1,1,2,1.0,1,0,current,,,,
2025-02-13,2025-02-14,5Y,1,platform_current_daily_0629_adapter,1,0.4179013602616303,1,true,D5Y,5Y10,5Y_weekmap_top120_seed_quota_7sig_combo_rolling40_target_0.50_mtd_floor_0.50_causal,TB5YWI0C,active_abstain,,1,,-1,1,,0.4179013602616303,0.445,0.13999999999999999,fixed_vote,1,0,-1,1,2,1.0,0,1,current,,,,
2025-02-14,2025-02-17,5Y,1,platform_current_daily_0629_adapter,1,0.4342892833931939,1,true,D5Y,5Y10,5Y_weekmap_top120_seed_quota_7sig_combo_rolling40_target_0.50_mtd_floor_0.50_causal,TB5YWI0C,active_abstain,,1,,1,1,,0.4342892833931939,0.43,0.9782051282051282,fixed_vote,7,8,1,1,0,1.0,1,1,current,,,,
2025-02-17,2025-02-18,5Y,1,platform_current_daily_0629_adapter,1,0.39547650057297945,1,true,D5Y,5Y10,5Y_weekmap_top120_seed_quota_7sig_combo_rolling40_target_0.50_mtd_floor_0.50_causal,TB5YWI0C,active_abstain,,1,,-1,1,,0.39547650057297945,0.4,0.9117283950617283,fixed_vote,7,6,-1,1,2,1.0,1,1,current,,,,
2025-02-18,2025-02-19,5Y,1,platform_current_daily_0629_adapter,0,0.3923006989479282,-1,false,D5Y,5Y10,5Y_weekmap_top120_seed_quota_7sig_combo_rolling40_target_0.50_mtd_floor_0.50_causal,TB5YWI0C,active_abstain,,0,,-1,1,,0.3923006989479282,0.41500000000000004,0.7488095238095238,fixed_vote,5,4,-1,-1,0,-1.0,1,0,current,,,,
2025-02-19,2025-02-20,5Y,1,platform_current_daily_0629_adapter,1,0.42909651941887383,1,true,D5Y,5Y10,5Y_weekmap_top120_seed_quota_7sig_combo_rolling40_target_0.50_mtd_floor_0.50_causal,TB5YWI0C,active_abstain,,1,,1,1,,0.42909651941887383,0.38,1.1143678160919541,fixed_vote,7,8,1,1,2,3.0,1,1,current,,,,
2025-02-20,2025-02-21,5Y,1,platform_current_daily_0629_adapter,1,0.3856514093916871,1,true,D5Y,5Y10,5Y_weekmap_top120_seed_quota_7sig_combo_rolling40_target_0.50_mtd_floor_0.50_causal,TB5YWI0C,active_abstain,,1,,-1,1,,0.3856514093916871,0.425,1.0166666666666666,fixed_vote,7,6,-1,-1,0,-1.0,1,1,current,,,,
2025-02-21,2025-02-24,5Y,1,platform_current_daily_0629_adapter,0,0.38434254446774196,1,false,D5Y,5Y10,5Y_weekmap_top120_seed_quota_7sig_combo_rolling40_target_0.50_mtd_floor_0.50_causal,TB5YWI0C,active_abstain,,0,,-1,1,,0.38434254446774196,0.41500000000000004,0.6080645161290322,fixed_vote,3,2,-1,-1,0,-1.0,1,0,current,,,,
2025-02-24,2025-02-25,5Y,1,platform_current_daily_0629_adapter,1,0.41923867763760364,-1,false,D5Y,5Y10,5Y_weekmap_top120_seed_quota_7sig_combo_rolling40_target_0.50_mtd_floor_0.50_causal,TB5YWI0C,active_abstain,,1,,1,1,,0.41923867763760364,0.38,0.896875,fixed_vote,5,6,1,1,0,1.0,1,1,current,,,,
2025-02-25,2025-02-26,5Y,1,platform_current_daily_0629_adapter,1,0.42381569706534644,-1,false,D5Y,5Y10,5Y_weekmap_top120_seed_quota_7sig_combo_rolling40_target_0.50_mtd_floor_0.50_causal,TB5YWI0C,active_abstain,,1,,1,1,,0.42381569706534644,0.38,1.1176767676767678,fixed_vote,7,8,1,1,0,1.0,1,1,current,,,,
2025-02-26,2025-02-27,5Y,1,platform_current_daily_0629_adapter,1,0.4236857589501809,1,true,D5Y,5Y10,5Y_weekmap_top120_seed_quota_7sig_combo_rolling40_target_0.50_mtd_floor_0.50_causal,TB5YWI0C,active_abstain,,1,,1,1,,0.4236857589501809,0.38,1.1049019607843138,fixed_vote,7,8,1,1,0,1.0,1,1,current,,,,
2025-02-27,2025-02-28,5Y,1,platform_current_daily_0629_adapter,0,0.42875579830158805,-1,false,D5Y,5Y10,5Y_weekmap_top120_seed_quota_7sig_combo_rolling40_target_0.50_mtd_floor_0.50_causal,TB5YWI0C,active_abstain,,0,,1,1,,0.42875579830158805,0.38,0.7214285714285714,fixed_vote,3,4,1,1,0,1.0,1,0,current,,,,
2025-02-28,2025-03-03,5Y,1,platform_current_daily_0629_adapter,0,0.42875479001860317,-1,false,D5Y,5Y10,5Y_weekmap_top120_seed_quota_7sig_combo_rolling40_target_0.50_mtd_floor_0.50_causal,TB5YWI0C,active_abstain,,0,,1,1,,0.42875479001860317,0.38,0.7203703703703703,fixed_vote,3,4,1,1,2,3.0,1,0,current,,,,
2025-03-03,2025-03-04,5Y,1,platform_current_daily_0629_adapter,1,0.4285200878465041,1,true,D5Y,5Y10,5Y_weekmap_top120_seed_quota_7sig_combo_rolling40_target_0.50_mtd_floor_0.50_causal,TB5YWI0C,active_abstain,,1,,1,1,,0.4285200878465041,0.38,0.7193693693693695,fixed_vote,3,4,1,1,2,3.0,1,1,current,,,,
2025-03-04,2025-03-05,5Y,1,platform_current_daily_0629_adapter,0,0.42372545432084274,-1,false,D5Y,5Y10,5Y_weekmap_top120_seed_quota_7sig_combo_rolling40_target_0.50_mtd_floor_0.50_causal,TB5YWI0C,active_abstain,,0,,1,1,,0.42372545432084274,0.38,0.22807017543859645,fixed_vote,1,2,1,1,2,3.0,0,0,current,,,,
2025-03-05,2025-03-06,5Y,1,platform_current_daily_0629_adapter,1,0.41887512033003027,1,true,D5Y,5Y10,5Y_weekmap_top120_seed_quota_7sig_combo_rolling40_target_0.50_mtd_floor_0.50_causal,TB5YWI0C,active_abstain,,1,,1,1,,0.41887512033003027,0.38,0.6833333333333333,fixed_vote,3,4,1,1,2,3.0,1,1,current,,,,
2025-03-06,2025-03-07,5Y,1,platform_current_daily_0629_adapter,0,0.41887512033003027,1,false,D5Y,5Y10,5Y_weekmap_top120_seed_quota_7sig_combo_rolling40_target_0.50_mtd_floor_0.50_causal,TB5YWI0C,active_abstain,,0,,1,1,,0.41887512033003027,0.38,0.6875,fixed_vote,3,4,1,1,4,5.0,1,0,current,,,,
2025-03-07,2025-03-10,5Y,1,platform_current_daily_0629_adapter,1,0.41887512033003027,1,true,D5Y,5Y10,5Y_weekmap_top120_seed_quota_7sig_combo_rolling40_target_0.50_mtd_floor_0.50_causal,TB5YWI0C,active_abstain,,1,,1,1,,0.41887512033003027,0.38,0.890650406504065,fixed_vote,5,6,1,1,4,5.0,1,1,current,,,,
2025-03-10,2025-03-11,5Y,1,platform_current_daily_0629_adapter,0,0.41171782272236673,1,false,D5Y,5Y10,5Y_weekmap_top120_seed_quota_7sig_combo_rolling40_target_0.50_mtd_floor_0.50_causal,TB5YWI0C,active_abstain,,0,,1,1,,0.41171782272236673,0.38,0.8777777777777778,fixed_vote,5,6,1,1,2,3.0,1,0,current,,,,
2025-03-11,2025-03-12,5Y,1,platform_current_daily_0629_adapter,1,0.4122668763323399,-1,false,D5Y,5Y10,5Y_weekmap_top120_seed_quota_7sig_combo_rolling40_target_0.50_mtd_floor_0.50_causal,TB5YWI0C,active_abstain,,1,,1,1,,0.4122668763323399,0.38,1.0631782945736434,fixed_vote,7,8,1,1,4,5.0,1,1,current,,,,
2025-03-12,2025-03-13,5Y,1,platform_current_daily_0629_adapter,1,0.48865786376831216,0,false,D5Y,5Y10,5Y_weekmap_top120_seed_quota_7sig_combo_rolling40_target_0.50_mtd_floor_0.50_causal,TB5YWI0C,active_abstain,,1,,1,1,,0.48865786376831216,0.38,1.0583333333333333,fixed_vote,5,6,1,1,4,5.0,1,1,current,,,,
2025-03-13,2025-03-14,5Y,1,platform_current_daily_0629_adapter,1,0.41601791435203467,-1,false,D5Y,5Y10,5Y_weekmap_top120_seed_quota_7sig_combo_rolling40_target_0.50_mtd_floor_0.50_causal,TB5YWI0C,active_abstain,,1,,1,1,,0.41601791435203467,0.38,1.0611111111111113,fixed_vote,7,8,1,1,4,5.0,1,1,current,,,,
2025-03-14,2025-03-17,5Y,1,platform_current_daily_0629_adapter,0,0.37532039589966093,1,false,D5Y,5Y10,5Y_weekmap_top120_seed_quota_7sig_combo_rolling40_target_0.50_mtd_floor_0.50_causal,TB5YWI0C,active_abstain,,0,,-1,1,,0.37532039589966093,0.38,0.4876811594202898,fixed_vote,3,2,-1,1,4,3.0,1,0,current,,,,
2025-03-17,2025-03-18,5Y,1,platform_current_daily_0629_adapter,0,0.42676269132525585,-1,false,D5Y,5Y10,5Y_weekmap_top120_seed_quota_7sig_combo_rolling40_target_0.50_mtd_floor_0.50_causal,TB5YWI0C,active_abstain,,0,,1,1,,0.42676269132525585,0.38,0.25886524822695034,fixed_vote,1,2,1,1,4,5.0,0,0,current,,,,
2025-03-18,2025-03-19,5Y,1,platform_current_daily_0629_adapter,0,0.43227108447071544,-1,false,D5Y,5Y10,5Y_weekmap_top120_seed_quota_7sig_combo_rolling40_target_0.50_mtd_floor_0.50_causal,TB5YWI0C,active_abstain,,0,,1,1,,0.43227108447071544,0.38,0.7840277777777778,fixed_vote,3,4,1,1,4,5.0,1,0,current,,,,
2025-03-19,2025-03-20,5Y,1,platform_current_daily_0629_adapter,1,0.43072225896863675,-1,false,D5Y,5Y10,5Y_weekmap_top120_seed_quota_7sig_combo_rolling40_target_0.50_mtd_floor_0.50_causal,TB5YWI0C,active_abstain,,1,,1,1,,0.43072225896863675,0.41500000000000004,0.8023809523809524,fixed_vote,5,6,1,1,4,5.0,1,1,current,,,,
2025-03-20,2025-03-21,5Y,1,platform_current_daily_0629_adapter,0,0.4280077295205217,1,false,D5Y,5Y10,5Y_weekmap_top120_seed_quota_7sig_combo_rolling40_target_0.50_mtd_floor_0.50_causal,TB5YWI0C,active_abstain,,0,,1,1,,0.4280077295205217,0.38,0.7533333333333333,fixed_vote,3,4,1,1,4,5.0,1,0,current,,,,
2025-03-21,2025-03-24,5Y,1,platform_current_daily_0629_adapter,1,0.43238093680761974,-1,false,D5Y,5Y10,5Y_weekmap_top120_seed_quota_7sig_combo_rolling40_target_0.50_mtd_floor_0.50_causal,TB5YWI0C,active_abstain,,1,,1,1,,0.43238093680761974,0.38,0.2973856209150327,fixed_vote,1,2,1,1,4,5.0,0,1,current,,,,
2025-03-24,2025-03-25,5Y,1,platform_current_daily_0629_adapter,0,0.3981985167684459,1,false,D5Y,5Y10,5Y_weekmap_top120_seed_quota_7sig_combo_rolling40_target_0.50_mtd_floor_0.50_causal,TB5YWI0C,active_abstain,,0,,1,1,,0.3981985167684459,0.38,0.13141025641025642,fixed_vote,1,2,1,1,4,5.0,0,0,current,,,,
2025-03-25,2025-03-26,5Y,1,platform_current_daily_0629_adapter,1,0.44132142404679964,-1,false,D5Y,5Y10,5Y_weekmap_top120_seed_quota_7sig_combo_rolling40_target_0.50_mtd_floor_0.50_causal,TB5YWI0C,active_abstain,,1,,1,1,,0.44132142404679964,0.38,0.8185534591194968,fixed_vote,3,4,1,1,4,5.0,1,1,current,,,,
2025-03-26,2025-03-27,5Y,1,platform_current_daily_0629_adapter,0,0.4454073709780567,0,true,D5Y,5Y10,5Y_weekmap_top120_seed_quota_7sig_combo_rolling40_target_0.50_mtd_floor_0.50_causal,TB5YWI0C,active_abstain,,0,,1,1,,0.4454073709780567,0.38,0.31790123456790126,fixed_vote,1,2,1,1,2,3.0,0,0,current,,,,
2025-03-27,2025-03-28,5Y,1,platform_current_daily_0629_adapter,1,0.2185249230505948,1,true,D5Y,5Y10,5Y_weekmap_top120_seed_quota_7sig_combo_rolling40_target_0.50_mtd_floor_0.50_causal,TB5YWI0C,active_abstain,,1,,-1,1,,0.2185249230505948,0.395,0.8196969696969697,fixed_vote,3,2,-1,1,2,1.0,1,1,current,,,,
2025-03-28,2025-03-31,5Y,1,platform_current_daily_0629_adapter,0,0.2456850378533001,1,false,D5Y,5Y10,5Y_weekmap_top120_seed_quota_7sig_combo_rolling40_target_0.50_mtd_floor_0.50_causal,TB5YWI0C,active_abstain,,0,,-1,-1,,0.2456850378533001,0.395,0.3988095238095238,fixed_vote,-1,-2,-1,1,2,1.0,0,0,current,,,,
2025-03-31,2025-04-01,5Y,1,platform_current_daily_0629_adapter,1,0.35207532581764184,1,true,D5Y,5Y10,5Y_weekmap_top120_seed_quota_7sig_combo_rolling40_target_0.50_mtd_floor_0.50_causal,TB5YWI0C,active_abstain,,1,,-1,1,,0.35207532581764184,0.41500000000000004,0.7359649122807017,fixed_vote,3,2,-1,1,2,1.0,1,1,current,,,,
2025-04-01,2025-04-02,5Y,1,platform_current_daily_0629_adapter,1,0.40763974688349003,-1,false,D5Y,5Y10,5Y_weekmap_top120_seed_quota_7sig_combo_rolling40_target_0.50_mtd_floor_0.50_causal,TB5YWI0C,active_abstain,,1,,1,1,,0.40763974688349003,0.38,0.6919540229885057,fixed_vote,3,4,1,1,5,6.0,1,1,current,,,,
2025-04-02,2025-04-03,5Y,1,platform_current_daily_0629_adapter,1,0.4896534311910726,-1,false,D5Y,5Y10,5Y_weekmap_top120_seed_quota_7sig_combo_rolling40_target_0.50_mtd_floor_0.50_causal,TB5YWI0C,active_abstain,,1,,1,1,,0.4896534311910726,0.38,1.098587570621469,fixed_vote,5,6,1,1,5,6.0,1,1,current,,,,
2025-04-03,2025-04-07,5Y,1,platform_current_daily_0629_adapter,1,0.4230985657962938,-1,false,D5Y,5Y10,5Y_weekmap_top120_seed_quota_7sig_combo_rolling40_target_0.50_mtd_floor_0.50_causal,TB5YWI0C,active_abstain,,1,,1,1,,0.4230985657962938,0.38,0.9472222222222222,fixed_vote,5,6,1,1,5,6.0,1,1,current,,,,
2025-04-07,2025-04-08,5Y,1,platform_current_daily_0629_adapter,1,0.4230985657962938,1,true,D5Y,5Y10,5Y_weekmap_top120_seed_quota_7sig_combo_rolling40_target_0.50_mtd_floor_0.50_causal,TB5YWI0C,active_abstain,,1,,1,1,,0.4230985657962938,0.38,0.9456284153005464,fixed_vote,5,6,1,1,5,6.0,1,1,current,,,,
2025-04-08,2025-04-09,5Y,1,platform_current_daily_0629_adapter,1,0.4393919570889825,-1,false,D5Y,5Y10,5Y_weekmap_top120_seed_quota_7sig_combo_rolling40_target_0.50_mtd_floor_0.50_causal,TB5YWI0C,active_abstain,,1,,1,1,,0.4393919570889825,0.38,0.8150537634408602,fixed_vote,3,4,1,1,5,6.0,1,1,current,,,,
2025-04-09,2025-04-10,5Y,1,platform_current_daily_0629_adapter,0,0.42531157824898674,-1,false,D5Y,5Y10,5Y_weekmap_top120_seed_quota_7sig_combo_rolling40_target_0.50_mtd_floor_0.50_causal,TB5YWI0C,active_abstain,,0,,1,1,,0.42531157824898674,0.38,0.7653439153439153,fixed_vote,3,4,1,1,5,6.0,1,0,current,,,,
2025-04-10,2025-04-11,5Y,1,platform_current_daily_0629_adapter,1,0.42531157824898674,0,false,D5Y,5Y10,5Y_weekmap_top120_seed_quota_7sig_combo_rolling40_target_0.50_mtd_floor_0.50_causal,TB5YWI0C,active_abstain,,1,,1,1,,0.42531157824898674,0.38,1.1286458333333333,fixed_vote,7,8,1,1,1,2.0,1,1,current,,,,
2025-04-11,2025-04-14,5Y,1,platform_current_daily_0629_adapter,1,0.42508999716534457,1,true,D5Y,5Y10,5Y_weekmap_top120_seed_quota_7sig_combo_rolling40_target_0.50_mtd_floor_0.50_causal,TB5YWI0C,active_abstain,,1,,1,1,,0.42508999716534457,0.38,0.9576923076923077,fixed_vote,5,6,1,1,1,2.0,1,1,current,,,,
2025-04-14,2025-04-15,5Y,1,platform_current_daily_0629_adapter,0,0.42508999716534457,0,true,D5Y,5Y10,5Y_weekmap_top120_seed_quota_7sig_combo_rolling40_target_0.50_mtd_floor_0.50_causal,TB5YWI0C,active_abstain,,0,,1,1,,0.42508999716534457,0.38,0.7540404040404041,fixed_vote,3,4,1,1,1,2.0,1,0,current,,,,
2025-04-15,2025-04-16,5Y,1,platform_current_daily_0629_adapter,1,0.4173166885370993,-1,false,D5Y,5Y10,5Y_weekmap_top120_seed_quota_7sig_combo_rolling40_target_0.50_mtd_floor_0.50_causal,TB5YWI0C,active_abstain,,1,,1,1,,0.4173166885370993,0.38,0.8997512437810945,fixed_vote,5,6,1,1,1,2.0,1,1,short_lowconf_flip_0.030,,,,
2025-04-16,2025-04-17,5Y,1,platform_current_daily_0629_adapter,1,0.4285651708163479,1,true,D5Y,5Y10,5Y_weekmap_top120_seed_quota_7sig_combo_rolling40_target_0.50_mtd_floor_0.50_causal,TB5YWI0C,active_abstain,,1,,1,1,,0.4285651708163479,0.38,0.9897058823529411,fixed_vote,5,6,1,1,5,6.0,1,1,short_lowconf_flip_0.030,,,,
2025-04-17,2025-04-18,5Y,1,platform_current_daily_0629_adapter,0,0.4173166885370993,0,true,D5Y,5Y10,5Y_weekmap_top120_seed_quota_7sig_combo_rolling40_target_0.50_mtd_floor_0.50_causal,TB5YWI0C,active_abstain,,0,,1,1,,0.4173166885370993,0.38,0.6881642512077295,fixed_vote,3,4,1,1,1,2.0,1,0,short_lowconf_flip_0.030,,,,
2025-04-18,2025-04-21,5Y,1,platform_current_daily_0629_adapter,0,0.4173166885370993,1,false,D5Y,5Y10,5Y_weekmap_top120_seed_quota_7sig_combo_rolling40_target_0.50_mtd_floor_0.50_causal,TB5YWI0C,active_abstain,,0,,1,1,,0.4173166885370993,0.38,0.6904761904761905,fixed_vote,3,4,1,1,5,6.0,1,0,short_lowconf_flip_0.030,,,,
2025-04-21,2025-04-22,5Y,1,platform_current_daily_0629_adapter,1,0.4173166885370993,-1,false,D5Y,5Y10,5Y_weekmap_top120_seed_quota_7sig_combo_rolling40_target_0.50_mtd_floor_0.50_causal,TB5YWI0C,active_abstain,,1,,1,1,,0.4173166885370993,0.38,0.9039906103286385,fixed_vote,5,6,1,1,5,6.0,1,1,short_lowconf_flip_0.030,,,,
2025-04-22,2025-04-23,5Y,1,platform_current_daily_0629_adapter,0,0.4285651708163479,1,false,D5Y,5Y10,5Y_weekmap_top120_seed_quota_7sig_combo_rolling40_target_0.50_mtd_floor_0.50_causal,TB5YWI0C,active_abstain,,0,,1,1,,0.4285651708163479,0.38,0.7851851851851852,fixed_vote,3,4,1,1,5,6.0,1,0,short_lowconf_flip_0.030,,,,
2025-04-23,2025-04-24,5Y,1,platform_current_daily_0629_adapter,0,0.42245948610273154,1,false,D5Y,5Y10,5Y_weekmap_top120_seed_quota_7sig_combo_rolling40_target_0.50_mtd_floor_0.50_causal,TB5YWI0C,active_abstain,,0,,1,1,,0.42245948610273154,0.38,0.7267123287671233,fixed_vote,3,4,1,1,1,2.0,1,0,short_lowconf_flip_0.030,,,,
2025-04-24,2025-04-25,5Y,1,platform_current_daily_0629_adapter,0,0.42757397396958313,-1,false,D5Y,5Y10,5Y_weekmap_top120_seed_quota_7sig_combo_rolling40_target_0.50_mtd_floor_0.50_causal,TB5YWI0C,active_abstain,,0,,1,1,,0.42757397396958313,0.38,0.7756756756756756,fixed_vote,3,4,1,1,5,6.0,1,0,short_lowconf_flip_0.030,,,,
2025-04-25,2025-04-28,5Y,1,platform_current_daily_0629_adapter,1,0.41719809863828633,-1,false,D5Y,5Y10,5Y_weekmap_top120_seed_quota_7sig_combo_rolling40_target_0.50_mtd_floor_0.50_causal,TB5YWI0C,active_abstain,,1,,1,1,,0.41719809863828633,0.38,1.0566666666666666,fixed_vote,7,8,1,1,5,6.0,1,1,short_lowconf_flip_0.030,,,,
2025-04-28,2025-04-29,5Y,1,platform_current_daily_0629_adapter,1,0.4178229488522296,-1,false,D5Y,5Y10,5Y_weekmap_top120_seed_quota_7sig_combo_rolling40_target_0.50_mtd_floor_0.50_causal,TB5YWI0C,active_abstain,,1,,1,1,,0.4178229488522296,0.38,0.9135964912280702,fixed_vote,5,6,1,1,5,6.0,1,1,short_lowconf_flip_0.030,,,,
2025-04-29,2025-04-30,5Y,1,platform_current_daily_0629_adapter,1,0.42839409140957385,-1,false,D5Y,5Y10,5Y_weekmap_top120_seed_quota_7sig_combo_rolling40_target_0.50_mtd_floor_0.50_causal,TB5YWI0C,active_abstain,,1,,1,1,,0.42839409140957385,0.38,0.9971861471861472,fixed_vote,5,6,1,1,5,6.0,1,1,short_lowconf_flip_0.030,,,,
2025-04-30,2025-05-06,5Y,1,platform_current_daily_0629_adapter,-1,0.39609582049755987,0,false,D5Y,5Y10,5Y_weekmap_top120_seed_quota_7sig_combo_rolling40_target_0.50_mtd_floor_0.50_causal,TB5YWI0C,active_abstain,,-1,,1,1,,0.39609582049755987,0.39,0.8136752136752137,fixed_vote,5,6,1,1,5,6.0,1,1,short_lowconf_flip_0.030,,,,
2025-05-06,2025-05-07,5Y,1,platform_current_daily_0629_adapter,-1,0.4176974432944971,0,false,D5Y,5Y10,5Y_weekmap_top120_seed_quota_7sig_combo_rolling40_target_0.50_mtd_floor_0.50_causal,TB5YWI0C,active_abstain,,-1,,-1,1,,0.4176974432944971,0.435,0.7234177215189873,fixed_vote,5,4,-1,1,5,4.0,1,1,short_lowconf_flip_0.030,,,,
2025-05-07,2025-05-08,5Y,1,platform_current_daily_0629_adapter,0,0.4250319850367072,-1,false,D5Y,5Y10,5Y_weekmap_top120_seed_quota_7sig_combo_rolling40_target_0.50_mtd_floor_0.50_causal,TB5YWI0C,active_abstain,,0,,-1,1,,0.4250319850367072,0.435,0.5145833333333333,fixed_vote,3,2,-1,1,5,4.0,1,0,short_lowconf_flip_0.030,,,,
2025-05-08,2025-05-09,5Y,1,platform_current_daily_0629_adapter,-1,0.44984894027207306,-1,true,D5Y,5Y10,5Y_weekmap_top120_seed_quota_7sig_combo_rolling40_target_0.50_mtd_floor_0.50_causal,TB5YWI0C,active_abstain,,-1,,1,1,,0.44984894027207306,0.435,0.8314814814814815,fixed_vote,5,6,1,1,1,2.0,1,1,short_lowconf_flip_0.030,,,,
2025-05-09,2025-05-12,5Y,1,platform_current_daily_0629_adapter,-1,0.4197869615767245,1,false,D5Y,5Y10,5Y_weekmap_top120_seed_quota_7sig_combo_rolling40_target_0.50_mtd_floor_0.50_causal,TB5YWI0C,active_abstain,,-1,,1,1,,0.4197869615767245,0.41500000000000004,0.8134146341463414,fixed_vote,5,6,1,1,3,4.0,1,1,short_lowconf_flip_0.030,,,,
2025-05-12,2025-05-13,5Y,1,platform_current_daily_0629_adapter,0,0.4346345919181676,-1,false,D5Y,5Y10,5Y_weekmap_top120_seed_quota_7sig_combo_rolling40_target_0.50_mtd_floor_0.50_causal,TB5YWI0C,active_abstain,,0,,1,1,,0.4346345919181676,0.41500000000000004,0.633132530120482,fixed_vote,3,4,1,1,1,2.0,1,0,short_lowconf_flip_0.030,,,,
2025-05-13,2025-05-14,5Y,1,platform_current_daily_0629_adapter,0,0.423170131171714,1,false,D5Y,5Y10,5Y_weekmap_top120_seed_quota_7sig_combo_rolling40_target_0.50_mtd_floor_0.50_causal,TB5YWI0C,active_abstain,,0,,-1,1,,0.423170131171714,0.435,0.5206349206349207,fixed_vote,3,2,-1,1,1,0.0,1,0,short_lowconf_flip_0.030,,,,
2025-05-14,2025-05-15,5Y,1,platform_current_daily_0629_adapter,-1,0.428384735568202,1,false,D5Y,5Y10,5Y_weekmap_top120_seed_quota_7sig_combo_rolling40_target_0.50_mtd_floor_0.50_causal,TB5YWI0C,active_abstain,,-1,,-1,1,,0.428384735568202,0.44,0.06470588235294117,fixed_vote,1,0,-1,1,1,0.0,0,1,short_lowconf_flip_0.030,,,,
2025-05-15,2025-05-16,5Y,1,platform_current_daily_0629_adapter,0,0.4379549360318533,1,false,D5Y,5Y10,5Y_weekmap_top120_seed_quota_7sig_combo_rolling40_target_0.50_mtd_floor_0.50_causal,TB5YWI0C,active_abstain,,0,,-1,-1,,0.4379549360318533,0.44,0.06976744186046512,fixed_vote,-1,-2,-1,-1,-1,-2.0,0,0,short_lowconf_flip_0.030,,,,
2025-05-16,2025-05-19,5Y,1,platform_current_daily_0629_adapter,-1,0.44279291653812775,-1,true,D5Y,5Y10,5Y_weekmap_top120_seed_quota_7sig_combo_rolling40_target_0.50_mtd_floor_0.50_causal,TB5YWI0C,active_abstain,,-1,,-1,1,,0.44279291653812775,0.445,0.7024904214559387,fixed_vote,5,4,-1,-1,-1,-2.0,1,1,short_lowconf_flip_0.030,,,,
2025-05-19,2025-05-20,5Y,1,platform_current_daily_0629_adapter,0,0.44279291653812775,1,false,D5Y,5Y10,5Y_weekmap_top120_seed_quota_7sig_combo_rolling40_target_0.50_mtd_floor_0.50_causal,TB5YWI0C,active_abstain,,0,,-1,1,,0.44279291653812775,0.445,0.7041666666666666,fixed_vote,5,4,-1,-1,-1,-2.0,1,0,short_lowconf_flip_0.030,,,,
2025-05-20,2025-05-21,5Y,1,platform_current_daily_0629_adapter,-1,0.4376398915016207,-1,true,D5Y,5Y10,5Y_weekmap_top120_seed_quota_7sig_combo_rolling40_target_0.50_mtd_floor_0.50_causal,TB5YWI0C,active_abstain,,-1,,-1,1,,0.4376398915016207,0.45,0.7507490636704119,fixed_vote,5,4,-1,-1,-1,-2.0,1,1,short_lowconf_flip_0.030,,,,
2025-05-21,2025-05-22,5Y,1,platform_current_daily_0629_adapter,0,0.4428700192984809,-1,false,D5Y,5Y10,5Y_weekmap_top120_seed_quota_7sig_combo_rolling40_target_0.50_mtd_floor_0.50_causal,TB5YWI0C,active_abstain,,0,,-1,1,,0.4428700192984809,0.455,0.08518518518518518,fixed_vote,1,0,-1,-1,-1,-2.0,0,0,short_lowconf_flip_0.030,,,,
2025-05-22,2025-05-23,5Y,1,platform_current_daily_0629_adapter,-1,0.45299283625773534,-1,true,D5Y,5Y10,5Y_weekmap_top120_seed_quota_7sig_combo_rolling40_target_0.50_mtd_floor_0.50_causal,TB5YWI0C,active_abstain,,-1,,-1,1,,0.45299283625773534,0.455,0.49835164835164836,fixed_vote,3,2,-1,1,1,0.0,1,1,short_lowconf_flip_0.030,,,,
2025-05-23,2025-05-26,5Y,1,platform_current_daily_0629_adapter,0,0.4452869464737716,0,true,D5Y,5Y10,5Y_weekmap_top120_seed_quota_7sig_combo_rolling40_target_0.50_mtd_floor_0.50_causal,TB5YWI0C,active_abstain,,0,,-1,1,,0.4452869464737716,0.455,0.5438405797101449,fixed_vote,3,2,-1,1,1,0.0,1,0,short_lowconf_flip_0.030,,,,
2025-05-26,2025-05-27,5Y,1,platform_current_daily_0629_adapter,-1,0.45277867111880954,1,false,D5Y,5Y10,5Y_weekmap_top120_seed_quota_7sig_combo_rolling40_target_0.50_mtd_floor_0.50_causal,TB5YWI0C,active_abstain,,-1,,-1,1,,0.45277867111880954,0.455,0.7227598566308243,fixed_vote,5,4,-1,1,1,0.0,1,1,short_lowconf_flip_0.030,,,,
2025-05-27,2025-05-28,5Y,1,platform_current_daily_0629_adapter,0,0.45277867111880954,1,false,D5Y,5Y10,5Y_weekmap_top120_seed_quota_7sig_combo_rolling40_target_0.50_mtd_floor_0.50_causal,TB5YWI0C,active_abstain,,0,,-1,1,,0.45277867111880954,0.455,0.5166666666666666,fixed_vote,3,2,-1,1,5,4.0,1,0,short_lowconf_flip_0.030,,,,
2025-05-28,2025-05-29,5Y,1,platform_current_daily_0629_adapter,-1,0.4429240202728292,1,false,D5Y,5Y10,5Y_weekmap_top120_seed_quota_7sig_combo_rolling40_target_0.50_mtd_floor_0.50_causal,TB5YWI0C,active_abstain,,-1,,-1,1,,0.4429240202728292,0.455,0.5657894736842105,fixed_vote,3,2,-1,1,1,0.0,1,1,short_lowconf_flip_0.030,,,,
2025-05-29,2025-05-30,5Y,1,platform_current_daily_0629_adapter,0,0.4429240202728292,-1,false,D5Y,5Y10,5Y_weekmap_top120_seed_quota_7sig_combo_rolling40_target_0.50_mtd_floor_0.50_causal,TB5YWI0C,active_abstain,,0,,-1,1,,0.4429240202728292,0.455,0.7788194444444444,fixed_vote,5,4,-1,1,3,2.0,1,0,short_lowconf_flip_0.030,,,,
2025-05-30,2025-06-03,5Y,1,platform_current_daily_0629_adapter,-1,0.442555076725548,1,false,D5Y,5Y10,5Y_weekmap_top120_seed_quota_7sig_combo_rolling40_target_0.50_mtd_floor_0.50_causal,TB5YWI0C,active_abstain,,-1,,-1,1,,0.442555076725548,0.455,0.984020618556701,fixed_vote,7,6,-1,1,1,0.0,1,1,short_lowconf_flip_0.030,,,,
2025-06-03,2025-06-04,5Y,1,platform_current_daily_0629_adapter,1,0.45810215977265323,-1,false,D5Y,5Y10,5Y_weekmap_top120_seed_quota_7sig_combo_rolling40_target_0.50_mtd_floor_0.50_causal,TB5YWI0C,active_abstain,,1,,-1,1,,0.45810215977265323,0.46,0.7105442176870749,fixed_vote,5,4,-1,1,1,0.0,1,1,current,,,,
2025-06-04,2025-06-05,5Y,1,platform_current_daily_0629_adapter,0,0.442555076725548,-1,false,D5Y,5Y10,5Y_weekmap_top120_seed_quota_7sig_combo_rolling40_target_0.50_mtd_floor_0.50_causal,TB5YWI0C,active_abstain,,0,,-1,1,,0.442555076725548,0.455,0.5789562289562289,fixed_vote,3,2,-1,1,1,0.0,1,0,current,,,,
2025-06-05,2025-06-06,5Y,1,platform_current_daily_0629_adapter,1,0.4478199283411409,-1,false,D5Y,5Y10,5Y_weekmap_top120_seed_quota_7sig_combo_rolling40_target_0.50_mtd_floor_0.50_causal,TB5YWI0C,active_abstain,,1,,-1,1,,0.4478199283411409,0.46,0.9816666666666667,fixed_vote,7,6,-1,1,1,0.0,1,1,current,,,,
2025-06-06,2025-06-09,5Y,1,platform_current_daily_0629_adapter,0,0.46303917424678903,1,false,D5Y,5Y10,5Y_weekmap_top120_seed_quota_7sig_combo_rolling40_target_0.50_mtd_floor_0.50_causal,TB5YWI0C,active_abstain,,0,,-1,1,,0.46303917424678903,0.465,0.5034653465346535,fixed_vote,3,2,-1,1,1,0.0,1,0,short_lowconf_flip_0.030,,,,
2025-06-09,2025-06-10,5Y,1,platform_current_daily_0629_adapter,-1,0.46147985213471693,1,false,D5Y,5Y10,5Y_weekmap_top120_seed_quota_7sig_combo_rolling40_target_0.50_mtd_floor_0.50_causal,TB5YWI0C,active_abstain,,-1,,-1,-1,,0.46147985213471693,0.465,0.10620915032679738,fixed_vote,-1,-2,-1,1,1,0.0,0,-1,short_lowconf_flip_0.030,,,,
2025-06-10,2025-06-11,5Y,1,platform_current_daily_0629_adapter,0,0.4688350005848293,-1,false,D5Y,5Y10,5Y_weekmap_top120_seed_quota_7sig_combo_rolling40_target_0.50_mtd_floor_0.50_causal,TB5YWI0C,active_abstain,,0,,1,1,,0.4688350005848293,0.465,0.1116504854368932,fixed_vote,1,2,1,1,1,2.0,0,0,short_lowconf_flip_0.030,,,,
2025-06-11,2025-06-12,5Y,1,platform_current_daily_0629_adapter,-1,0.46301404769772025,1,false,D5Y,5Y10,5Y_weekmap_top120_seed_quota_7sig_combo_rolling40_target_0.50_mtd_floor_0.50_causal,TB5YWI0C,active_abstain,,-1,,-1,1,,0.46301404769772025,0.465,0.5150641025641025,fixed_vote,3,2,-1,-1,-1,-2.0,1,1,short_lowconf_flip_0.030,,,,
2025-06-12,2025-06-13,5Y,1,platform_current_daily_0629_adapter,0,0.45069798071257344,-1,false,D5Y,5Y10,5Y_weekmap_top120_seed_quota_7sig_combo_rolling40_target_0.50_mtd_floor_0.50_causal,TB5YWI0C,active_abstain,,0,,-1,1,,0.45069798071257344,0.46,0.5706349206349206,fixed_vote,3,2,-1,-1,-1,-2.0,1,0,current,,,,
2025-06-13,2025-06-16,5Y,1,platform_current_daily_0629_adapter,1,0.3904413860552156,-1,false,D5Y,5Y10,5Y_weekmap_top120_seed_quota_7sig_combo_rolling40_target_0.50_mtd_floor_0.50_causal,TB5YWI0C,active_abstain,,1,,-1,1,,0.3904413860552156,0.48,0.32389937106918243,fixed_vote,1,0,-1,1,1,0.0,0,1,current,,,,
2025-06-16,2025-06-17,5Y,1,platform_current_daily_0629_adapter,1,0.4919914680009228,-1,false,D5Y,5Y10,5Y_weekmap_top120_seed_quota_7sig_combo_rolling40_target_0.50_mtd_floor_0.50_causal,TB5YWI0C,active_abstain,,1,,1,1,,0.4919914680009228,0.455,0.7674454828660435,fixed_vote,3,4,1,1,1,2.0,1,1,current,,,,
2025-06-17,2025-06-18,5Y,1,platform_current_daily_0629_adapter,0,0.4637714047767251,1,false,D5Y,5Y10,5Y_weekmap_top120_seed_quota_7sig_combo_rolling40_target_0.50_mtd_floor_0.50_causal,TB5YWI0C,active_abstain,,0,,-1,1,,0.4637714047767251,0.465,0.037037037037037035,fixed_vote,1,0,-1,1,1,0.0,0,0,current,,,,
2025-06-18,2025-06-19,5Y,1,platform_current_daily_0629_adapter,0,0.45033604386513637,1,false,D5Y,5Y10,5Y_weekmap_top120_seed_quota_7sig_combo_rolling40_target_0.50_mtd_floor_0.50_causal,TB5YWI0C,active_abstain,,0,,-1,1,,0.45033604386513637,0.455,0.08562691131498472,fixed_vote,1,0,-1,1,1,0.0,0,0,current,,,,
2025-06-19,2025-06-20,5Y,1,platform_current_daily_0629_adapter,1,0.46175228587812217,1,true,D5Y,5Y10,5Y_weekmap_top120_seed_quota_7sig_combo_rolling40_target_0.50_mtd_floor_0.50_causal,TB5YWI0C,active_abstain,,1,,1,1,,0.46175228587812217,0.445,0.20303030303030303,fixed_vote,1,2,1,1,-1,0.0,0,1,current,,,,
2025-06-20,2025-06-23,5Y,1,platform_current_daily_0629_adapter,0,0.46134770313308765,1,false,D5Y,5Y10,5Y_weekmap_top120_seed_quota_7sig_combo_rolling40_target_0.50_mtd_floor_0.50_causal,TB5YWI0C,active_abstain,,0,,1,1,,0.46134770313308765,0.42,0.29129129129129133,fixed_vote,1,2,1,1,1,2.0,0,0,current,,,,
2025-06-23,2025-06-24,5Y,1,platform_current_daily_0629_adapter,1,0.46354367820258835,1,true,D5Y,5Y10,5Y_weekmap_top120_seed_quota_7sig_combo_rolling40_target_0.50_mtd_floor_0.50_causal,TB5YWI0C,active_abstain,,1,,1,1,,0.46354367820258835,0.38,0.918452380952381,fixed_vote,3,4,1,1,1,2.0,1,1,current,,,,
2025-06-24,2025-06-25,5Y,1,platform_current_daily_0629_adapter,1,0.4934527110195051,1,true,D5Y,5Y10,5Y_weekmap_top120_seed_quota_7sig_combo_rolling40_target_0.50_mtd_floor_0.50_causal,TB5YWI0C,active_abstain,,1,,1,1,,0.4934527110195051,0.395,0.9281710914454276,fixed_vote,3,4,1,1,-1,0.0,1,1,current,,,,
2025-06-25,2025-06-26,5Y,1,platform_current_daily_0629_adapter,0,0.36887797473483386,-1,false,D5Y,5Y10,5Y_weekmap_top120_seed_quota_7sig_combo_rolling40_target_0.50_mtd_floor_0.50_causal,TB5YWI0C,active_abstain,,0,,-1,1,,0.36887797473483386,0.455,0.3304093567251462,fixed_vote,1,0,-1,-1,-3,-4.0,0,0,current,,,,
2025-06-26,2025-06-27,5Y,1,platform_current_daily_0629_adapter,0,0.5325407708768569,0,true,D5Y,5Y10,5Y_weekmap_top120_seed_quota_7sig_combo_rolling40_target_0.50_mtd_floor_0.50_causal,TB5YWI0C,active_abstain,,0,,1,1,,0.5325407708768569,0.485,0.32318840579710145,fixed_vote,1,2,1,1,-1,0.0,0,0,current,,,,
2025-06-27,2025-06-30,5Y,1,platform_current_daily_0629_adapter,1,0.552608619480536,1,true,D5Y,5Y10,5Y_weekmap_top120_seed_quota_7sig_combo_rolling40_target_0.50_mtd_floor_0.50_causal,TB5YWI0C,active_abstain,,1,,1,1,,0.552608619480536,0.485,0.9074712643678161,fixed_vote,3,4,1,-1,-3,-2.0,1,1,current,,,,
2025-06-30,2025-07-01,5Y,1,platform_current_daily_0629_adapter,0,0.5019318943745549,-1,false,D5Y,5Y10,5Y_weekmap_top120_seed_quota_7sig_combo_rolling40_target_0.50_mtd_floor_0.50_causal,TB5YWI0C,active_abstain,,0,,1,1,,0.5019318943745549,0.485,0.15242165242165243,fixed_vote,-1,0,1,-1,-3,-2.0,0,0,current,,,,
2025-07-01,2025-07-02,5Y,1,platform_current_daily_0629_adapter,1,0.5238714890238658,-1,false,D5Y,5Y10,5Y_weekmap_top120_seed_quota_7sig_combo_rolling40_target_0.50_mtd_floor_0.50_causal,TB5YWI0C,active_abstain,,1,,1,1,,0.5238714890238658,0.485,0.2740112994350282,fixed_vote,1,2,1,1,3,4.0,0,1,current,,,,
2025-07-02,2025-07-03,5Y,1,platform_current_daily_0629_adapter,1,0.515239632467002,-1,false,D5Y,5Y10,5Y_weekmap_top120_seed_quota_7sig_combo_rolling40_target_0.50_mtd_floor_0.50_causal,TB5YWI0C,active_abstain,,1,,1,1,,0.515239632467002,0.49,0.7701680672268907,fixed_vote,3,4,1,1,3,4.0,1,1,current,,,,
2025-07-03,2025-07-04,5Y,1,platform_current_daily_0629_adapter,0,0.46113388804865274,-1,false,D5Y,5Y10,5Y_weekmap_top120_seed_quota_7sig_combo_rolling40_target_0.50_mtd_floor_0.50_causal,TB5YWI0C,active_abstain,,0,,1,1,,0.46113388804865274,0.405,0.3083333333333333,fixed_vote,-1,0,1,1,1,2.0,0,0,current,,,,
2025-07-04,2025-07-07,5Y,1,platform_current_daily_0629_adapter,0,0.4762235528251394,1,false,D5Y,5Y10,5Y_weekmap_top120_seed_quota_7sig_combo_rolling40_target_0.50_mtd_floor_0.50_causal,TB5YWI0C,active_abstain,,0,,1,1,,0.4762235528251394,0.435,0.23966942148760328,fixed_vote,-1,0,1,1,1,2.0,0,0,current,,,,
2025-07-07,2025-07-08,5Y,1,platform_current_daily_0629_adapter,1,0.31493023194256603,1,true,D5Y,5Y10,5Y_weekmap_top120_seed_quota_7sig_combo_rolling40_target_0.50_mtd_floor_0.50_causal,TB5YWI0C,active_abstain,,1,,-1,1,,0.31493023194256603,0.395,0.8363387978142076,fixed_vote,3,2,-1,1,1,0.0,1,1,current,,,,
2025-07-08,2025-07-09,5Y,1,platform_current_daily_0629_adapter,1,0.4044828557002629,1,true,D5Y,5Y10,5Y_weekmap_top120_seed_quota_7sig_combo_rolling40_target_0.50_mtd_floor_0.50_causal,TB5YWI0C,active_abstain,,1,,-1,1,,0.4044828557002629,0.41500000000000004,0.6182926829268293,fixed_vote,3,2,-1,1,1,0.0,1,1,current,,,,
2025-07-09,2025-07-10,5Y,1,platform_current_daily_0629_adapter,1,0.4257493004744417,1,true,D5Y,5Y10,5Y_weekmap_top120_seed_quota_7sig_combo_rolling40_target_0.50_mtd_floor_0.50_causal,TB5YWI0C,active_abstain,,1,,-1,1,,0.4257493004744417,0.43,0.7948924731182796,fixed_vote,5,4,-1,-1,-1,-2.0,1,1,current,,,,
2025-07-10,2025-07-11,5Y,1,platform_current_daily_0629_adapter,0,0.43296373394664095,1,false,D5Y,5Y10,5Y_weekmap_top120_seed_quota_7sig_combo_rolling40_target_0.50_mtd_floor_0.50_causal,TB5YWI0C,active_abstain,,0,,-1,1,,0.43296373394664095,0.435,0.566,fixed_vote,3,2,-1,-1,-1,-2.0,1,0,current,,,,
2025-07-11,2025-07-14,5Y,1,platform_current_daily_0629_adapter,0,0.46047280440883204,1,false,D5Y,5Y10,5Y_weekmap_top120_seed_quota_7sig_combo_rolling40_target_0.50_mtd_floor_0.50_causal,TB5YWI0C,active_abstain,,0,,1,1,,0.46047280440883204,0.38,0.39814814814814814,fixed_vote,1,2,1,1,-1,0.0,0,0,current,,,,
2025-07-14,2025-07-15,5Y,1,platform_current_daily_0629_adapter,0,0.4566986577492518,-1,false,D5Y,5Y10,5Y_weekmap_top120_seed_quota_7sig_combo_rolling40_target_0.50_mtd_floor_0.50_causal,TB5YWI0C,active_abstain,,0,,-1,1,,0.4566986577492518,0.46,0.0853018372703412,fixed_vote,1,0,-1,-1,-1,-2.0,0,0,current,,,,
2025-07-15,2025-07-16,5Y,1,platform_current_daily_0629_adapter,1,0.4593606636054695,1,true,D5Y,5Y10,5Y_weekmap_top120_seed_quota_7sig_combo_rolling40_target_0.50_mtd_floor_0.50_causal,TB5YWI0C,active_abstain,,1,,1,1,,0.4593606636054695,0.44,0.9736979166666666,fixed_vote,5,6,1,1,-1,0.0,1,1,current,,,,
2025-07-16,2025-07-17,5Y,1,platform_current_daily_0629_adapter,1,0.46434059010331513,1,true,D5Y,5Y10,5Y_weekmap_top120_seed_quota_7sig_combo_rolling40_target_0.50_mtd_floor_0.50_causal,TB5YWI0C,active_abstain,,1,,1,1,,0.46434059010331513,0.46,0.701421188630491,fixed_vote,3,4,1,1,-1,0.0,1,1,current,,,,
2025-07-17,2025-07-18,5Y,1,platform_current_daily_0629_adapter,0,0.4814587220335162,-1,false,D5Y,5Y10,5Y_weekmap_top120_seed_quota_7sig_combo_rolling40_target_0.50_mtd_floor_0.50_causal,TB5YWI0C,active_abstain,,0,,1,1,,0.4814587220335162,0.47,0.1294871794871795,fixed_vote,-1,0,1,1,-1,0.0,0,0,current,,,,
2025-07-18,2025-07-21,5Y,1,platform_current_daily_0629_adapter,0,0.44351121105462815,1,false,D5Y,5Y10,5Y_weekmap_top120_seed_quota_7sig_combo_rolling40_target_0.50_mtd_floor_0.50_causal,TB5YWI0C,active_abstain,,0,,-1,1,,0.44351121105462815,0.445,0.059796437659033086,fixed_vote,1,0,-1,1,1,0.0,0,0,current,,,,
2025-07-21,2025-07-22,5Y,1,platform_current_daily_0629_adapter,1,0.41007285981012254,1,true,D5Y,5Y10,5Y_weekmap_top120_seed_quota_7sig_combo_rolling40_target_0.50_mtd_floor_0.50_causal,TB5YWI0C,active_abstain,,1,,-1,1,,0.41007285981012254,0.43,0.18813131313131312,fixed_vote,1,0,-1,-1,-1,-2.0,0,1,current,,,,
2025-07-22,2025-07-23,5Y,1,platform_current_daily_0629_adapter,0,0.45791375998587597,1,false,D5Y,5Y10,5Y_weekmap_top120_seed_quota_7sig_combo_rolling40_target_0.50_mtd_floor_0.50_causal,TB5YWI0C,active_abstain,,0,,1,1,,0.45791375998587597,0.38,0.40726817042606517,fixed_vote,1,2,1,1,-1,0.0,0,0,current,,,,
2025-07-23,2025-07-24,5Y,1,platform_current_daily_0629_adapter,1,0.4530650027960772,1,true,D5Y,5Y10,5Y_weekmap_top120_seed_quota_7sig_combo_rolling40_target_0.50_mtd_floor_0.50_causal,TB5YWI0C,active_abstain,,1,,1,1,,0.4530650027960772,0.38,0.39676616915422885,fixed_vote,1,2,1,1,-1,0.0,0,1,current,,,,
2025-07-24,2025-07-25,5Y,1,platform_current_daily_0629_adapter,1,0.4530650027960772,-1,false,D5Y,5Y10,5Y_weekmap_top120_seed_quota_7sig_combo_rolling40_target_0.50_mtd_floor_0.50_causal,TB5YWI0C,active_abstain,,1,,1,1,,0.4530650027960772,0.38,0.941358024691358,fixed_vote,3,4,1,-1,-5,-4.0,1,1,current,,,,
2025-07-25,2025-07-28,5Y,1,platform_current_daily_0629_adapter,1,0.44784721471075856,-1,false,D5Y,5Y10,5Y_weekmap_top120_seed_quota_7sig_combo_rolling40_target_0.50_mtd_floor_0.50_causal,TB5YWI0C,active_abstain,,1,,1,1,,0.44784721471075856,0.38,0.9382352941176471,fixed_vote,3,4,1,-1,-3,-2.0,1,1,current,,,,
2025-07-28,2025-07-29,5Y,1,platform_current_daily_0629_adapter,1,0.4476275482746413,1,true,D5Y,5Y10,5Y_weekmap_top120_seed_quota_7sig_combo_rolling40_target_0.50_mtd_floor_0.50_causal,TB5YWI0C,active_abstain,,1,,1,1,,0.4476275482746413,0.38,0.9363746958637469,fixed_vote,3,4,1,-1,-5,-4.0,1,1,current,,,,
2025-07-29,2025-07-30,5Y,1,platform_current_daily_0629_adapter,-1,0.44321016444822614,-1,true,D5Y,5Y10,5Y_weekmap_top120_seed_quota_7sig_combo_rolling40_target_0.50_mtd_floor_0.50_causal,TB5YWI0C,active_abstain,,-1,,1,1,,0.44321016444822614,0.38,0.7328502415458937,fixed_vote,1,2,1,-1,-5,-4.0,-1,-1,current,,,,
2025-07-30,2025-07-31,5Y,1,platform_current_daily_0629_adapter,-1,0.45639778867983793,-1,true,D5Y,5Y10,5Y_weekmap_top120_seed_quota_7sig_combo_rolling40_target_0.50_mtd_floor_0.50_causal,TB5YWI0C,active_abstain,,-1,,1,1,,0.45639778867983793,0.38,0.7540767386091127,fixed_vote,1,2,1,-1,-5,-4.0,-1,-1,current,,,,
2025-07-31,2025-08-01,5Y,1,platform_current_daily_0629_adapter,1,0.4612416823666186,-1,false,D5Y,5Y10,5Y_weekmap_top120_seed_quota_7sig_combo_rolling40_target_0.50_mtd_floor_0.50_causal,TB5YWI0C,active_abstain,,1,,1,1,,0.4612416823666186,0.38,0.9666666666666667,fixed_vote,3,4,1,-1,-5,-4.0,1,1,current,,,,
2025-08-01,2025-08-04,5Y,1,platform_current_daily_0629_adapter,-1,0.4749203196768804,1,false,D5Y,5Y10,5Y_weekmap_top120_seed_quota_7sig_combo_rolling40_target_0.50_mtd_floor_0.50_causal,TB5YWI0C,active_abstain,,-1,,1,1,,0.4749203196768804,0.44,0.6230496453900709,fixed_vote,1,2,1,-1,-5,-4.0,-1,-1,current,,,,
2025-08-04,2025-08-05,5Y,1,platform_current_daily_0629_adapter,-1,0.4571974246528123,-1,true,D5Y,5Y10,5Y_weekmap_top120_seed_quota_7sig_combo_rolling40_target_0.50_mtd_floor_0.50_causal,TB5YWI0C,active_abstain,,-1,,1,1,,0.4571974246528123,0.38,0.7596244131455399,fixed_vote,1,2,1,-1,-5,-4.0,-1,-1,current,,,,
2025-08-05,2025-08-06,5Y,1,platform_current_daily_0629_adapter,-1,0.4577984508828215,-1,true,D5Y,5Y10,5Y_weekmap_top120_seed_quota_7sig_combo_rolling40_target_0.50_mtd_floor_0.50_causal,TB5YWI0C,active_abstain,,-1,,1,1,,0.4577984508828215,0.38,0.7614219114219114,fixed_vote,1,2,1,-1,-5,-4.0,-1,-1,current,,,,
2025-08-06,2025-08-07,5Y,1,platform_current_daily_0629_adapter,-1,0.4505855564422121,-1,true,D5Y,5Y10,5Y_weekmap_top120_seed_quota_7sig_combo_rolling40_target_0.50_mtd_floor_0.50_causal,TB5YWI0C,active_abstain,,-1,,1,1,,0.4505855564422121,0.38,0.742361111111111,fixed_vote,1,2,1,-1,-5,-4.0,-1,-1,current,,,,
2025-08-07,2025-08-08,5Y,1,platform_current_daily_0629_adapter,1,0.45298665417732187,-1,false,D5Y,5Y10,5Y_weekmap_top120_seed_quota_7sig_combo_rolling40_target_0.50_mtd_floor_0.50_causal,TB5YWI0C,active_abstain,,1,,-1,1,,0.45298665417732187,0.46,0.6396551724137931,fixed_vote,3,2,-1,-1,-3,-4.0,1,1,current,,,,
2025-08-08,2025-08-11,5Y,1,platform_current_daily_0629_adapter,0,0.45298665417732187,1,false,D5Y,5Y10,5Y_weekmap_top120_seed_quota_7sig_combo_rolling40_target_0.50_mtd_floor_0.50_causal,TB5YWI0C,active_abstain,,0,,-1,1,,0.45298665417732187,0.46,0.12328767123287672,fixed_vote,1,0,-1,-1,-1,-2.0,0,0,current,,,,
2025-08-11,2025-08-12,5Y,1,platform_current_daily_0629_adapter,-1,0.44779026139348294,1,false,D5Y,5Y10,5Y_weekmap_top120_seed_quota_7sig_combo_rolling40_target_0.50_mtd_floor_0.50_causal,TB5YWI0C,active_abstain,,-1,,-1,1,,0.44779026139348294,0.455,0.47811791383219954,fixed_vote,1,0,-1,-1,-5,-6.0,-1,-1,current,,,,
2025-08-12,2025-08-13,5Y,1,platform_current_daily_0629_adapter,-1,0.44779026139348294,-1,true,D5Y,5Y10,5Y_weekmap_top120_seed_quota_7sig_combo_rolling40_target_0.50_mtd_floor_0.50_causal,TB5YWI0C,active_abstain,,-1,,-1,1,,0.44779026139348294,0.455,0.4806306306306306,fixed_vote,1,0,-1,-1,-5,-6.0,-1,-1,current,,,,
2025-08-13,2025-08-14,5Y,1,platform_current_daily_0629_adapter,1,0.44779026139348294,1,true,D5Y,5Y10,5Y_weekmap_top120_seed_quota_7sig_combo_rolling40_target_0.50_mtd_floor_0.50_causal,TB5YWI0C,active_abstain,,1,,-1,1,,0.44779026139348294,0.455,0.6542505592841164,fixed_vote,3,2,-1,-1,-5,-6.0,1,1,current,,,,
2025-08-14,2025-08-15,5Y,1,platform_current_daily_0629_adapter,1,0.4526875877172704,1,true,D5Y,5Y10,5Y_weekmap_top120_seed_quota_7sig_combo_rolling40_target_0.50_mtd_floor_0.50_causal,TB5YWI0C,active_abstain,,1,,-1,1,,0.4526875877172704,0.455,0.6188888888888888,fixed_vote,3,2,-1,-1,-5,-6.0,1,1,current,,,,
2025-08-15,2025-08-18,5Y,1,platform_current_daily_0629_adapter,-1,0.44779026139348294,1,false,D5Y,5Y10,5Y_weekmap_top120_seed_quota_7sig_combo_rolling40_target_0.50_mtd_floor_0.50_causal,TB5YWI0C,active_abstain,,-1,,-1,1,,0.44779026139348294,0.455,0.4846578366445916,fixed_vote,1,0,-1,-1,-5,-6.0,-1,-1,current,,,,
2025-08-18,2025-08-19,5Y,1,platform_current_daily_0629_adapter,-1,0.4526875877172704,-1,true,D5Y,5Y10,5Y_weekmap_top120_seed_quota_7sig_combo_rolling40_target_0.50_mtd_floor_0.50_causal,TB5YWI0C,active_abstain,,-1,,1,1,,0.4526875877172704,0.38,0.7578947368421053,fixed_vote,1,2,1,-1,-5,-4.0,-1,-1,current,,,,
2025-08-19,2025-08-20,5Y,1,platform_current_daily_0629_adapter,1,0.4526875877172704,1,true,D5Y,5Y10,5Y_weekmap_top120_seed_quota_7sig_combo_rolling40_target_0.50_mtd_floor_0.50_causal,TB5YWI0C,active_abstain,,1,,1,1,,0.4526875877172704,0.38,0.9643790849673203,fixed_vote,3,4,1,-1,-5,-4.0,1,1,current,,,,
2025-08-20,2025-08-21,5Y,1,platform_current_daily_0629_adapter,1,0.45281333503860016,-1,false,D5Y,5Y10,5Y_weekmap_top120_seed_quota_7sig_combo_rolling40_target_0.50_mtd_floor_0.50_causal,TB5YWI0C,active_abstain,,1,,1,1,,0.45281333503860016,0.38,0.9658008658008658,fixed_vote,3,4,1,-1,-5,-4.0,1,1,current,,,,
2025-08-21,2025-08-22,5Y,1,platform_current_daily_0629_adapter,0,0.46637970464379347,1,false,D5Y,5Y10,5Y_weekmap_top120_seed_quota_7sig_combo_rolling40_target_0.50_mtd_floor_0.50_causal,TB5YWI0C,active_abstain,,0,,1,1,,0.46637970464379347,0.46,0.12473118279569893,fixed_vote,-1,0,1,-1,-5,-4.0,0,0,current,,,,
2025-08-22,2025-08-25,5Y,1,platform_current_daily_0629_adapter,0,0.471223415273424,-1,false,D5Y,5Y10,5Y_weekmap_top120_seed_quota_7sig_combo_rolling40_target_0.50_mtd_floor_0.50_causal,TB5YWI0C,active_abstain,,0,,1,1,,0.471223415273424,0.465,0.19764957264957264,fixed_vote,1,2,1,-1,-5,-4.0,0,0,current,,,,
2025-08-25,2025-08-26,5Y,1,platform_current_daily_0629_adapter,0,0.471223415273424,-1,false,D5Y,5Y10,5Y_weekmap_top120_seed_quota_7sig_combo_rolling40_target_0.50_mtd_floor_0.50_causal,TB5YWI0C,active_abstain,,0,,1,1,,0.471223415273424,0.465,0.12738853503184713,fixed_vote,-1,0,1,-1,-5,-4.0,0,0,current,,,,
2025-08-26,2025-08-27,5Y,1,platform_current_daily_0629_adapter,1,0.4760670430499614,1,true,D5Y,5Y10,5Y_weekmap_top120_seed_quota_7sig_combo_rolling40_target_0.50_mtd_floor_0.50_causal,TB5YWI0C,active_abstain,,1,,1,1,,0.4760670430499614,0.47,0.7561181434599156,fixed_vote,3,4,1,-1,-5,-4.0,1,1,current,,,,
2025-08-27,2025-08-28,5Y,1,platform_current_daily_0629_adapter,0,0.4723751448635396,1,false,D5Y,5Y10,5Y_weekmap_top120_seed_quota_7sig_combo_rolling40_target_0.50_mtd_floor_0.50_causal,TB5YWI0C,active_abstain,,0,,1,1,,0.4723751448635396,0.38,0.3784067085953879,fixed_vote,-1,0,1,-1,-5,-4.0,0,0,current,,,,
2025-08-28,2025-08-29,5Y,1,platform_current_daily_0629_adapter,-1,0.460560195446976,-1,true,D5Y,5Y10,5Y_weekmap_top120_seed_quota_7sig_combo_rolling40_target_0.50_mtd_floor_0.50_causal,TB5YWI0C,active_abstain,,-1,,1,-1,,0.460560195446976,0.38,0.896875,fixed_vote,-3,-2,1,-1,-5,-4.0,-1,-1,current,,,,
2025-08-29,2025-09-01,5Y,1,platform_current_daily_0629_adapter,0,0.4714535049466208,-1,false,D5Y,5Y10,5Y_weekmap_top120_seed_quota_7sig_combo_rolling40_target_0.50_mtd_floor_0.50_causal,TB5YWI0C,active_abstain,,0,,1,1,,0.4714535049466208,0.38,0.4492753623188406,fixed_vote,1,2,1,-1,-5,-4.0,0,0,current,,,,
2025-09-01,2025-09-02,5Y,1,platform_current_daily_0629_adapter,1,0.4660317177070423,-1,false,D5Y,5Y10,5Y_weekmap_top120_seed_quota_7sig_combo_rolling40_target_0.50_mtd_floor_0.50_causal,TB5YWI0C,active_abstain,,1,,1,1,,0.4660317177070423,0.46,0.19958847736625515,fixed_vote,1,2,1,-1,-3,-2.0,0,1,current,,,,
2025-09-02,2025-09-03,5Y,1,platform_current_daily_0629_adapter,0,0.467260194035663,-1,false,D5Y,5Y10,5Y_weekmap_top120_seed_quota_7sig_combo_rolling40_target_0.50_mtd_floor_0.50_causal,TB5YWI0C,active_abstain,,0,,1,1,,0.467260194035663,0.38,0.37321063394683035,fixed_vote,-1,0,1,-1,-3,-2.0,0,0,current,,,,
2025-09-03,2025-09-04,5Y,1,platform_current_daily_0629_adapter,1,0.47258858015472477,1,true,D5Y,5Y10,5Y_weekmap_top120_seed_quota_7sig_combo_rolling40_target_0.50_mtd_floor_0.50_causal,TB5YWI0C,active_abstain,,1,,1,1,,0.47258858015472477,0.38,0.4583333333333333,fixed_vote,1,2,1,-1,-3,-2.0,0,1,current,,,,
2025-09-04,2025-09-05,5Y,1,platform_current_daily_0629_adapter,0,0.48598578002951753,1,false,D5Y,5Y10,5Y_weekmap_top120_seed_quota_7sig_combo_rolling40_target_0.50_mtd_floor_0.50_causal,TB5YWI0C,active_abstain,,0,,1,1,,0.48598578002951753,0.48,0.20303030303030303,fixed_vote,1,2,1,-1,-3,-2.0,0,0,current,,,,
2025-09-05,2025-09-08,5Y,1,platform_current_daily_0629_adapter,1,0.48440980842257786,1,true,D5Y,5Y10,5Y_weekmap_top120_seed_quota_7sig_combo_rolling40_target_0.50_mtd_floor_0.50_causal,TB5YWI0C,active_abstain,,1,,1,1,,0.48440980842257786,0.47,0.2620481927710843,fixed_vote,1,2,1,-1,-3,-2.0,0,1,current,,,,
2025-09-08,2025-09-09,5Y,1,platform_current_daily_0629_adapter,0,0.4900504572825481,1,false,D5Y,5Y10,5Y_weekmap_top120_seed_quota_7sig_combo_rolling40_target_0.50_mtd_floor_0.50_causal,TB5YWI0C,active_abstain,,0,,1,1,,0.4900504572825481,0.49,0.156686626746507,fixed_vote,1,2,1,-1,-3,-2.0,0,0,current,,,,
2025-09-09,2025-09-10,5Y,1,platform_current_daily_0629_adapter,-1,0.4685138481823745,1,false,D5Y,5Y10,5Y_weekmap_top120_seed_quota_7sig_combo_rolling40_target_0.50_mtd_floor_0.50_causal,TB5YWI0C,active_abstain,,-1,,-1,-1,,0.4685138481823745,0.47,0.1617063492063492,fixed_vote,-1,-2,-1,-1,-3,-4.0,0,-1,current,,,,
2025-09-10,2025-09-11,5Y,1,platform_current_daily_0629_adapter,0,0.4892637977224108,-1,false,D5Y,5Y10,5Y_weekmap_top120_seed_quota_7sig_combo_rolling40_target_0.50_mtd_floor_0.50_causal,TB5YWI0C,active_abstain,,0,,1,1,,0.4892637977224108,0.485,0.19822485207100593,fixed_vote,1,2,1,-1,-3,-2.0,0,0,current,,,,
2025-09-11,2025-09-12,5Y,1,platform_current_daily_0629_adapter,1,0.4900504572825481,-1,false,D5Y,5Y10,5Y_weekmap_top120_seed_quota_7sig_combo_rolling40_target_0.50_mtd_floor_0.50_causal,TB5YWI0C,active_abstain,,1,,1,1,,0.4900504572825481,0.49,0.08235294117647059,fixed_vote,-1,0,1,-1,-3,-2.0,0,1,current,,,,
2025-09-12,2025-09-15,5Y,1,platform_current_daily_0629_adapter,0,0.4851910931306824,1,false,D5Y,5Y10,5Y_weekmap_top120_seed_quota_7sig_combo_rolling40_target_0.50_mtd_floor_0.50_causal,TB5YWI0C,active_abstain,,0,,1,1,,0.4851910931306824,0.485,0.16569200779727095,fixed_vote,1,2,1,-1,-3,-2.0,0,0,current,,,,
2025-09-15,2025-09-16,5Y,1,platform_current_daily_0629_adapter,1,0.48010559742596165,-1,false,D5Y,5Y10,5Y_weekmap_top120_seed_quota_7sig_combo_rolling40_target_0.50_mtd_floor_0.50_causal,TB5YWI0C,active_abstain,,1,,1,1,,0.48010559742596165,0.48,0.0872093023255814,fixed_vote,-1,0,1,-1,-5,-4.0,0,1,current,,,,
2025-09-16,2025-09-17,5Y,1,platform_current_daily_0629_adapter,0,0.480033220847102,-1,false,D5Y,5Y10,5Y_weekmap_top120_seed_quota_7sig_combo_rolling40_target_0.50_mtd_floor_0.50_causal,TB5YWI0C,active_abstain,,0,,1,1,,0.480033220847102,0.38,0.4749518304431599,fixed_vote,1,2,1,-1,-3,-2.0,0,0,current,,,,
2025-09-17,2025-09-18,5Y,1,platform_current_daily_0629_adapter,1,0.4849421750859586,1,true,D5Y,5Y10,5Y_weekmap_top120_seed_quota_7sig_combo_rolling40_target_0.50_mtd_floor_0.50_causal,TB5YWI0C,active_abstain,,1,,1,1,,0.4849421750859586,0.38,1.0454022988505747,fixed_vote,3,4,1,-1,-3,-2.0,1,1,current,,,,
2025-09-18,2025-09-19,5Y,1,platform_current_daily_0629_adapter,0,0.4786260658900319,1,false,D5Y,5Y10,5Y_weekmap_top120_seed_quota_7sig_combo_rolling40_target_0.50_mtd_floor_0.50_causal,TB5YWI0C,active_abstain,,0,,-1,-1,,0.4786260658900319,0.48,0.1742857142857143,fixed_vote,-1,-2,-1,-1,-3,-4.0,0,0,current,,,,
2025-09-19,2025-09-22,5Y,1,platform_current_daily_0629_adapter,-1,0.46952107998524834,-1,true,D5Y,5Y10,5Y_weekmap_top120_seed_quota_7sig_combo_rolling40_target_0.50_mtd_floor_0.50_causal,TB5YWI0C,active_abstain,,-1,,-1,-1,,0.46952107998524834,0.47,0.7401515151515151,fixed_vote,-3,-4,-1,-1,-3,-4.0,-1,-1,current,,,,
2025-09-22,2025-09-23,5Y,1,platform_current_daily_0629_adapter,0,0.4908976377290343,1,false,D5Y,5Y10,5Y_weekmap_top120_seed_quota_7sig_combo_rolling40_target_0.50_mtd_floor_0.50_causal,TB5YWI0C,active_abstain,,0,,1,1,,0.4908976377290343,0.49,0.09416195856873823,fixed_vote,-1,0,1,-1,-3,-2.0,0,0,current,,,,
2025-09-23,2025-09-24,5Y,1,platform_current_daily_0629_adapter,-1,0.49652613419449754,1,false,D5Y,5Y10,5Y_weekmap_top120_seed_quota_7sig_combo_rolling40_target_0.50_mtd_floor_0.50_causal,TB5YWI0C,active_abstain,,-1,,-1,-1,,0.49652613419449754,0.51,0.2827715355805243,fixed_vote,-1,-2,-1,-1,-3,-4.0,0,-1,current,,,,
2025-09-24,2025-09-25,5Y,1,platform_current_daily_0629_adapter,-1,0.4905069989565619,-1,true,D5Y,5Y10,5Y_weekmap_top120_seed_quota_7sig_combo_rolling40_target_0.50_mtd_floor_0.50_causal,TB5YWI0C,active_abstain,,-1,,-1,-1,,0.4905069989565619,0.505,0.8546554934823092,fixed_vote,-3,-4,-1,-1,-3,-4.0,-1,-1,current,,,,
2025-09-25,2025-09-26,5Y,1,platform_current_daily_0629_adapter,-1,0.5007146268897702,-1,true,D5Y,5Y10,5Y_weekmap_top120_seed_quota_7sig_combo_rolling40_target_0.50_mtd_floor_0.50_causal,TB5YWI0C,active_abstain,,-1,,1,-1,,0.5007146268897702,0.5,0.6388888888888888,fixed_vote,-3,-2,1,-1,-3,-2.0,-1,-1,current,,,,
2025-09-26,2025-09-29,5Y,1,platform_current_daily_0629_adapter,0,0.511645403289417,1,false,D5Y,5Y10,5Y_weekmap_top120_seed_quota_7sig_combo_rolling40_target_0.50_mtd_floor_0.50_causal,TB5YWI0C,active_abstain,,0,,1,1,,0.511645403289417,0.485,0.23480662983425413,fixed_vote,-1,0,1,1,-1,0.0,0,0,current,,,,
2025-09-29,2025-09-30,5Y,1,platform_current_daily_0629_adapter,-1,0.5114468007128091,-1,true,D5Y,5Y10,5Y_weekmap_top120_seed_quota_7sig_combo_rolling40_target_0.50_mtd_floor_0.50_causal,TB5YWI0C,active_abstain,,-1,,1,-1,,0.5114468007128091,0.49,0.96996336996337,fixed_vote,-5,-4,1,1,-1,0.0,-1,-1,current,,,,
2025-09-30,2025-10-09,5Y,1,platform_current_daily_0629_adapter,-1,0.5045232918765472,-1,true,D5Y,5Y10,5Y_weekmap_top120_seed_quota_7sig_combo_rolling40_target_0.50_mtd_floor_0.50_causal,TB5YWI0C,active_abstain,,-1,,1,-1,,0.5045232918765472,0.44,1.075865209471767,fixed_vote,-5,-4,1,1,-1,0.0,-1,-1,current,,,,
2025-10-09,2025-10-10,5Y,1,platform_current_daily_0629_adapter,1,0.6514694970121496,1,true,D5Y,5Y10,5Y_weekmap_top120_seed_quota_7sig_combo_rolling40_target_0.50_mtd_floor_0.50_causal,TB5YWI0C,active_abstain,,1,,1,1,,0.6514694970121496,0.56,0.3849637681159421,fixed_vote,-1,0,1,1,1,2.0,0,1,current,,,,
2025-10-10,2025-10-13,5Y,1,platform_current_daily_0629_adapter,-1,0.5025101299731355,-1,true,D5Y,5Y10,5Y_weekmap_top120_seed_quota_7sig_combo_rolling40_target_0.50_mtd_floor_0.50_causal,TB5YWI0C,active_abstain,,-1,,-1,-1,,0.5025101299731355,0.5800000000000001,1.1797297297297298,fixed_vote,-5,-6,-1,1,1,0.0,-1,-1,current,,,,
2025-10-13,2025-10-14,5Y,1,platform_current_daily_0629_adapter,-1,0.5823795004689308,-1,true,D5Y,5Y10,5Y_weekmap_top120_seed_quota_7sig_combo_rolling40_target_0.50_mtd_floor_0.50_causal,TB5YWI0C,active_abstain,,-1,,1,-1,,0.5823795004689308,0.56,0.9664874551971326,fixed_vote,-5,-4,1,1,1,2.0,-1,-1,current,,,,
2025-10-14,2025-10-15,5Y,1,platform_current_daily_0629_adapter,1,0.5124743319235935,1,true,D5Y,5Y10,5Y_weekmap_top120_seed_quota_7sig_combo_rolling40_target_0.50_mtd_floor_0.50_causal,TB5YWI0C,active_abstain,,1,,1,1,,0.5124743319235935,0.51,0.7724598930481283,fixed_vote,3,4,1,1,1,2.0,1,1,current,,,,
2025-10-15,2025-10-16,5Y,1,platform_current_daily_0629_adapter,0,0.6208627264344867,1,false,D5Y,5Y10,5Y_weekmap_top120_seed_quota_7sig_combo_rolling40_target_0.50_mtd_floor_0.50_causal,TB5YWI0C,active_abstain,,0,,1,1,,0.6208627264344867,0.565,0.32358156028368795,fixed_vote,-1,0,1,1,1,2.0,0,0,current,,,,
2025-10-16,2025-10-17,5Y,1,platform_current_daily_0629_adapter,0,0.5848651063703267,-1,false,D5Y,5Y10,5Y_weekmap_top120_seed_quota_7sig_combo_rolling40_target_0.50_mtd_floor_0.50_causal,TB5YWI0C,active_abstain,,0,,1,1,,0.5848651063703267,0.53,0.3236331569664903,fixed_vote,-1,0,1,1,1,2.0,0,0,current,,,,
2025-10-17,2025-10-20,5Y,1,platform_current_daily_0629_adapter,0,0.5381125814092165,1,false,D5Y,5Y10,5Y_weekmap_top120_seed_quota_7sig_combo_rolling40_target_0.50_mtd_floor_0.50_causal,TB5YWI0C,active_abstain,,0,,1,1,,0.5381125814092165,0.53,0.25526315789473686,fixed_vote,1,2,1,1,1,2.0,0,0,current,,,,
2025-10-20,2025-10-21,5Y,1,platform_current_daily_0629_adapter,0,0.5052156513030848,-1,false,D5Y,5Y10,5Y_weekmap_top120_seed_quota_7sig_combo_rolling40_target_0.50_mtd_floor_0.50_causal,TB5YWI0C,active_abstain,,0,,-1,1,,0.5052156513030848,0.56,0.32460732984293195,fixed_vote,1,0,-1,-1,-1,-2.0,0,0,current,,,,
2025-10-21,2025-10-22,5Y,1,platform_current_daily_0629_adapter,1,0.6651753740215256,-1,false,D5Y,5Y10,5Y_weekmap_top120_seed_quota_7sig_combo_rolling40_target_0.50_mtd_floor_0.50_causal,TB5YWI0C,active_abstain,,1,,1,1,,0.6651753740215256,0.515,0.5,fixed_vote,1,2,1,1,1,2.0,0,1,current,,,,
2025-10-22,2025-10-23,5Y,1,platform_current_daily_0629_adapter,1,0.6954195865372204,1,true,D5Y,5Y10,5Y_weekmap_top120_seed_quota_7sig_combo_rolling40_target_0.50_mtd_floor_0.50_causal,TB5YWI0C,active_abstain,,1,,1,1,,0.6954195865372204,0.53,1.0684801381692575,fixed_vote,3,4,1,1,-1,0.0,1,1,current,,,,
2025-10-23,2025-10-24,5Y,1,platform_current_daily_0629_adapter,0,0.5132077606027452,1,false,D5Y,5Y10,5Y_weekmap_top120_seed_quota_7sig_combo_rolling40_target_0.50_mtd_floor_0.50_causal,TB5YWI0C,active_abstain,,0,,-1,1,,0.5132077606027452,0.545,0.24828178694158076,fixed_vote,1,0,-1,-1,-1,-2.0,0,0,current,,,,
2025-10-24,2025-10-27,5Y,1,platform_current_daily_0629_adapter,0,0.5367366908823232,-1,false,D5Y,5Y10,5Y_weekmap_top120_seed_quota_7sig_combo_rolling40_target_0.50_mtd_floor_0.50_causal,TB5YWI0C,active_abstain,,0,,1,1,,0.5367366908823232,0.52,0.2948717948717949,fixed_vote,1,2,1,1,-1,0.0,0,0,current,,,,
2025-10-27,2025-10-28,5Y,1,platform_current_daily_0629_adapter,1,0.5107591438746142,1,true,D5Y,5Y10,5Y_weekmap_top120_seed_quota_7sig_combo_rolling40_target_0.50_mtd_floor_0.50_causal,TB5YWI0C,active_abstain,,1,,-1,1,,0.5107591438746142,0.515,0.6841836734693877,fixed_vote,3,2,-1,1,3,2.0,1,1,current,,,,
2025-10-28,2025-10-29,5Y,1,platform_current_daily_0629_adapter,0,0.4970015041623637,-1,false,D5Y,5Y10,5Y_weekmap_top120_seed_quota_7sig_combo_rolling40_target_0.50_mtd_floor_0.50_causal,TB5YWI0C,active_abstain,,0,,1,1,,0.4970015041623637,0.495,0.19796954314720813,fixed_vote,1,2,1,1,-1,0.0,0,0,current,,,,
2025-10-29,2025-10-30,5Y,1,platform_current_daily_0629_adapter,1,0.4297740570086218,-1,false,D5Y,5Y10,5Y_weekmap_top120_seed_quota_7sig_combo_rolling40_target_0.50_mtd_floor_0.50_causal,TB5YWI0C,active_abstain,,1,,-1,1,,0.4297740570086218,0.47,0.28030303030303033,fixed_vote,1,0,-1,1,1,0.0,0,1,current,,,,
2025-10-30,2025-10-31,5Y,1,platform_current_daily_0629_adapter,0,0.4912075257049177,1,false,D5Y,5Y10,5Y_weekmap_top120_seed_quota_7sig_combo_rolling40_target_0.50_mtd_floor_0.50_causal,TB5YWI0C,active_abstain,,0,,-1,1,,0.4912075257049177,0.495,0.13819095477386936,fixed_vote,1,0,-1,1,1,0.0,0,0,current,,,,
2025-10-31,2025-11-03,5Y,1,platform_current_daily_0629_adapter,-1,0.49796785223744683,1,false,D5Y,5Y10,5Y_weekmap_top120_seed_quota_7sig_combo_rolling40_target_0.50_mtd_floor_0.50_causal,TB5YWI0C,active_abstain,,-1,,-1,-1,,0.49796785223744683,0.515,0.3066666666666667,fixed_vote,-1,-2,-1,1,1,0.0,0,-1,current,,,,
2025-11-03,2025-11-04,5Y,1,platform_current_daily_0629_adapter,-1,0.4585639351043857,1,false,D5Y,5Y10,5Y_weekmap_top120_seed_quota_7sig_combo_rolling40_target_0.50_mtd_floor_0.50_causal,TB5YWI0C,active_abstain,,-1,,-1,-1,,0.4585639351043857,0.505,0.9611111111111111,fixed_vote,-3,-4,-1,1,1,0.0,-1,-1,current,,,,
2025-11-04,2025-11-05,5Y,1,platform_current_daily_0629_adapter,-1,0.4555611430356231,-1,true,D5Y,5Y10,5Y_weekmap_top120_seed_quota_7sig_combo_rolling40_target_0.50_mtd_floor_0.50_causal,TB5YWI0C,active_abstain,,-1,,-1,-1,,0.4555611430356231,0.49,0.6915841584158415,fixed_vote,-1,-2,-1,-1,-3,-4.0,-1,-1,current,,,,
2025-11-05,2025-11-06,5Y,1,platform_current_daily_0629_adapter,-1,0.4883397823654131,1,false,D5Y,5Y10,5Y_weekmap_top120_seed_quota_7sig_combo_rolling40_target_0.50_mtd_floor_0.50_causal,TB5YWI0C,active_abstain,,-1,,-1,-1,,0.4883397823654131,0.525,0.6964696223316913,fixed_vote,-1,-2,-1,-1,-3,-4.0,-1,-1,current,,,,
2025-11-06,2025-11-07,5Y,1,platform_current_daily_0629_adapter,-1,0.5207778593674195,-1,true,D5Y,5Y10,5Y_weekmap_top120_seed_quota_7sig_combo_rolling40_target_0.50_mtd_floor_0.50_causal,TB5YWI0C,active_abstain,,-1,,-1,1,,0.5207778593674195,0.535,0.5575163398692811,fixed_vote,1,0,-1,-1,-3,-4.0,-1,-1,current,,,,
2025-11-07,2025-11-10,5Y,1,platform_current_daily_0629_adapter,-1,0.48861375007801083,-1,true,D5Y,5Y10,5Y_weekmap_top120_seed_quota_7sig_combo_rolling40_target_0.50_mtd_floor_0.50_causal,TB5YWI0C,active_abstain,,-1,,-1,-1,,0.48861375007801083,0.54,0.9849593495934958,fixed_vote,-3,-4,-1,-1,-3,-4.0,-1,-1,current,,,,
2025-11-10,2025-11-11,5Y,1,platform_current_daily_0629_adapter,-1,0.5007221516381749,-1,true,D5Y,5Y10,5Y_weekmap_top120_seed_quota_7sig_combo_rolling40_target_0.50_mtd_floor_0.50_causal,TB5YWI0C,active_abstain,,-1,,-1,1,,0.5007221516381749,0.56,0.6898058252427184,fixed_vote,1,0,-1,-1,-3,-4.0,-1,-1,current,,,,
2025-11-11,2025-11-12,5Y,1,platform_current_daily_0629_adapter,0,0.49791019437739753,-1,false,D5Y,5Y10,5Y_weekmap_top120_seed_quota_7sig_combo_rolling40_target_0.50_mtd_floor_0.50_causal,TB5YWI0C,active_abstain,,0,,-1,-1,,0.49791019437739753,0.5700000000000001,0.4428341384863124,fixed_vote,-1,-2,-1,-1,-1,-2.0,0,0,current,,,,
2025-11-12,2025-11-13,5Y,1,platform_current_daily_0629_adapter,0,0.5357988904055149,1,false,D5Y,5Y10,5Y_weekmap_top120_seed_quota_7sig_combo_rolling40_target_0.50_mtd_floor_0.50_causal,TB5YWI0C,active_abstain,,0,,1,1,,0.5357988904055149,0.52,0.2155448717948718,fixed_vote,-1,0,1,1,-1,0.0,0,0,current,,,,
2025-11-13,2025-11-14,5Y,1,platform_current_daily_0629_adapter,0,0.4045110349605398,1,false,D5Y,5Y10,5Y_weekmap_top120_seed_quota_7sig_combo_rolling40_target_0.50_mtd_floor_0.50_causal,TB5YWI0C,active_abstain,,0,,-1,-1,,0.4045110349605398,0.53,0.5063795853269537,fixed_vote,-1,-2,-1,-1,-1,-2.0,0,0,current,,,,
2025-11-14,2025-11-17,5Y,1,platform_current_daily_0629_adapter,-1,0.45493430808739815,1,false,D5Y,5Y10,5Y_weekmap_top120_seed_quota_7sig_combo_rolling40_target_0.50_mtd_floor_0.50_causal,TB5YWI0C,active_abstain,,-1,,-1,-1,,0.45493430808739815,0.525,1.0142857142857142,fixed_vote,-3,-4,-1,1,1,0.0,-1,-1,current,,,,
2025-11-17,2025-11-18,5Y,1,platform_current_daily_0629_adapter,0,0.5167794491481187,1,false,D5Y,5Y10,5Y_weekmap_top120_seed_quota_7sig_combo_rolling40_target_0.50_mtd_floor_0.50_causal,TB5YWI0C,active_abstain,,0,,-1,1,,0.5167794491481187,0.52,0.13744075829383887,fixed_vote,1,0,-1,-1,-1,-2.0,0,0,current,,,,
2025-11-18,2025-11-19,5Y,1,platform_current_daily_0629_adapter,1,0.5177421567693212,1,true,D5Y,5Y10,5Y_weekmap_top120_seed_quota_7sig_combo_rolling40_target_0.50_mtd_floor_0.50_causal,TB5YWI0C,active_abstain,,1,,-1,1,,0.5177421567693212,0.52,0.6880503144654088,fixed_vote,3,2,-1,1,3,2.0,1,1,current,,,,
2025-11-19,2025-11-20,5Y,1,platform_current_daily_0629_adapter,0,0.503711672767824,-1,false,D5Y,5Y10,5Y_weekmap_top120_seed_quota_7sig_combo_rolling40_target_0.50_mtd_floor_0.50_causal,TB5YWI0C,active_abstain,,0,,1,1,,0.503711672767824,0.38,0.5046948356807511,fixed_vote,1,2,1,1,3,4.0,0,0,current,,,,
2025-11-20,2025-11-21,5Y,1,platform_current_daily_0629_adapter,1,0.5077146523420303,1,true,D5Y,5Y10,5Y_weekmap_top120_seed_quota_7sig_combo_rolling40_target_0.50_mtd_floor_0.50_causal,TB5YWI0C,active_abstain,,1,,1,1,,0.5077146523420303,0.38,1.0820872274143303,fixed_vote,3,4,1,1,3,4.0,1,1,current,,,,
2025-11-21,2025-11-24,5Y,1,platform_current_daily_0629_adapter,1,0.4790676272093911,1,true,D5Y,5Y10,5Y_weekmap_top120_seed_quota_7sig_combo_rolling40_target_0.50_mtd_floor_0.50_causal,TB5YWI0C,active_abstain,,1,,1,1,,0.4790676272093911,0.45,1.0693798449612402,fixed_vote,5,6,1,1,3,4.0,1,1,current,,,,
2025-11-24,2025-11-25,5Y,1,platform_current_daily_0629_adapter,0,0.49201537659021966,1,false,D5Y,5Y10,5Y_weekmap_top120_seed_quota_7sig_combo_rolling40_target_0.50_mtd_floor_0.50_causal,TB5YWI0C,active_abstain,,0,,1,1,,0.49201537659021966,0.38,0.5007716049382716,fixed_vote,1,2,1,1,1,2.0,0,0,current,,,,
2025-11-25,2025-11-26,5Y,1,platform_current_daily_0629_adapter,0,0.4939337477549743,1,false,D5Y,5Y10,5Y_weekmap_top120_seed_quota_7sig_combo_rolling40_target_0.50_mtd_floor_0.50_causal,TB5YWI0C,active_abstain,,0,,1,1,,0.4939337477549743,0.38,0.4147465437788019,fixed_vote,-1,0,1,1,1,2.0,0,0,current,,,,
2025-11-26,2025-11-27,5Y,1,platform_current_daily_0629_adapter,0,0.5130534328509666,1,false,D5Y,5Y10,5Y_weekmap_top120_seed_quota_7sig_combo_rolling40_target_0.50_mtd_floor_0.50_causal,TB5YWI0C,active_abstain,,0,,1,1,,0.5130534328509666,0.38,0.5091743119266056,fixed_vote,1,2,1,1,-1,0.0,0,0,current,,,,
2025-11-27,2025-11-28,5Y,1,platform_current_daily_0629_adapter,0,0.4988917521489403,-1,false,D5Y,5Y10,5Y_weekmap_top120_seed_quota_7sig_combo_rolling40_target_0.50_mtd_floor_0.50_causal,TB5YWI0C,active_abstain,,0,,1,1,,0.4988917521489403,0.38,0.4147640791476408,fixed_vote,-1,0,1,1,-1,0.0,0,0,current,,,,
2025-11-28,2025-12-01,5Y,1,platform_current_daily_0629_adapter,0,0.5078217455105483,-1,false,D5Y,5Y10,5Y_weekmap_top120_seed_quota_7sig_combo_rolling40_target_0.50_mtd_floor_0.50_causal,TB5YWI0C,active_abstain,,0,,1,1,,0.5078217455105483,0.38,0.42196969696969694,fixed_vote,-1,0,1,1,1,2.0,0,0,current,,,,
2025-12-01,2025-12-02,5Y,1,platform_current_daily_0629_adapter,1,0.507656193959308,1,true,D5Y,5Y10,5Y_weekmap_top120_seed_quota_7sig_combo_rolling40_target_0.50_mtd_floor_0.50_causal,TB5YWI0C,active_abstain,,1,,-1,1,,0.507656193959308,0.515,0.7406485671191554,fixed_vote,3,2,-1,-1,-1,-2.0,1,1,current,,,,
2025-12-02,2025-12-03,5Y,1,platform_current_daily_0629_adapter,0,0.5081920010840024,0,true,D5Y,5Y10,5Y_weekmap_top120_seed_quota_7sig_combo_rolling40_target_0.50_mtd_floor_0.50_causal,TB5YWI0C,active_abstain,,0,,1,1,,0.5081920010840024,0.38,0.4226726726726726,fixed_vote,-1,0,1,1,-1,0.0,0,0,current,,,,
2025-12-03,2025-12-04,5Y,1,platform_current_daily_0629_adapter,1,0.5010677628433392,1,true,D5Y,5Y10,5Y_weekmap_top120_seed_quota_7sig_combo_rolling40_target_0.50_mtd_floor_0.50_causal,TB5YWI0C,active_abstain,,1,,1,1,,0.5010677628433392,0.38,1.077204783258595,fixed_vote,3,4,1,1,-1,0.0,1,1,current,,,,
2025-12-04,2025-12-05,5Y,1,platform_current_daily_0629_adapter,-1,0.5010677628433392,-1,true,D5Y,5Y10,5Y_weekmap_top120_seed_quota_7sig_combo_rolling40_target_0.50_mtd_floor_0.50_causal,TB5YWI0C,active_abstain,,-1,,1,1,,0.5010677628433392,0.38,0.8522321428571429,fixed_vote,1,2,1,-1,-3,-2.0,-1,-1,current,,,,
2025-12-05,2025-12-08,5Y,1,platform_current_daily_0629_adapter,0,0.507656193959308,0,true,D5Y,5Y10,5Y_weekmap_top120_seed_quota_7sig_combo_rolling40_target_0.50_mtd_floor_0.50_causal,TB5YWI0C,active_abstain,,0,,-1,1,,0.507656193959308,0.51,0.48777777777777775,fixed_vote,1,0,-1,-1,-3,-4.0,-1,0,current,,,,
2025-12-08,2025-12-09,5Y,1,platform_current_daily_0629_adapter,-1,0.5053551599917601,-1,true,D5Y,5Y10,5Y_weekmap_top120_seed_quota_7sig_combo_rolling40_target_0.50_mtd_floor_0.50_causal,TB5YWI0C,active_abstain,,-1,,1,1,,0.5053551599917601,0.38,0.8581120943952802,fixed_vote,1,2,1,-1,-3,-2.0,-1,-1,current,,,,
2025-12-09,2025-12-10,5Y,1,platform_current_daily_0629_adapter,-1,0.5081920010840024,-1,true,D5Y,5Y10,5Y_weekmap_top120_seed_quota_7sig_combo_rolling40_target_0.50_mtd_floor_0.50_causal,TB5YWI0C,active_abstain,,-1,,1,1,,0.5081920010840024,0.38,0.863950073421439,fixed_vote,1,2,1,-1,-3,-2.0,-1,-1,current,,,,
2025-12-10,2025-12-11,5Y,1,platform_current_daily_0629_adapter,-1,0.5192047664998493,-1,true,D5Y,5Y10,5Y_weekmap_top120_seed_quota_7sig_combo_rolling40_target_0.50_mtd_floor_0.50_causal,TB5YWI0C,active_abstain,,-1,,1,1,,0.5192047664998493,0.505,0.650438596491228,fixed_vote,1,2,1,-1,-3,-2.0,-1,-1,current,,,,
2025-12-11,2025-12-12,5Y,1,platform_current_daily_0629_adapter,1,0.5294410174594615,1,true,D5Y,5Y10,5Y_weekmap_top120_seed_quota_7sig_combo_rolling40_target_0.50_mtd_floor_0.50_causal,TB5YWI0C,active_abstain,,1,,1,1,,0.5294410174594615,0.5,0.9198689956331878,fixed_vote,3,4,1,1,-1,0.0,1,1,current,,,,
2025-12-12,2025-12-15,5Y,1,platform_current_daily_0629_adapter,-1,0.5499313866330985,1,false,D5Y,5Y10,5Y_weekmap_top120_seed_quota_7sig_combo_rolling40_target_0.50_mtd_floor_0.50_causal,TB5YWI0C,active_abstain,,-1,,1,1,,0.5499313866330985,0.465,0.7304347826086957,fixed_vote,-1,0,1,-1,-3,-2.0,-1,-1,current,,,,
2025-12-15,2025-12-16,5Y,1,platform_current_daily_0629_adapter,-1,0.45552219623298806,-1,true,D5Y,5Y10,5Y_weekmap_top120_seed_quota_7sig_combo_rolling40_target_0.50_mtd_floor_0.50_causal,TB5YWI0C,active_abstain,,-1,,-1,-1,,0.45552219623298806,0.485,0.9207070707070706,fixed_vote,-3,-4,-1,-1,-3,-4.0,-1,-1,current,,,,
2025-12-16,2025-12-17,5Y,1,platform_current_daily_0629_adapter,-1,0.46661078461864514,-1,true,D5Y,5Y10,5Y_weekmap_top120_seed_quota_7sig_combo_rolling40_target_0.50_mtd_floor_0.50_causal,TB5YWI0C,active_abstain,,-1,,-1,1,,0.46661078461864514,0.5,0.6107758620689654,fixed_vote,1,0,-1,-1,-3,-4.0,-1,-1,current,,,,
2025-12-17,2025-12-18,5Y,1,platform_current_daily_0629_adapter,-1,0.5288785412314992,-1,true,D5Y,5Y10,5Y_weekmap_top120_seed_quota_7sig_combo_rolling40_target_0.50_mtd_floor_0.50_causal,TB5YWI0C,active_abstain,,-1,,-1,-1,,0.5288785412314992,0.535,0.6096566523605149,fixed_vote,-1,-2,-1,-1,-3,-4.0,-1,-1,current,,,,
2025-12-18,2025-12-19,5Y,1,platform_current_daily_0629_adapter,-1,0.4835910282647556,-1,true,D5Y,5Y10,5Y_weekmap_top120_seed_quota_7sig_combo_rolling40_target_0.50_mtd_floor_0.50_causal,TB5YWI0C,active_abstain,,-1,,-1,-1,,0.4835910282647556,0.53,0.9746438746438747,fixed_vote,-3,-4,-1,-1,-3,-4.0,-1,-1,current,,,,
2025-12-19,2025-12-22,5Y,1,platform_current_daily_0629_adapter,0,0.5780876132633933,1,false,D5Y,5Y10,5Y_weekmap_top120_seed_quota_7sig_combo_rolling40_target_0.50_mtd_floor_0.50_causal,TB5YWI0C,active_abstain,,0,,1,1,,0.5780876132633933,0.51,0.35035460992907796,fixed_vote,-1,0,1,1,-1,0.0,0,0,current,,,,
2025-12-22,2025-12-23,5Y,1,platform_current_daily_0629_adapter,-1,0.5999751036837451,-1,true,D5Y,5Y10,5Y_weekmap_top120_seed_quota_7sig_combo_rolling40_target_0.50_mtd_floor_0.50_causal,TB5YWI0C,active_abstain,,-1,,1,-1,,0.5999751036837451,0.53,0.9142655367231638,fixed_vote,-3,-2,1,1,-1,0.0,-1,-1,current,,,,
2025-12-23,2025-12-24,5Y,1,platform_current_daily_0629_adapter,-1,0.5170249012460293,0,false,D5Y,5Y10,5Y_weekmap_top120_seed_quota_7sig_combo_rolling40_target_0.50_mtd_floor_0.50_causal,TB5YWI0C,active_abstain,,-1,,1,-1,,0.5170249012460293,0.49,0.8078059071729958,fixed_vote,-3,-2,1,1,-1,0.0,-1,-1,current,,,,
2025-12-24,2025-12-25,5Y,1,platform_current_daily_0629_adapter,0,0.5276825303404328,1,false,D5Y,5Y10,5Y_weekmap_top120_seed_quota_7sig_combo_rolling40_target_0.50_mtd_floor_0.50_causal,TB5YWI0C,active_abstain,,0,,1,1,,0.5276825303404328,0.485,0.2927170868347339,fixed_vote,-1,0,1,1,-1,0.0,0,0,current,,,,
2025-12-25,2025-12-26,5Y,1,platform_current_daily_0629_adapter,-1,0.5823725767433547,-1,true,D5Y,5Y10,5Y_weekmap_top120_seed_quota_7sig_combo_rolling40_target_0.50_mtd_floor_0.50_causal,TB5YWI0C,active_abstain,,-1,,1,-1,,0.5823725767433547,0.485,0.961576011157601,fixed_vote,-3,-2,1,-1,-3,-2.0,-1,-1,current,,,,
2025-12-26,2025-12-29,5Y,1,platform_current_daily_0629_adapter,-1,0.5244635151038276,1,false,D5Y,5Y10,5Y_weekmap_top120_seed_quota_7sig_combo_rolling40_target_0.50_mtd_floor_0.50_causal,TB5YWI0C,active_abstain,,-1,,1,-1,,0.5244635151038276,0.51,0.9645833333333333,fixed_vote,-5,-4,1,-1,-3,-2.0,-1,-1,current,,,,
2025-12-29,2025-12-30,5Y,1,platform_current_daily_0629_adapter,-1,0.5139271835958732,1,false,D5Y,5Y10,5Y_weekmap_top120_seed_quota_7sig_combo_rolling40_target_0.50_mtd_floor_0.50_causal,TB5YWI0C,active_abstain,,-1,,1,-1,,0.5139271835958732,0.49,0.8029737206085754,fixed_vote,-3,-2,1,1,-1,0.0,-1,-1,current,,,,
2025-12-30,2025-12-31,5Y,1,platform_current_daily_0629_adapter,-1,0.4947637202825331,0,false,D5Y,5Y10,5Y_weekmap_top120_seed_quota_7sig_combo_rolling40_target_0.50_mtd_floor_0.50_causal,TB5YWI0C,active_abstain,,-1,,-1,-1,,0.4947637202825331,0.505,1.0104683195592288,fixed_vote,-5,-6,-1,-1,-1,-2.0,-1,-1,current,,,,
2025-12-31,2026-01-05,5Y,1,platform_current_daily_0629_adapter,0,0.5147202632019644,1,false,D5Y,5Y10,5Y_weekmap_top120_seed_quota_7sig_combo_rolling40_target_0.50_mtd_floor_0.50_causal,TB5YWI0C,active_abstain,,0,,1,1,,0.5147202632019644,0.505,0.18792866941015088,fixed_vote,-1,0,1,-1,-3,-2.0,0,0,current,,,,
2026-01-05,2026-01-06,5Y,1,platform_current_daily_0629_adapter,1,0.5194816518570919,1,true,D5Y,5Y10,5Y_weekmap_top120_seed_quota_7sig_combo_rolling40_target_0.50_mtd_floor_0.50_causal,TB5YWI0C,active_abstain,,1,,1,1,,0.5194816518570919,0.505,0.21448087431693988,fixed_vote,-1,0,1,1,0,1.0,0,1,current,,,,
2026-01-06,2026-01-07,5Y,1,platform_current_daily_0629_adapter,-1,0.5169133105247309,1,false,D5Y,5Y10,5Y_weekmap_top120_seed_quota_7sig_combo_rolling40_target_0.50_mtd_floor_0.50_causal,TB5YWI0C,active_abstain,,-1,,-1,-1,,0.5169133105247309,0.52,0.9615646258503401,fixed_vote,-5,-6,-1,-1,0,-1.0,-1,-1,current,,,,
2026-01-07,2026-01-08,5Y,1,platform_current_daily_0629_adapter,-1,0.5239900698432058,-1,true,D5Y,5Y10,5Y_weekmap_top120_seed_quota_7sig_combo_rolling40_target_0.50_mtd_floor_0.50_causal,TB5YWI0C,active_abstain,,-1,,1,-1,,0.5239900698432058,0.515,0.7504065040650406,fixed_vote,-3,-2,1,1,0,1.0,-1,-1,current,,,,
2026-01-08,2026-01-09,5Y,1,platform_current_daily_0629_adapter,-1,0.5644401457496269,-1,true,D5Y,5Y10,5Y_weekmap_top120_seed_quota_7sig_combo_rolling40_target_0.50_mtd_floor_0.50_causal,TB5YWI0C,active_abstain,,-1,,1,-1,,0.5644401457496269,0.535,0.8203103913630229,fixed_vote,-3,-2,1,1,0,1.0,-1,-1,current,,,,
2026-01-09,2026-01-12,5Y,1,platform_current_daily_0629_adapter,0,0.5571566075790253,-1,false,D5Y,5Y10,5Y_weekmap_top120_seed_quota_7sig_combo_rolling40_target_0.50_mtd_floor_0.50_causal,TB5YWI0C,active_abstain,,0,,1,1,,0.5571566075790253,0.55,0.17607526881720428,fixed_vote,-1,0,1,1,0,1.0,0,0,current,,,,
2026-01-12,2026-01-13,5Y,1,platform_current_daily_0629_adapter,-1,0.5268131626268406,0,false,D5Y,5Y10,5Y_weekmap_top120_seed_quota_7sig_combo_rolling40_target_0.50_mtd_floor_0.50_causal,TB5YWI0C,active_abstain,,-1,,-1,-1,,0.5268131626268406,0.54,0.8787817938420348,fixed_vote,-3,-4,-1,-1,0,-1.0,-1,-1,current,,,,
2026-01-13,2026-01-14,5Y,1,platform_current_daily_0629_adapter,-1,0.5259366827478826,-1,true,D5Y,5Y10,5Y_weekmap_top120_seed_quota_7sig_combo_rolling40_target_0.50_mtd_floor_0.50_causal,TB5YWI0C,active_abstain,,-1,,1,-1,,0.5259366827478826,0.38,1.294,fixed_vote,-7,-6,1,1,0,1.0,-1,-1,current,,,,
2026-01-14,2026-01-15,5Y,1,platform_current_daily_0629_adapter,-1,0.5259366827478826,-1,true,D5Y,5Y10,5Y_weekmap_top120_seed_quota_7sig_combo_rolling40_target_0.50_mtd_floor_0.50_causal,TB5YWI0C,active_abstain,,-1,,1,-1,,0.5259366827478826,0.38,1.1806772908366534,fixed_vote,-5,-4,1,1,0,1.0,-1,-1,current,,,,
2026-01-15,2026-01-16,5Y,1,platform_current_daily_0629_adapter,-1,0.5268369127321627,-1,true,D5Y,5Y10,5Y_weekmap_top120_seed_quota_7sig_combo_rolling40_target_0.50_mtd_floor_0.50_causal,TB5YWI0C,active_abstain,,-1,,1,-1,,0.5268369127321627,0.38,1.1806878306878308,fixed_vote,-5,-4,1,1,0,1.0,-1,-1,current,,,,
2026-01-16,2026-01-19,5Y,1,platform_current_daily_0629_adapter,-1,0.5268369127321627,1,false,D5Y,5Y10,5Y_weekmap_top120_seed_quota_7sig_combo_rolling40_target_0.50_mtd_floor_0.50_causal,TB5YWI0C,active_abstain,,-1,,1,-1,,0.5268369127321627,0.38,1.179380764163373,fixed_vote,-5,-4,1,1,0,1.0,-1,-1,current,,,,
2026-01-19,2026-01-20,5Y,1,platform_current_daily_0629_adapter,-1,0.5323711137275666,-1,true,D5Y,5Y10,5Y_weekmap_top120_seed_quota_7sig_combo_rolling40_target_0.50_mtd_floor_0.50_causal,TB5YWI0C,active_abstain,,-1,,-1,-1,,0.5323711137275666,0.535,1.031758530183727,fixed_vote,-7,-8,-1,-1,0,-1.0,-1,-1,current,,,,
2026-01-20,2026-01-21,5Y,1,platform_current_daily_0629_adapter,-1,0.5477617092374107,0,false,D5Y,5Y10,5Y_weekmap_top120_seed_quota_7sig_combo_rolling40_target_0.50_mtd_floor_0.50_causal,TB5YWI0C,active_abstain,,-1,,1,-1,,0.5477617092374107,0.545,1.0016339869281046,fixed_vote,-7,-6,1,1,0,1.0,-1,-1,current,,,,
2026-01-21,2026-01-22,5Y,1,platform_current_daily_0629_adapter,0,0.5477595239263058,1,false,D5Y,5Y10,5Y_weekmap_top120_seed_quota_7sig_combo_rolling40_target_0.50_mtd_floor_0.50_causal,TB5YWI0C,active_abstain,,0,,1,-1,,0.5477595239263058,0.545,0.69765625,fixed_vote,-3,-2,1,1,0,1.0,-1,0,current,,,,
2026-01-22,2026-01-23,5Y,1,platform_current_daily_0629_adapter,-1,0.5477595239263058,-1,true,D5Y,5Y10,5Y_weekmap_top120_seed_quota_7sig_combo_rolling40_target_0.50_mtd_floor_0.50_causal,TB5YWI0C,active_abstain,,-1,,1,-1,,0.5477595239263058,0.545,0.8863164721141374,fixed_vote,-5,-4,1,1,0,1.0,-1,-1,current,,,,
2026-01-23,2026-01-26,5Y,1,platform_current_daily_0629_adapter,-1,0.7341602784534631,1,false,D5Y,5Y10,5Y_weekmap_top120_seed_quota_7sig_combo_rolling40_target_0.50_mtd_floor_0.50_causal,TB5YWI0C,active_abstain,,-1,,1,-1,,0.7341602784534631,0.505,0.9921188630490956,fixed_vote,-3,-2,1,1,0,1.0,-1,-1,current,,,,
2026-01-26,2026-01-27,5Y,1,platform_current_daily_0629_adapter,0,0.5323711137275666,1,false,D5Y,5Y10,5Y_weekmap_top120_seed_quota_7sig_combo_rolling40_target_0.50_mtd_floor_0.50_causal,TB5YWI0C,active_abstain,,0,,-1,-1,,0.5323711137275666,0.535,0.7998069498069498,fixed_vote,-3,-4,-1,-1,0,-1.0,-1,0,current,,,,
2026-01-27,2026-01-28,5Y,1,platform_current_daily_0629_adapter,0,0.5375041277698936,-1,false,D5Y,5Y10,5Y_weekmap_top120_seed_quota_7sig_combo_rolling40_target_0.50_mtd_floor_0.50_causal,TB5YWI0C,active_abstain,,0,,-1,-1,,0.5375041277698936,0.54,0.7987179487179488,fixed_vote,-3,-4,-1,-1,0,-1.0,-1,0,current,,,,
2026-01-28,2026-01-29,5Y,1,platform_current_daily_0629_adapter,0,0.5525824170465103,1,false,D5Y,5Y10,5Y_weekmap_top120_seed_quota_7sig_combo_rolling40_target_0.50_mtd_floor_0.50_causal,TB5YWI0C,active_abstain,,0,,1,-1,,0.5525824170465103,0.55,0.6948275862068964,fixed_vote,-3,-2,1,1,0,1.0,-1,0,current,,,,
2026-01-29,2026-01-30,5Y,1,platform_current_daily_0629_adapter,0,0.5375041277698936,-1,false,D5Y,5Y10,5Y_weekmap_top120_seed_quota_7sig_combo_rolling40_target_0.50_mtd_floor_0.50_causal,TB5YWI0C,active_abstain,,0,,-1,-1,,0.5375041277698936,0.54,0.7991094147582697,fixed_vote,-3,-4,-1,-1,0,-1.0,-1,0,current,,,,
2026-01-30,2026-02-02,5Y,1,platform_current_daily_0629_adapter,-1,0.5952604466528204,0,false,D5Y,5Y10,5Y_weekmap_top120_seed_quota_7sig_combo_rolling40_target_0.50_mtd_floor_0.50_causal,TB5YWI0C,active_abstain,,-1,,1,-1,,0.5952604466528204,0.515,1.1212294043092523,fixed_vote,-5,-4,1,1,0,1.0,-1,-1,current,,,,
2026-02-02,2026-02-03,5Y,1,platform_current_daily_0629_adapter,-1,0.6071056314089999,-1,true,D5Y,5Y10,5Y_weekmap_top120_seed_quota_7sig_combo_rolling40_target_0.50_mtd_floor_0.50_causal,TB5YWI0C,active_abstain,,-1,,1,-1,,0.6071056314089999,0.495,0.960479797979798,fixed_vote,-3,-2,1,1,0,1.0,-1,-1,current,,,,
2026-02-03,2026-02-04,5Y,1,platform_current_daily_0629_adapter,-1,0.5903251064887103,1,false,D5Y,5Y10,5Y_weekmap_top120_seed_quota_7sig_combo_rolling40_target_0.50_mtd_floor_0.50_causal,TB5YWI0C,active_abstain,,-1,,1,-1,,0.5903251064887103,0.495,0.9443396226415095,fixed_vote,-3,-2,1,1,0,1.0,-1,-1,current,,,,
2026-02-04,2026-02-05,5Y,1,platform_current_daily_0629_adapter,-1,0.5381968461504106,-1,true,D5Y,5Y10,5Y_weekmap_top120_seed_quota_7sig_combo_rolling40_target_0.50_mtd_floor_0.50_causal,TB5YWI0C,active_abstain,,-1,,1,-1,,0.5381968461504106,0.535,0.8969924812030075,fixed_vote,-5,-4,1,1,0,1.0,-1,-1,current,,,,
2026-02-05,2026-02-06,5Y,1,platform_current_daily_0629_adapter,-1,0.5591702039026608,-1,true,D5Y,5Y10,5Y_weekmap_top120_seed_quota_7sig_combo_rolling40_target_0.50_mtd_floor_0.50_causal,TB5YWI0C,active_abstain,,-1,,1,-1,,0.5591702039026608,0.53,1.0048064918851436,fixed_vote,-5,-4,1,1,0,1.0,-1,-1,current,,,,
2026-02-06,2026-02-09,5Y,1,platform_current_daily_0629_adapter,0,0.5483275312690515,-1,false,D5Y,5Y10,5Y_weekmap_top120_seed_quota_7sig_combo_rolling40_target_0.50_mtd_floor_0.50_causal,TB5YWI0C,active_abstain,,0,,1,-1,,0.5483275312690515,0.53,0.7884328358208954,fixed_vote,-3,-2,1,1,0,1.0,-1,0,current,,,,
2026-02-09,2026-02-10,5Y,1,platform_current_daily_0629_adapter,0,0.5323711137275666,-1,false,D5Y,5Y10,5Y_weekmap_top120_seed_quota_7sig_combo_rolling40_target_0.50_mtd_floor_0.50_causal,TB5YWI0C,active_abstain,,0,,-1,-1,,0.5323711137275666,0.535,0.8004337050805452,fixed_vote,-3,-4,-1,-1,0,-1.0,-1,0,current,,,,
2026-02-10,2026-02-11,5Y,1,platform_current_daily_0629_adapter,0,0.5375041277698936,-1,false,D5Y,5Y10,5Y_weekmap_top120_seed_quota_7sig_combo_rolling40_target_0.50_mtd_floor_0.50_causal,TB5YWI0C,active_abstain,,0,,-1,-1,,0.5375041277698936,0.54,0.7962962962962963,fixed_vote,-3,-4,-1,-1,0,-1.0,-1,0,current,,,,
2026-02-11,2026-02-12,5Y,1,platform_current_daily_0629_adapter,0,0.5426368968258761,-1,false,D5Y,5Y10,5Y_weekmap_top120_seed_quota_7sig_combo_rolling40_target_0.50_mtd_floor_0.50_causal,TB5YWI0C,active_abstain,,0,,-1,-1,,0.5426368968258761,0.545,0.21648216482164825,fixed_vote,-1,-2,-1,-1,0,-1.0,0,0,current,,,,
2026-02-12,2026-02-13,5Y,1,platform_current_daily_0629_adapter,-1,0.5426368968258761,1,false,D5Y,5Y10,5Y_weekmap_top120_seed_quota_7sig_combo_rolling40_target_0.50_mtd_floor_0.50_causal,TB5YWI0C,active_abstain,,-1,,-1,-1,,0.5426368968258761,0.545,0.7948529411764705,fixed_vote,-3,-4,-1,-1,0,-1.0,-1,-1,current,,,,
2026-02-13,2026-02-24,5Y,1,platform_current_daily_0629_adapter,0,0.5375041277698936,-1,false,D5Y,5Y10,5Y_weekmap_top120_seed_quota_7sig_combo_rolling40_target_0.50_mtd_floor_0.50_causal,TB5YWI0C,active_abstain,,0,,-1,-1,,0.5375041277698936,0.54,0.7993284493284494,fixed_vote,-3,-4,-1,-1,0,-1.0,-1,0,current,,,,
2026-02-24,2026-02-25,5Y,1,platform_current_daily_0629_adapter,-1,0.5375041277698936,1,false,D5Y,5Y10,5Y_weekmap_top120_seed_quota_7sig_combo_rolling40_target_0.50_mtd_floor_0.50_causal,TB5YWI0C,active_abstain,,-1,,-1,-1,,0.5375041277698936,0.54,0.2214111922141119,fixed_vote,-1,-2,-1,-1,0,-1.0,0,-1,current,,,,
2026-02-25,2026-02-26,5Y,1,platform_current_daily_0629_adapter,0,0.5375041277698936,1,false,D5Y,5Y10,5Y_weekmap_top120_seed_quota_7sig_combo_rolling40_target_0.50_mtd_floor_0.50_causal,TB5YWI0C,active_abstain,,0,,-1,-1,,0.5375041277698936,0.54,0.8009090909090908,fixed_vote,-3,-4,-1,-1,0,-1.0,-1,0,current,,,,
2026-02-26,2026-02-27,5Y,1,platform_current_daily_0629_adapter,-1,0.5426368968258761,-1,true,D5Y,5Y10,5Y_weekmap_top120_seed_quota_7sig_combo_rolling40_target_0.50_mtd_floor_0.50_causal,TB5YWI0C,active_abstain,,-1,,-1,-1,,0.5426368968258761,0.545,0.9550724637681158,fixed_vote,-5,-6,-1,-1,0,-1.0,-1,-1,current,,,,
2026-02-27,2026-03-02,5Y,1,platform_current_daily_0629_adapter,0,0.5426368968258761,-1,false,D5Y,5Y10,5Y_weekmap_top120_seed_quota_7sig_combo_rolling40_target_0.50_mtd_floor_0.50_causal,TB5YWI0C,active_abstain,,0,,-1,-1,,0.5426368968258761,0.545,0.794043321299639,fixed_vote,-3,-4,-1,-1,0,-1.0,-1,0,current,,,,
2026-03-02,2026-03-03,5Y,1,platform_current_daily_0629_adapter,1,0.5477694042136362,1,true,D5Y,5Y10,5Y_weekmap_top120_seed_quota_7sig_combo_rolling40_target_0.50_mtd_floor_0.50_causal,TB5YWI0C,active_abstain,,1,,-1,1,,0.5477694042136362,0.55,0.1223021582733813,fixed_vote,1,0,-1,-1,0,-1.0,0,1,current,,,,
2026-03-03,2026-03-04,5Y,1,platform_current_daily_0629_adapter,-1,0.5426368968258761,-1,true,D5Y,5Y10,5Y_weekmap_top120_seed_quota_7sig_combo_rolling40_target_0.50_mtd_floor_0.50_causal,TB5YWI0C,active_abstain,,-1,,-1,-1,,0.5426368968258761,0.545,0.9569295101553166,fixed_vote,-5,-6,-1,-1,0,-1.0,-1,-1,current,,,,
2026-03-04,2026-03-05,5Y,1,platform_current_daily_0629_adapter,0,0.5375041277698936,1,false,D5Y,5Y10,5Y_weekmap_top120_seed_quota_7sig_combo_rolling40_target_0.50_mtd_floor_0.50_causal,TB5YWI0C,active_abstain,,0,,-1,-1,,0.5375041277698936,0.54,0.8029761904761905,fixed_vote,-3,-4,-1,-1,0,-1.0,-1,0,current,,,,
2026-03-05,2026-03-06,5Y,1,platform_current_daily_0629_adapter,0,0.5375041277698936,1,false,D5Y,5Y10,5Y_weekmap_top120_seed_quota_7sig_combo_rolling40_target_0.50_mtd_floor_0.50_causal,TB5YWI0C,active_abstain,,0,,-1,-1,,0.5375041277698936,0.54,0.8031435349940688,fixed_vote,-3,-4,-1,-1,0,-1.0,-1,0,current,,,,
2026-03-06,2026-03-09,5Y,1,platform_current_daily_0629_adapter,-1,0.5375041277698936,1,false,D5Y,5Y10,5Y_weekmap_top120_seed_quota_7sig_combo_rolling40_target_0.50_mtd_floor_0.50_causal,TB5YWI0C,active_abstain,,-1,,-1,-1,,0.5375041277698936,0.54,0.9658392434988179,fixed_vote,-5,-6,-1,-1,0,-1.0,-1,-1,current,,,,
2026-03-09,2026-03-10,5Y,1,platform_current_daily_0629_adapter,-1,0.5375041277698936,-1,true,D5Y,5Y10,5Y_weekmap_top120_seed_quota_7sig_combo_rolling40_target_0.50_mtd_floor_0.50_causal,TB5YWI0C,active_abstain,,-1,,-1,-1,,0.5375041277698936,0.54,0.9654299175500588,fixed_vote,-5,-6,-1,-1,0,-1.0,-1,-1,current,,,,
2026-03-10,2026-03-11,5Y,1,platform_current_daily_0629_adapter,0,0.541808783147573,1,false,D5Y,5Y10,5Y_weekmap_top120_seed_quota_7sig_combo_rolling40_target_0.50_mtd_floor_0.50_causal,TB5YWI0C,active_abstain,,0,,-1,-1,,0.541808783147573,0.545,0.24119718309859153,fixed_vote,-1,-2,-1,-1,0,-1.0,0,0,current,,,,
2026-03-11,2026-03-12,5Y,1,platform_current_daily_0629_adapter,0,0.5249638429347249,-1,false,D5Y,5Y10,5Y_weekmap_top120_seed_quota_7sig_combo_rolling40_target_0.50_mtd_floor_0.50_causal,TB5YWI0C,active_abstain,,0,,-1,-1,,0.5249638429347249,0.525,0.18187134502923977,fixed_vote,-1,-2,-1,-1,0,-1.0,0,0,current,,,,
2026-03-12,2026-03-13,5Y,1,platform_current_daily_0629_adapter,-1,0.5172268905974298,1,false,D5Y,5Y10,5Y_weekmap_top120_seed_quota_7sig_combo_rolling40_target_0.50_mtd_floor_0.50_causal,TB5YWI0C,active_abstain,,-1,,1,-1,,0.5172268905974298,0.515,0.8762237762237762,fixed_vote,-5,-4,1,1,0,1.0,-1,-1,current,,,,
2026-03-13,2026-03-16,5Y,1,platform_current_daily_0629_adapter,0,0.5197728882457336,1,false,D5Y,5Y10,5Y_weekmap_top120_seed_quota_7sig_combo_rolling40_target_0.50_mtd_floor_0.50_causal,TB5YWI0C,active_abstain,,0,,-1,-1,,0.5197728882457336,0.53,0.2897793263646922,fixed_vote,-1,-2,-1,-1,0,-1.0,0,0,current,,,,
2026-03-16,2026-03-17,5Y,1,platform_current_daily_0629_adapter,-1,0.5301241246921358,-1,true,D5Y,5Y10,5Y_weekmap_top120_seed_quota_7sig_combo_rolling40_target_0.50_mtd_floor_0.50_causal,TB5YWI0C,active_abstain,,-1,,-1,-1,,0.5301241246921358,0.535,0.8395833333333333,fixed_vote,-3,-4,-1,-1,0,-1.0,-1,-1,current,,,,
2026-03-17,2026-03-18,5Y,1,platform_current_daily_0629_adapter,0,0.5289464095129518,-1,false,D5Y,5Y10,5Y_weekmap_top120_seed_quota_7sig_combo_rolling40_target_0.50_mtd_floor_0.50_causal,TB5YWI0C,active_abstain,,0,,-1,-1,,0.5289464095129518,0.53,0.7686851211072664,fixed_vote,-3,-4,-1,-1,0,-1.0,-1,0,current,,,,
2026-03-18,2026-03-19,5Y,1,platform_current_daily_0629_adapter,-1,0.5250036332411073,0,false,D5Y,5Y10,5Y_weekmap_top120_seed_quota_7sig_combo_rolling40_target_0.50_mtd_floor_0.50_causal,TB5YWI0C,active_abstain,,-1,,-1,-1,,0.5250036332411073,0.53,0.26264367816091955,fixed_vote,-1,-2,-1,-1,0,-1.0,0,-1,current,,,,
2026-03-19,2026-03-20,5Y,1,platform_current_daily_0629_adapter,-1,0.5189193773511825,0,false,D5Y,5Y10,5Y_weekmap_top120_seed_quota_7sig_combo_rolling40_target_0.50_mtd_floor_0.50_causal,TB5YWI0C,active_abstain,,-1,,-1,-1,,0.5189193773511825,0.52,0.9336197021764032,fixed_vote,-5,-6,-1,-1,0,-1.0,-1,-1,current,,,,
2026-03-20,2026-03-23,5Y,1,platform_current_daily_0629_adapter,-1,0.5189193773511825,1,false,D5Y,5Y10,5Y_weekmap_top120_seed_quota_7sig_combo_rolling40_target_0.50_mtd_floor_0.50_causal,TB5YWI0C,active_abstain,,-1,,-1,-1,,0.5189193773511825,0.52,0.9333333333333333,fixed_vote,-5,-6,-1,-1,0,-1.0,-1,-1,current,,,,
2026-03-23,2026-03-24,5Y,1,platform_current_daily_0629_adapter,-1,0.519937292190257,0,false,D5Y,5Y10,5Y_weekmap_top120_seed_quota_7sig_combo_rolling40_target_0.50_mtd_floor_0.50_causal,TB5YWI0C,active_abstain,,-1,,-1,-1,,0.519937292190257,0.52,0.9250853242320819,fixed_vote,-5,-6,-1,-1,0,-1.0,-1,-1,current,,,,
2026-03-24,2026-03-25,5Y,1,platform_current_daily_0629_adapter,-1,0.5200749883094242,-1,true,D5Y,5Y10,5Y_weekmap_top120_seed_quota_7sig_combo_rolling40_target_0.50_mtd_floor_0.50_causal,TB5YWI0C,active_abstain,,-1,,-1,-1,,0.5200749883094242,0.525,1.0047619047619047,fixed_vote,-5,-6,-1,-1,0,-1.0,-1,-1,current,,,,
2026-03-25,2026-03-26,5Y,1,platform_current_daily_0629_adapter,0,0.5200749883094242,-1,false,D5Y,5Y10,5Y_weekmap_top120_seed_quota_7sig_combo_rolling40_target_0.50_mtd_floor_0.50_causal,TB5YWI0C,active_abstain,,0,,-1,-1,,0.5200749883094242,0.525,0.2632768361581921,fixed_vote,-1,-2,-1,-1,0,-1.0,0,0,current,,,,
2026-03-26,2026-03-27,5Y,1,platform_current_daily_0629_adapter,-1,0.5136174771007771,-1,true,D5Y,5Y10,5Y_weekmap_top120_seed_quota_7sig_combo_rolling40_target_0.50_mtd_floor_0.50_causal,TB5YWI0C,active_abstain,,-1,,-1,-1,,0.5136174771007771,0.52,0.851126126126126,fixed_vote,-3,-4,-1,-1,0,-1.0,-1,-1,current,,,,
2026-03-27,2026-03-30,5Y,1,platform_current_daily_0629_adapter,-1,0.5084747758965786,-1,true,D5Y,5Y10,5Y_weekmap_top120_seed_quota_7sig_combo_rolling40_target_0.50_mtd_floor_0.50_causal,TB5YWI0C,active_abstain,,-1,,-1,-1,,0.5084747758965786,0.515,0.8516835016835017,fixed_vote,-3,-4,-1,-1,0,-1.0,-1,-1,current,,,,
2026-03-30,2026-03-31,5Y,1,platform_current_daily_0629_adapter,-1,0.5120470004196193,1,false,D5Y,5Y10,5Y_weekmap_top120_seed_quota_7sig_combo_rolling40_target_0.50_mtd_floor_0.50_causal,TB5YWI0C,active_abstain,,-1,,-1,-1,,0.5120470004196193,0.515,1.0614093959731543,fixed_vote,-7,-8,-1,-1,0,-1.0,-1,-1,current,,,,
2026-03-31,2026-04-01,5Y,1,platform_current_daily_0629_adapter,-1,0.5134116570581636,1,false,D5Y,5Y10,5Y_weekmap_top120_seed_quota_7sig_combo_rolling40_target_0.50_mtd_floor_0.50_causal,TB5YWI0C,active_abstain,,-1,,1,-1,,0.5134116570581636,0.51,0.9135451505016723,fixed_vote,-5,-4,1,1,0,1.0,-1,-1,current,,,,
2026-04-01,2026-04-02,5Y,1,platform_current_daily_0629_adapter,-1,0.5084657327590335,-1,true,D5Y,5Y10,5Y_weekmap_top120_seed_quota_7sig_combo_rolling40_target_0.50_mtd_floor_0.50_causal,TB5YWI0C,active_abstain,,-1,,-1,-1,,0.5084657327590335,0.53,1.077777777777778,fixed_vote,-5,-6,-1,-1,0,-1.0,-1,-1,current,,,,
2026-04-02,2026-04-03,5Y,1,platform_current_daily_0629_adapter,0,0.5164589820731317,0,true,D5Y,5Y10,5Y_weekmap_top120_seed_quota_7sig_combo_rolling40_target_0.50_mtd_floor_0.50_causal,TB5YWI0C,active_abstain,,0,,-1,-1,,0.5164589820731317,0.52,0.8223145071982281,fixed_vote,-3,-4,-1,-1,0,-1.0,-1,0,current,,,,
2026-04-03,2026-04-07,5Y,1,platform_current_daily_0629_adapter,-1,0.5255760341666921,1,false,D5Y,5Y10,5Y_weekmap_top120_seed_quota_7sig_combo_rolling40_target_0.50_mtd_floor_0.50_causal,TB5YWI0C,active_abstain,,-1,,1,-1,,0.5255760341666921,0.52,0.9311258278145695,fixed_vote,-5,-4,1,1,0,1.0,-1,-1,current,,,,
2026-04-07,2026-04-08,5Y,1,platform_current_daily_0629_adapter,-1,0.5135659458903634,1,false,D5Y,5Y10,5Y_weekmap_top120_seed_quota_7sig_combo_rolling40_target_0.50_mtd_floor_0.50_causal,TB5YWI0C,active_abstain,,-1,,-1,-1,,0.5135659458903634,0.52,1.0172167216721673,fixed_vote,-5,-6,-1,-1,0,-1.0,-1,-1,current,,,,
2026-04-08,2026-04-09,5Y,1,platform_current_daily_0629_adapter,-1,0.5106054931253198,1,false,D5Y,5Y10,5Y_weekmap_top120_seed_quota_7sig_combo_rolling40_target_0.50_mtd_floor_0.50_causal,TB5YWI0C,active_abstain,,-1,,-1,-1,,0.5106054931253198,0.52,1.1131578947368421,fixed_vote,-7,-8,-1,-1,0,-1.0,-1,-1,current,,,,
2026-04-09,2026-04-10,5Y,1,platform_current_daily_0629_adapter,0,0.5169707514320216,-1,false,D5Y,5Y10,5Y_weekmap_top120_seed_quota_7sig_combo_rolling40_target_0.50_mtd_floor_0.50_causal,TB5YWI0C,active_abstain,,0,,-1,-1,,0.5169707514320216,0.52,0.8101092896174863,fixed_vote,-3,-4,-1,-1,0,-1.0,-1,0,current,,,,
2026-04-10,2026-04-13,5Y,1,platform_current_daily_0629_adapter,0,0.5169707514320216,0,true,D5Y,5Y10,5Y_weekmap_top120_seed_quota_7sig_combo_rolling40_target_0.50_mtd_floor_0.50_causal,TB5YWI0C,active_abstain,,0,,-1,-1,,0.5169707514320216,0.52,0.810239651416122,fixed_vote,-3,-4,-1,-1,0,-1.0,-1,0,current,,,,
2026-04-13,2026-04-14,5Y,1,platform_current_daily_0629_adapter,-1,0.5169707514320216,-1,true,D5Y,5Y10,5Y_weekmap_top120_seed_quota_7sig_combo_rolling40_target_0.50_mtd_floor_0.50_causal,TB5YWI0C,active_abstain,,-1,,-1,-1,,0.5169707514320216,0.52,0.9792073832790444,fixed_vote,-5,-6,-1,-1,0,-1.0,-1,-1,current,,,,
2026-04-14,2026-04-15,5Y,1,platform_current_daily_0629_adapter,-1,0.5106054931253198,-1,true,D5Y,5Y10,5Y_weekmap_top120_seed_quota_7sig_combo_rolling40_target_0.50_mtd_floor_0.50_causal,TB5YWI0C,active_abstain,,-1,,-1,-1,,0.5106054931253198,0.52,1.1146103896103896,fixed_vote,-7,-8,-1,-1,0,-1.0,-1,-1,current,,,,
2026-04-15,2026-04-16,5Y,1,platform_current_daily_0629_adapter,-1,0.5121280602762575,-1,true,D5Y,5Y10,5Y_weekmap_top120_seed_quota_7sig_combo_rolling40_target_0.50_mtd_floor_0.50_causal,TB5YWI0C,active_abstain,,-1,,-1,-1,,0.5121280602762575,0.515,1.0565803667745415,fixed_vote,-7,-8,-1,-1,0,-1.0,-1,-1,current,,,,
2026-04-16,2026-04-17,5Y,1,platform_current_daily_0629_adapter,-1,0.525640216074827,-1,true,D5Y,5Y10,5Y_weekmap_top120_seed_quota_7sig_combo_rolling40_target_0.50_mtd_floor_0.50_causal,TB5YWI0C,active_abstain,,-1,,1,-1,,0.525640216074827,0.515,0.9612903225806451,fixed_vote,-5,-4,1,1,0,1.0,-1,-1,current,,,,
2026-04-17,2026-04-20,5Y,1,platform_current_daily_0629_adapter,-1,0.5100516285930821,1,false,D5Y,5Y10,5Y_weekmap_top120_seed_quota_7sig_combo_rolling40_target_0.50_mtd_floor_0.50_causal,TB5YWI0C,active_abstain,,-1,,-1,-1,,0.5100516285930821,0.515,1.0005894962486601,fixed_vote,-5,-6,-1,-1,0,-1.0,-1,-1,current,,,,
2026-04-20,2026-04-21,5Y,1,platform_current_daily_0629_adapter,0,0.5060762087514317,-1,false,D5Y,5Y10,5Y_weekmap_top120_seed_quota_7sig_combo_rolling40_target_0.50_mtd_floor_0.50_causal,TB5YWI0C,active_abstain,,0,,-1,-1,,0.5060762087514317,0.51,0.8174145299145299,fixed_vote,-3,-4,-1,-1,0,-1.0,-1,0,current,,,,
2026-04-21,2026-04-22,5Y,1,platform_current_daily_0629_adapter,-1,0.5096122711593621,-1,true,D5Y,5Y10,5Y_weekmap_top120_seed_quota_7sig_combo_rolling40_target_0.50_mtd_floor_0.50_causal,TB5YWI0C,active_abstain,,-1,,-1,-1,,0.5096122711593621,0.525,1.0592651757188498,fixed_vote,-5,-6,-1,-1,0,-1.0,-1,-1,current,,,,
2026-04-22,2026-04-23,5Y,1,platform_current_daily_0629_adapter,0,0.5076044733471511,-1,false,D5Y,5Y10,5Y_weekmap_top120_seed_quota_7sig_combo_rolling40_target_0.50_mtd_floor_0.50_causal,TB5YWI0C,active_abstain,,0,,-1,-1,,0.5076044733471511,0.51,0.20859872611464966,fixed_vote,-1,-2,-1,-1,0,-1.0,0,0,current,,,,
2026-04-23,2026-04-24,5Y,1,platform_current_daily_0629_adapter,0,0.5068228661107403,1,false,D5Y,5Y10,5Y_weekmap_top120_seed_quota_7sig_combo_rolling40_target_0.50_mtd_floor_0.50_causal,TB5YWI0C,active_abstain,,0,,-1,-1,,0.5068228661107403,0.51,0.23650793650793647,fixed_vote,-1,-2,-1,-1,0,-1.0,0,0,current,,,,
2026-04-24,2026-04-27,5Y,1,platform_current_daily_0629_adapter,0,0.5013479621663357,1,false,D5Y,5Y10,5Y_weekmap_top120_seed_quota_7sig_combo_rolling40_target_0.50_mtd_floor_0.50_causal,TB5YWI0C,active_abstain,,0,,-1,-1,,0.5013479621663357,0.505,0.8167721518987342,fixed_vote,-3,-4,-1,-1,0,-1.0,-1,0,current,,,,
2026-04-27,2026-04-28,5Y,1,platform_current_daily_0629_adapter,0,0.5054988343559027,-1,false,D5Y,5Y10,5Y_weekmap_top120_seed_quota_7sig_combo_rolling40_target_0.50_mtd_floor_0.50_causal,TB5YWI0C,active_abstain,,0,,-1,-1,,0.5054988343559027,0.51,0.8258149316508938,fixed_vote,-3,-4,-1,-1,0,-1.0,-1,0,current,,,,
2026-04-28,2026-04-29,5Y,1,platform_current_daily_0629_adapter,0,0.5349046092060822,-1,false,D5Y,5Y10,5Y_weekmap_top120_seed_quota_7sig_combo_rolling40_target_0.50_mtd_floor_0.50_causal,TB5YWI0C,active_abstain,,0,,1,1,,0.5349046092060822,0.51,0.3422431865828092,fixed_vote,1,2,1,1,0,1.0,0,0,current,,,,
2026-04-29,2026-04-30,5Y,1,platform_current_daily_0629_adapter,0,0.5023096426916239,1,false,D5Y,5Y10,5Y_weekmap_top120_seed_quota_7sig_combo_rolling40_target_0.50_mtd_floor_0.50_causal,TB5YWI0C,active_abstain,,0,,-1,1,,0.5023096426916239,0.505,0.14420062695924765,fixed_vote,1,0,-1,-1,0,-1.0,0,0,current,,,,
2026-04-30,2026-05-06,5Y,1,platform_current_daily_0629_adapter,-1,0.5063033705333251,1,false,D5Y,5Y10,5Y_weekmap_top120_seed_quota_7sig_combo_rolling40_target_0.50_mtd_floor_0.50_causal,TB5YWI0C,active_abstain,,-1,,-1,-1,,0.5063033705333251,0.51,0.8192708333333333,fixed_vote,-3,-4,-1,-1,0,-1.0,-1,-1,current,,,,
2026-05-06,2026-05-07,5Y,1,platform_current_daily_0629_adapter,-1,0.5100151105135121,-1,true,D5Y,5Y10,5Y_weekmap_top120_seed_quota_7sig_combo_rolling40_target_0.50_mtd_floor_0.50_causal,TB5YWI0C,active_abstain,,-1,,-1,-1,,0.5100151105135121,0.515,0.26479750778816197,fixed_vote,-1,-2,-1,-1,0,-1.0,0,-1,current,,,,
2026-05-07,2026-05-08,5Y,1,platform_current_daily_0629_adapter,0,0.5345379646200972,-1,false,D5Y,5Y10,5Y_weekmap_top120_seed_quota_7sig_combo_rolling40_target_0.50_mtd_floor_0.50_causal,TB5YWI0C,active_abstain,,0,,1,1,,0.5345379646200972,0.53,0.17650103519668736,fixed_vote,-1,0,1,1,0,1.0,0,0,current,,,,
2026-05-08,2026-05-11,5Y,1,platform_current_daily_0629_adapter,1,0.5274989414722371,-1,false,D5Y,5Y10,5Y_weekmap_top120_seed_quota_7sig_combo_rolling40_target_0.50_mtd_floor_0.50_causal,TB5YWI0C,active_abstain,,1,,-1,1,,0.5274989414722371,0.53,0.14086687306501547,fixed_vote,1,0,-1,-1,0,-1.0,0,1,current,,,,
2026-05-11,2026-05-12,5Y,1,platform_current_daily_0629_adapter,-1,0.5024829774319035,-1,true,D5Y,5Y10,5Y_weekmap_top120_seed_quota_7sig_combo_rolling40_target_0.50_mtd_floor_0.50_causal,TB5YWI0C,active_abstain,,-1,,-1,-1,,0.5024829774319035,0.515,0.8885802469135802,fixed_vote,-3,-4,-1,-1,0,-1.0,-1,-1,short_lowconf_flip_0.030,,,,
2026-05-12,2026-05-13,5Y,1,platform_current_daily_0629_adapter,0,0.49518242995842676,-1,false,D5Y,5Y10,5Y_weekmap_top120_seed_quota_7sig_combo_rolling40_target_0.50_mtd_floor_0.50_causal,TB5YWI0C,active_abstain,,0,,-1,-1,,0.49518242995842676,0.51,0.3241025641025641,fixed_vote,-1,-2,-1,-1,0,-1.0,0,0,short_lowconf_flip_0.030,,,,
2026-05-13,2026-05-14,5Y,1,platform_current_daily_0629_adapter,0,0.49779614299312486,0,true,D5Y,5Y10,5Y_weekmap_top120_seed_quota_7sig_combo_rolling40_target_0.50_mtd_floor_0.50_causal,TB5YWI0C,active_abstain,,0,,-1,1,,0.49779614299312486,0.51,0.23006134969325154,fixed_vote,1,0,-1,-1,0,-1.0,0,0,short_lowconf_flip_0.030,,,,
2026-05-14,2026-05-15,5Y,1,platform_current_daily_0629_adapter,-1,0.5233912259368046,-1,true,D5Y,5Y10,5Y_weekmap_top120_seed_quota_7sig_combo_rolling40_target_0.50_mtd_floor_0.50_causal,TB5YWI0C,active_abstain,,-1,,-1,1,,0.5233912259368046,0.53,0.20081549439347604,fixed_vote,1,0,-1,-1,0,-1.0,0,1,short_lowconf_flip_0.030,,,,
2026-05-15,2026-05-18,5Y,1,platform_current_daily_0629_adapter,0,0.48637434153143694,-1,false,D5Y,5Y10,5Y_weekmap_top120_seed_quota_7sig_combo_rolling40_target_0.50_mtd_floor_0.50_causal,TB5YWI0C,active_abstain,,0,,-1,1,,0.48637434153143694,0.53,0.31300813008130085,fixed_vote,1,0,-1,-1,0,-1.0,0,0,short_lowconf_flip_0.030,,,,
2026-05-18,2026-05-19,5Y,1,platform_current_daily_0629_adapter,-1,0.4870182499558283,-1,true,D5Y,5Y10,5Y_weekmap_top120_seed_quota_7sig_combo_rolling40_target_0.50_mtd_floor_0.50_causal,TB5YWI0C,active_abstain,,-1,,-1,1,,0.4870182499558283,0.495,0.21175278622087132,fixed_vote,1,0,-1,-1,0,-1.0,0,1,short_lowconf_flip_0.030,,,,
2026-05-19,2026-05-20,5Y,1,platform_current_daily_0629_adapter,0,0.4805212430610946,1,false,D5Y,5Y10,5Y_weekmap_top120_seed_quota_7sig_combo_rolling40_target_0.50_mtd_floor_0.50_causal,TB5YWI0C,active_abstain,,0,,-1,1,,0.4805212430610946,0.515,0.2898989898989899,fixed_vote,1,0,-1,-1,0,-1.0,0,0,short_lowconf_flip_0.030,,,,
2026-05-20,2026-05-21,5Y,1,platform_current_daily_0629_adapter,1,0.47685853929607797,1,true,D5Y,5Y10,5Y_weekmap_top120_seed_quota_7sig_combo_rolling40_target_0.50_mtd_floor_0.50_causal,TB5YWI0C,active_abstain,,1,,-1,1,,0.47685853929607797,0.525,0.3293051359516616,fixed_vote,1,0,-1,-1,0,-1.0,0,1,short_lowconf_flip_0.030,,,,
2026-05-21,2026-05-22,5Y,1,platform_current_daily_0629_adapter,0,0.5058806273064805,1,false,D5Y,5Y10,5Y_weekmap_top120_seed_quota_7sig_combo_rolling40_target_0.50_mtd_floor_0.50_causal,TB5YWI0C,active_abstain,,0,,-1,1,,0.5058806273064805,0.53,0.8213855421686747,fixed_vote,3,2,-1,-1,0,-1.0,1,0,short_lowconf_flip_0.030,,,,
2026-05-22,2026-05-25,5Y,1,platform_current_daily_0629_adapter,-1,0.5286042636872265,-1,true,D5Y,5Y10,5Y_weekmap_top120_seed_quota_7sig_combo_rolling40_target_0.50_mtd_floor_0.50_causal,TB5YWI0C,active_abstain,,-1,,1,1,,0.5286042636872265,0.51,1.0817317317317316,fixed_vote,5,6,1,1,0,1.0,1,1,short_lowconf_flip_0.030,,,,
2026-05-25,2026-05-26,5Y,1,platform_current_daily_0629_adapter,0,0.4915668964166552,-1,false,D5Y,5Y10,5Y_weekmap_top120_seed_quota_7sig_combo_rolling40_target_0.50_mtd_floor_0.50_causal,TB5YWI0C,active_abstain,,0,,-1,1,,0.4915668964166552,0.495,0.7167664670658682,fixed_vote,3,2,-1,-1,0,-1.0,1,0,short_lowconf_flip_0.030,,,,
2026-05-26,2026-05-27,5Y,1,platform_current_daily_0629_adapter,-1,0.4898802335676352,-1,true,D5Y,5Y10,5Y_weekmap_top120_seed_quota_7sig_combo_rolling40_target_0.50_mtd_floor_0.50_causal,TB5YWI0C,active_abstain,,-1,,-1,1,,0.4898802335676352,0.49,0.8460199004975124,fixed_vote,5,4,-1,-1,0,-1.0,1,1,short_lowconf_flip_0.030,,,,
2026-05-27,2026-05-28,5Y,1,platform_current_daily_0629_adapter,0,0.4317254453372546,-1,false,D5Y,5Y10,5Y_weekmap_top120_seed_quota_7sig_combo_rolling40_target_0.50_mtd_floor_0.50_causal,TB5YWI0C,active_abstain,,0,,-1,-1,,0.4317254453372546,0.52,0.46626984126984133,fixed_vote,-1,-2,-1,-1,0,-1.0,0,0,short_lowconf_flip_0.030,,,,
2026-05-28,2026-05-29,5Y,1,platform_current_daily_0629_adapter,-1,0.49817305064892786,-1,true,D5Y,5Y10,5Y_weekmap_top120_seed_quota_7sig_combo_rolling40_target_0.50_mtd_floor_0.50_causal,TB5YWI0C,active_abstain,,-1,,-1,-1,,0.49817305064892786,0.565,0.4352126607319486,fixed_vote,-1,-2,-1,-1,0,-1.0,0,-1,short_lowconf_flip_0.030,,,,
