feature_date,target_date,target_tenor,horizon,benchmark_role,direction,confidence,label,is_correct
2025-01-02,2025-01-09,3Y,5,historical/source-original,1,0.41707720235907797,1,true
2025-01-03,2025-01-10,3Y,5,historical/source-original,1,0.41721671181684417,1,true
2025-01-06,2025-01-13,3Y,5,historical/source-original,1,0.41735827046406887,1,true
2025-01-07,2025-01-14,3Y,5,historical/source-original,1,0.41512917637342167,1,true
2025-01-08,2025-01-15,3Y,5,historical/source-original,1,0.41505004812540863,1,true
2025-01-09,2025-01-16,3Y,5,historical/source-original,1,0.4149697439563365,1,true
2025-01-10,2025-01-17,3Y,5,historical/source-original,1,0.4148882374615063,1,true
2025-01-13,2025-01-20,3Y,5,historical/source-original,1,0.44117443715390087,1,true
2025-01-14,2025-01-21,3Y,5,historical/source-original,-1,0.4550751322003732,-1,true
2025-01-15,2025-01-22,3Y,5,historical/source-original,1,0.4566237488881733,1,true
2025-01-16,2025-01-23,3Y,5,historical/source-original,1,0.46213898469612413,1,true
2025-01-17,2025-01-24,3Y,5,historical/source-original,1,0.4694782551028388,1,true
2025-01-20,2025-01-27,3Y,5,historical/source-original,1,0.44762554841971575,1,true
2025-01-21,2025-02-05,3Y,5,historical/source-original,1,0.4482253286393509,1,true
2025-01-22,2025-02-06,3Y,5,historical/source-original,1,0.4368211642017195,1,true
2025-01-23,2025-02-07,3Y,5,historical/source-original,1,0.4517510679195947,-1,false
2025-01-24,2025-02-10,3Y,5,historical/source-original,1,0.4750418484023905,-1,false
2025-01-27,2025-02-11,3Y,5,historical/source-original,-1,0.4669272063106556,-1,true
2025-02-05,2025-02-12,3Y,5,historical/source-original,1,0.4576346765106157,1,true
2025-02-06,2025-02-13,3Y,5,historical/source-original,1,0.4470232975504448,1,true
2025-02-07,2025-02-14,3Y,5,historical/source-original,1,0.4486757521947565,1,true
2025-02-10,2025-02-17,3Y,5,historical/source-original,1,0.46139378259917135,1,true
2025-02-11,2025-02-18,3Y,5,historical/source-original,1,0.5126077428301685,1,true
2025-02-12,2025-02-19,3Y,5,historical/source-original,1,0.4773607198918379,1,true
2025-02-13,2025-02-20,3Y,5,historical/source-original,1,0.4090835675582391,1,true
2025-02-14,2025-02-21,3Y,5,historical/source-original,1,0.4092579296434999,1,true
2025-02-17,2025-02-24,3Y,5,historical/source-original,1,0.4841014064991657,1,true
2025-02-18,2025-02-25,3Y,5,historical/source-original,1,0.48818103240218114,1,true
2025-02-19,2025-02-26,3Y,5,historical/source-original,1,0.4607582534698991,1,true
2025-02-20,2025-02-27,3Y,5,historical/source-original,1,0.463132755069824,1,true
2025-02-21,2025-02-28,3Y,5,historical/source-original,1,0.4763947814622959,1,true
2025-02-24,2025-03-03,3Y,5,historical/source-original,1,0.4689455168429198,-1,false
2025-02-25,2025-03-04,3Y,5,historical/source-original,1,0.4095448743177546,1,true
2025-02-26,2025-03-05,3Y,5,historical/source-original,1,0.4114703505242425,1,true
2025-02-27,2025-03-06,3Y,5,historical/source-original,-1,0.4114015350994822,1,false
2025-02-28,2025-03-07,3Y,5,historical/source-original,-1,0.4441991718173786,1,false
2025-03-03,2025-03-10,3Y,5,historical/source-original,-1,0.4068909003376455,1,false
2025-03-04,2025-03-11,3Y,5,historical/source-original,1,0.44047533464691774,1,true
2025-03-05,2025-03-12,3Y,5,historical/source-original,-1,0.4313984548445435,1,false
2025-03-06,2025-03-13,3Y,5,historical/source-original,1,0.4399531432990211,1,true
2025-03-07,2025-03-14,3Y,5,historical/source-original,1,0.43991552375294773,1,true
2025-03-10,2025-03-17,3Y,5,historical/source-original,1,0.43970064153424054,1,true
2025-03-11,2025-03-18,3Y,5,historical/source-original,-1,0.4283415659054419,-1,true
2025-03-12,2025-03-19,3Y,5,historical/source-original,1,0.42834178188699384,1,true
2025-03-13,2025-03-20,3Y,5,historical/source-original,1,0.47730876950393547,-1,false
2025-03-14,2025-03-21,3Y,5,historical/source-original,1,0.47770661891082006,1,true
2025-03-17,2025-03-24,3Y,5,historical/source-original,-1,0.4511424563315248,-1,true
2025-03-18,2025-03-25,3Y,5,historical/source-original,-1,0.38365943971278993,-1,true
2025-03-19,2025-03-26,3Y,5,historical/source-original,-1,0.3831194299265891,-1,true
2025-03-20,2025-03-27,3Y,5,historical/source-original,-1,0.3691753436244037,-1,true
2025-03-21,2025-03-28,3Y,5,historical/source-original,-1,0.3754713185612045,-1,true
2025-03-24,2025-03-31,3Y,5,historical/source-original,-1,0.3908580278623285,-1,true
2025-03-25,2025-04-01,3Y,5,historical/source-original,-1,0.3987313253836206,-1,true
2025-03-26,2025-04-02,3Y,5,historical/source-original,-1,0.3981503242228851,-1,true
2025-03-27,2025-04-03,3Y,5,historical/source-original,-1,0.40105055058694167,-1,true
2025-03-28,2025-04-07,3Y,5,historical/source-original,-1,0.4005694376564916,-1,true
2025-03-31,2025-04-08,3Y,5,historical/source-original,-1,0.3821178995791662,-1,true
2025-04-01,2025-04-09,3Y,5,historical/source-original,-1,0.3751823321544247,-1,true
2025-04-02,2025-04-10,3Y,5,historical/source-original,-1,0.3680223168119655,-1,true
2025-04-03,2025-04-11,3Y,5,historical/source-original,-1,0.4346485442803274,-1,true
2025-04-07,2025-04-14,3Y,5,historical/source-original,1,0.537887567703462,-1,false
2025-04-08,2025-04-15,3Y,5,historical/source-original,-1,0.40040276280624904,-1,true
2025-04-09,2025-04-16,3Y,5,historical/source-original,1,0.6125895786059667,-1,false
2025-04-10,2025-04-17,3Y,5,historical/source-original,1,0.5854808389523783,1,true
2025-04-11,2025-04-18,3Y,5,historical/source-original,1,0.533238082240098,1,true
2025-04-14,2025-04-21,3Y,5,historical/source-original,1,0.5490269146678345,1,true
2025-04-15,2025-04-22,3Y,5,historical/source-original,1,0.5023652674071338,1,true
2025-04-16,2025-04-23,3Y,5,historical/source-original,1,0.4914581300769268,1,true
2025-04-17,2025-04-24,3Y,5,historical/source-original,1,0.5235499563384246,1,true
2025-04-18,2025-04-25,3Y,5,historical/source-original,1,0.505622811131179,1,true
2025-04-21,2025-04-28,3Y,5,historical/source-original,1,0.4597364805264179,1,true
2025-04-22,2025-04-29,3Y,5,historical/source-original,1,0.49521808922687305,1,true
2025-04-23,2025-04-30,3Y,5,historical/source-original,1,0.46359501634893135,-1,false
2025-04-24,2025-05-06,3Y,5,historical/source-original,-1,0.3802541389133428,-1,true
2025-04-25,2025-05-07,3Y,5,historical/source-original,-1,0.3659900721232175,-1,true
2025-04-28,2025-05-08,3Y,5,historical/source-original,-1,0.3586840419911932,-1,true
2025-04-29,2025-05-09,3Y,5,historical/source-original,1,0.4610400981901421,-1,false
2025-04-30,2025-05-12,3Y,5,historical/source-original,1,0.48199303890690887,-1,false
2025-05-06,2025-05-13,3Y,5,historical/source-original,1,0.40764015651600605,-1,false
2025-05-07,2025-05-14,3Y,5,historical/source-original,1,0.3817940042049788,-1,false
2025-05-08,2025-05-15,3Y,5,historical/source-original,1,0.47373540804044817,1,true
2025-05-09,2025-05-16,3Y,5,historical/source-original,1,0.4605854608885289,1,true
2025-05-12,2025-05-19,3Y,5,historical/source-original,1,0.47103596741728493,1,true
2025-05-13,2025-05-20,3Y,5,historical/source-original,-1,0.32858033445506224,1,false
2025-05-14,2025-05-21,3Y,5,historical/source-original,-1,0.3631926013461468,1,false
2025-05-15,2025-05-22,3Y,5,historical/source-original,-1,0.3610412824316748,0,false
2025-05-16,2025-05-23,3Y,5,historical/source-original,-1,0.3583155150055157,-1,true
2025-05-19,2025-05-26,3Y,5,historical/source-original,-1,0.3566719710177842,-1,true
2025-05-20,2025-05-27,3Y,5,historical/source-original,-1,0.35452063810103235,-1,true
2025-05-21,2025-05-28,3Y,5,historical/source-original,-1,0.3517934344930943,1,false
2025-05-22,2025-05-29,3Y,5,historical/source-original,-1,0.35281976529648973,1,false
2025-05-23,2025-05-30,3Y,5,historical/source-original,-1,0.35281976529648973,-1,true
2025-05-26,2025-06-03,3Y,5,historical/source-original,-1,0.35281976529648973,0,false
2025-05-27,2025-06-04,3Y,5,historical/source-original,-1,0.35281976529648973,-1,true
2025-05-28,2025-06-05,3Y,5,historical/source-original,-1,0.35281976529648973,-1,true
2025-05-29,2025-06-06,3Y,5,historical/source-original,-1,0.35281976529648973,-1,true
2025-05-30,2025-06-09,3Y,5,historical/source-original,-1,0.35281976529648973,-1,true
2025-06-03,2025-06-10,3Y,5,historical/source-original,-1,0.35281976529648973,-1,true
2025-06-04,2025-06-11,3Y,5,historical/source-original,-1,0.35281976529648973,-1,true
2025-06-05,2025-06-12,3Y,5,historical/source-original,1,0.35281976529648973,0,false
2025-06-06,2025-06-13,3Y,5,historical/source-original,-1,0.35006544411242924,-1,true
2025-06-09,2025-06-16,3Y,5,historical/source-original,-1,0.34995590081808836,-1,true
2025-06-10,2025-06-17,3Y,5,historical/source-original,-1,0.34927932737329953,-1,true
2025-06-11,2025-06-18,3Y,5,historical/source-original,-1,0.3470238819640876,-1,true
2025-06-12,2025-06-19,3Y,5,historical/source-original,-1,0.34704502550775423,-1,true
2025-06-13,2025-06-20,3Y,5,historical/source-original,1,0.34704502550775423,-1,false
2025-06-16,2025-06-23,3Y,5,historical/source-original,1,0.3470663494619627,-1,false
2025-06-17,2025-06-24,3Y,5,historical/source-original,1,0.3537176848367994,1,true
2025-06-18,2025-06-25,3Y,5,historical/source-original,1,0.3538199900915405,1,true
2025-06-19,2025-06-26,3Y,5,historical/source-original,1,0.353921023213224,1,true
2025-06-20,2025-06-27,3Y,5,historical/source-original,-1,0.35402080777340517,-1,true
2025-06-23,2025-06-30,3Y,5,historical/source-original,-1,0.3541193667651039,-1,true
2025-06-24,2025-07-01,3Y,5,historical/source-original,-1,0.35421672262043746,-1,true
2025-06-25,2025-07-02,3Y,5,historical/source-original,1,0.35534303209485446,-1,false
2025-06-26,2025-07-03,3Y,5,historical/source-original,-1,0.35534303209485446,-1,true
2025-06-27,2025-07-04,3Y,5,historical/source-original,1,0.3574944790399385,-1,false
2025-06-30,2025-07-07,3Y,5,historical/source-original,1,0.3574944790399385,-1,false
2025-07-01,2025-07-08,3Y,5,historical/source-original,1,0.40461721926803307,-1,false
2025-07-02,2025-07-09,3Y,5,historical/source-original,1,0.3133087040013329,1,true
2025-07-03,2025-07-10,3Y,5,historical/source-original,1,0.2670291651237943,1,true
2025-07-04,2025-07-11,3Y,5,historical/source-original,1,0.23185181047148917,1,true
2025-07-07,2025-07-14,3Y,5,historical/source-original,1,0.2276469621176498,1,true
2025-07-08,2025-07-15,3Y,5,historical/source-original,1,0.20058031470348925,1,true
2025-07-09,2025-07-16,3Y,5,historical/source-original,1,0.1854201780590909,1,true
2025-07-10,2025-07-17,3Y,5,historical/source-original,1,0.17128996329986648,-1,false
2025-07-11,2025-07-18,3Y,5,historical/source-original,1,0.16858082224188983,-1,false
2025-07-14,2025-07-21,3Y,5,historical/source-original,1,0.1608598477813401,-1,false
2025-07-15,2025-07-22,3Y,5,historical/source-original,1,0.3013374268531486,1,true
2025-07-16,2025-07-23,3Y,5,historical/source-original,1,0.21480284588051463,1,true
2025-07-17,2025-07-24,3Y,5,historical/source-original,1,0.20303807349859682,1,true
2025-07-18,2025-07-25,3Y,5,historical/source-original,1,0.19801557931054056,1,true
2025-07-21,2025-07-28,3Y,5,historical/source-original,1,0.2541216556341713,1,true
2025-07-22,2025-07-29,3Y,5,historical/source-original,-1,0.20843297067996253,1,false
2025-07-23,2025-07-30,3Y,5,historical/source-original,-1,0.21151009454459133,1,false
2025-07-24,2025-07-31,3Y,5,historical/source-original,-1,0.18881740189716287,-1,true
2025-07-25,2025-08-01,3Y,5,historical/source-original,-1,0.18995207433111672,-1,true
2025-07-28,2025-08-04,3Y,5,historical/source-original,-1,0.31959751118572977,-1,true
2025-07-29,2025-08-05,3Y,5,historical/source-original,-1,0.34014151270327014,-1,true
2025-07-30,2025-08-06,3Y,5,historical/source-original,-1,0.3242762976580722,-1,true
2025-07-31,2025-08-07,3Y,5,historical/source-original,-1,0.3483145636136275,-1,true
2025-08-01,2025-08-08,3Y,5,historical/source-original,-1,0.3568000416378422,-1,true
2025-08-04,2025-08-11,3Y,5,historical/source-original,-1,0.35968841613849084,-1,true
2025-08-05,2025-08-12,3Y,5,historical/source-original,-1,0.35124315755073837,-1,true
2025-08-06,2025-08-13,3Y,5,historical/source-original,-1,0.32363504524782105,-1,true
2025-08-07,2025-08-14,3Y,5,historical/source-original,-1,0.3269271678726462,-1,true
2025-08-08,2025-08-15,3Y,5,historical/source-original,1,0.29872017718904775,0,false
2025-08-11,2025-08-18,3Y,5,historical/source-original,-1,0.32735718132530767,1,false
2025-08-12,2025-08-19,3Y,5,historical/source-original,-1,0.3007414349016737,1,false
2025-08-13,2025-08-20,3Y,5,historical/source-original,1,0.2992635127555316,1,true
2025-08-14,2025-08-21,3Y,5,historical/source-original,1,0.29937207492142515,1,true
2025-08-15,2025-08-22,3Y,5,historical/source-original,1,0.3064737583189988,1,true
2025-08-18,2025-08-25,3Y,5,historical/source-original,-1,0.3064737583189988,-1,true
2025-08-19,2025-08-26,3Y,5,historical/source-original,-1,0.29693089186961885,-1,true
2025-08-20,2025-08-27,3Y,5,historical/source-original,-1,0.23559701302350877,-1,true
2025-08-21,2025-08-28,3Y,5,historical/source-original,-1,0.3082813040377201,-1,true
2025-08-22,2025-08-29,3Y,5,historical/source-original,-1,0.3082176177773236,-1,true
2025-08-25,2025-09-01,3Y,5,historical/source-original,-1,0.2976647496260316,-1,true
2025-08-26,2025-09-02,3Y,5,historical/source-original,-1,0.35744843366006673,-1,true
2025-08-27,2025-09-03,3Y,5,historical/source-original,-1,0.37576267596905677,-1,true
2025-08-28,2025-09-04,3Y,5,historical/source-original,-1,0.3125738987632421,-1,true
2025-08-29,2025-09-05,3Y,5,historical/source-original,1,0.2931913815131289,1,true
2025-09-01,2025-09-08,3Y,5,historical/source-original,1,0.2931174549860267,1,true
2025-09-02,2025-09-09,3Y,5,historical/source-original,1,0.32776371751187683,1,true
2025-09-03,2025-09-10,3Y,5,historical/source-original,1,0.29295294052388354,1,true
2025-09-04,2025-09-11,3Y,5,historical/source-original,1,0.29258485076725393,1,true
2025-09-05,2025-09-12,3Y,5,historical/source-original,-1,0.30998609085981255,-1,true
2025-09-08,2025-09-15,3Y,5,historical/source-original,-1,0.35756002867593956,0,false
2025-09-09,2025-09-16,3Y,5,historical/source-original,-1,0.37281350156178594,-1,true
2025-09-10,2025-09-17,3Y,5,historical/source-original,-1,0.3430957702401572,-1,true
2025-09-11,2025-09-18,3Y,5,historical/source-original,1,0.37409899655602796,0,false
2025-09-12,2025-09-19,3Y,5,historical/source-original,-1,0.39408801677184235,1,false
2025-09-15,2025-09-22,3Y,5,historical/source-original,1,0.39405099488574197,1,true
2025-09-16,2025-09-23,3Y,5,historical/source-original,1,0.39405099488574197,1,true
2025-09-17,2025-09-24,3Y,5,historical/source-original,1,0.38149432714555964,1,true
2025-09-18,2025-09-25,3Y,5,historical/source-original,1,0.37840593537135137,1,true
2025-09-19,2025-09-26,3Y,5,historical/source-original,-1,0.37840593537135137,1,false
2025-09-22,2025-09-29,3Y,5,historical/source-original,-1,0.3573953462402818,1,false
2025-09-23,2025-09-30,3Y,5,historical/source-original,-1,0.3592496906242963,-1,true
2025-09-24,2025-10-09,3Y,5,historical/source-original,-1,0.3787449988141574,-1,true
2025-09-25,2025-10-10,3Y,5,historical/source-original,-1,0.3805946172219476,-1,true
2025-09-26,2025-10-13,3Y,5,historical/source-original,-1,0.39305850492510847,-1,true
2025-09-29,2025-10-14,3Y,5,historical/source-original,-1,0.4056074785263372,-1,true
2025-09-30,2025-10-15,3Y,5,historical/source-original,-1,0.4132956748457507,-1,true
2025-10-09,2025-10-16,3Y,5,historical/source-original,-1,0.4076946217119456,1,false
2025-10-10,2025-10-17,3Y,5,historical/source-original,-1,0.3750132539863887,-1,true
2025-10-13,2025-10-20,3Y,5,historical/source-original,-1,0.4112610255221965,1,false
2025-10-14,2025-10-21,3Y,5,historical/source-original,-1,0.3999905636980825,1,false
2025-10-15,2025-10-22,3Y,5,historical/source-original,-1,0.3797874857844824,1,false
2025-10-16,2025-10-23,3Y,5,historical/source-original,-1,0.3649024993821776,1,false
2025-10-17,2025-10-24,3Y,5,historical/source-original,-1,0.37790077809921063,1,false
2025-10-20,2025-10-27,3Y,5,historical/source-original,-1,0.3903875184285381,-1,true
2025-10-21,2025-10-28,3Y,5,historical/source-original,-1,0.4069955722040299,-1,true
2025-10-22,2025-10-29,3Y,5,historical/source-original,-1,0.4069955722040299,-1,true
2025-10-23,2025-10-30,3Y,5,historical/source-original,-1,0.4015881784807618,-1,true
2025-10-24,2025-10-31,3Y,5,historical/source-original,-1,0.4017734089853754,-1,true
2025-10-27,2025-11-03,3Y,5,historical/source-original,-1,0.40195714659321696,-1,true
2025-10-28,2025-11-04,3Y,5,historical/source-original,-1,0.40190113247639403,-1,true
2025-10-29,2025-11-05,3Y,5,historical/source-original,1,0.4072395781287304,1,true
2025-10-30,2025-11-06,3Y,5,historical/source-original,1,0.40195714659321696,1,true
2025-10-31,2025-11-07,3Y,5,historical/source-original,1,0.3893902473533615,1,true
2025-11-03,2025-11-10,3Y,5,historical/source-original,1,0.3752222314789984,1,true
2025-11-04,2025-11-11,3Y,5,historical/source-original,1,0.3802228782879085,1,true
2025-11-05,2025-11-12,3Y,5,historical/source-original,-1,0.3831901244382271,-1,true
2025-11-06,2025-11-13,3Y,5,historical/source-original,-1,0.3588049028887714,-1,true
2025-11-07,2025-11-14,3Y,5,historical/source-original,-1,0.39403949327277216,-1,true
2025-11-10,2025-11-17,3Y,5,historical/source-original,-1,0.3664947973791471,-1,true
2025-11-11,2025-11-18,3Y,5,historical/source-original,-1,0.40505482541327575,-1,true
2025-11-12,2025-11-19,3Y,5,historical/source-original,-1,0.40294195019511164,-1,true
2025-11-13,2025-11-20,3Y,5,historical/source-original,-1,0.4005418330132698,-1,true
2025-11-14,2025-11-21,3Y,5,historical/source-original,-1,0.40051431227290485,-1,true
2025-11-17,2025-11-24,3Y,5,historical/source-original,-1,0.40051431227290485,-1,true
2025-11-18,2025-11-25,3Y,5,historical/source-original,1,0.409270821830516,-1,false
2025-11-19,2025-11-26,3Y,5,historical/source-original,1,0.40185510585949036,0,false
2025-11-20,2025-11-27,3Y,5,historical/source-original,1,0.4101719080866343,0,false
2025-11-21,2025-11-28,3Y,5,historical/source-original,-1,0.36434557950419943,-1,true
2025-11-24,2025-12-01,3Y,5,historical/source-original,-1,0.3529609202620724,1,false
2025-11-25,2025-12-02,3Y,5,historical/source-original,-1,0.3503636821057399,1,false
2025-11-26,2025-12-03,3Y,5,historical/source-original,-1,0.35157467383095126,0,false
2025-11-27,2025-12-04,3Y,5,historical/source-original,-1,0.35157467383095126,1,false
2025-11-28,2025-12-05,3Y,5,historical/source-original,1,0.35157467383095126,-1,false
2025-12-01,2025-12-08,3Y,5,historical/source-original,-1,0.33844446874136813,-1,true
2025-12-02,2025-12-09,3Y,5,historical/source-original,-1,0.3961844890529513,-1,true
2025-12-03,2025-12-10,3Y,5,historical/source-original,-1,0.38796652174106805,-1,true
2025-12-04,2025-12-11,3Y,5,historical/source-original,-1,0.38796652174106805,-1,true
2025-12-05,2025-12-12,3Y,5,historical/source-original,1,0.3961844890529513,-1,false
2025-12-08,2025-12-15,3Y,5,historical/source-original,1,0.38807394137252305,1,true
2025-12-09,2025-12-16,3Y,5,historical/source-original,1,0.3771993079806643,1,true
2025-12-10,2025-12-17,3Y,5,historical/source-original,1,0.3836448519869272,1,true
2025-12-11,2025-12-18,3Y,5,historical/source-original,1,0.3873498139341752,-1,false
2025-12-12,2025-12-19,3Y,5,historical/source-original,1,0.38800089272186344,-1,false
2025-12-15,2025-12-22,3Y,5,historical/source-original,1,0.3878171994805964,-1,false
2025-12-16,2025-12-23,3Y,5,historical/source-original,1,0.38789275125941725,-1,false
2025-12-17,2025-12-24,3Y,5,historical/source-original,1,0.3920110776052588,-1,false
2025-12-18,2025-12-25,3Y,5,historical/source-original,1,0.3810561279420451,-1,false
2025-12-19,2025-12-26,3Y,5,historical/source-original,1,0.39697422600692966,-1,false
2025-12-22,2025-12-29,3Y,5,historical/source-original,1,0.41599092804137416,-1,false
2025-12-23,2025-12-30,3Y,5,historical/source-original,1,0.41599092804137416,-1,false
2025-12-24,2025-12-31,3Y,5,historical/source-original,1,0.41599092804137416,1,true
2025-12-25,2026-01-05,3Y,5,historical/source-original,1,0.41599092804137416,1,true
2025-12-26,2026-01-06,3Y,5,historical/source-original,1,0.41599092804137416,1,true
2025-12-29,2026-01-07,3Y,5,historical/source-original,1,0.423916944429521,1,true
2025-12-30,2026-01-08,3Y,5,historical/source-original,1,0.4045000463719353,1,true
2025-12-31,2026-01-09,3Y,5,historical/source-original,1,0.4587378849758105,1,true
2026-01-05,2026-01-12,3Y,5,historical/source-original,1,0.4114125115707652,1,true
2026-01-06,2026-01-13,3Y,5,historical/source-original,-1,0.44925043654039337,1,false
2026-01-07,2026-01-14,3Y,5,historical/source-original,-1,0.37900460661033414,-1,true
2026-01-08,2026-01-15,3Y,5,historical/source-original,-1,0.4619167591467749,-1,true
2026-01-09,2026-01-16,3Y,5,historical/source-original,-1,0.5120805881563955,-1,true
2026-01-12,2026-01-19,3Y,5,historical/source-original,-1,0.4846356799818794,-1,true
2026-01-13,2026-01-20,3Y,5,historical/source-original,-1,0.471226529754976,-1,true
2026-01-14,2026-01-21,3Y,5,historical/source-original,-1,0.4790591209423179,-1,true
2026-01-15,2026-01-22,3Y,5,historical/source-original,-1,0.45556256262647504,-1,true
2026-01-16,2026-01-23,3Y,5,historical/source-original,1,0.4386047163623999,-1,false
2026-01-19,2026-01-26,3Y,5,historical/source-original,1,0.46630351027669575,-1,false
2026-01-20,2026-01-27,3Y,5,historical/source-original,1,0.3894849738547633,1,true
2026-01-21,2026-01-28,3Y,5,historical/source-original,1,0.38733673784532824,-1,false
2026-01-22,2026-01-29,3Y,5,historical/source-original,-1,0.37850042775104437,-1,true
2026-01-23,2026-01-30,3Y,5,historical/source-original,-1,0.37138327798630916,-1,true
2026-01-26,2026-02-02,3Y,5,historical/source-original,-1,0.3721404484724891,-1,true
2026-01-27,2026-02-03,3Y,5,historical/source-original,-1,0.3900997879045955,-1,true
2026-01-28,2026-02-04,3Y,5,historical/source-original,-1,0.38404712190339524,-1,true
2026-01-29,2026-02-05,3Y,5,historical/source-original,-1,0.3968040018492117,-1,true
2026-01-30,2026-02-06,3Y,5,historical/source-original,-1,0.3973342636211216,-1,true
2026-02-02,2026-02-09,3Y,5,historical/source-original,-1,0.3824390386232198,-1,true
2026-02-03,2026-02-10,3Y,5,historical/source-original,1,0.38534546306725254,-1,false
2026-02-04,2026-02-11,3Y,5,historical/source-original,1,0.36168546169406063,-1,false
2026-02-05,2026-02-12,3Y,5,historical/source-original,1,0.34683025270528584,-1,false
2026-02-06,2026-02-13,3Y,5,historical/source-original,1,0.3523736086217834,-1,false
2026-02-09,2026-02-24,3Y,5,historical/source-original,1,0.30874434111948984,-1,false
2026-02-10,2026-02-25,3Y,5,historical/source-original,1,0.3594591175968841,-1,false
2026-02-11,2026-02-26,3Y,5,historical/source-original,1,0.30695955604936553,1,true
2026-02-12,2026-02-27,3Y,5,historical/source-original,1,0.2607651883694498,0,false
2026-02-13,2026-03-02,3Y,5,historical/source-original,1,0.3417787129934161,-1,false
2026-02-24,2026-03-03,3Y,5,historical/source-original,1,0.293455761318861,-1,false
2026-02-25,2026-03-04,3Y,5,historical/source-original,1,0.3351358968925138,-1,false
2026-02-26,2026-03-05,3Y,5,historical/source-original,1,0.3544731301102347,-1,false
2026-02-27,2026-03-06,3Y,5,historical/source-original,1,0.3525066039629515,-1,false
2026-03-02,2026-03-09,3Y,5,historical/source-original,1,0.344860368356458,1,true
2026-03-03,2026-03-10,3Y,5,historical/source-original,1,0.3415425396103769,1,true
2026-03-04,2026-03-11,3Y,5,historical/source-original,-1,0.3519378216549757,1,false
2026-03-05,2026-03-12,3Y,5,historical/source-original,-1,0.33803924411622555,1,false
2026-03-06,2026-03-13,3Y,5,historical/source-original,-1,0.3708972130055704,1,false
2026-03-09,2026-03-16,3Y,5,historical/source-original,-1,0.3825743121752667,1,false
2026-03-10,2026-03-17,3Y,5,historical/source-original,-1,0.397535635386678,-1,true
2026-03-11,2026-03-18,3Y,5,historical/source-original,-1,0.3979341058256102,-1,true
2026-03-12,2026-03-19,3Y,5,historical/source-original,-1,0.41891928378138993,-1,true
2026-03-13,2026-03-20,3Y,5,historical/source-original,-1,0.42166018552229206,-1,true
2026-03-16,2026-03-23,3Y,5,historical/source-original,-1,0.3975446450533065,-1,true
2026-03-17,2026-03-24,3Y,5,historical/source-original,1,0.3947213885981085,-1,false
2026-03-18,2026-03-25,3Y,5,historical/source-original,1,0.4287527403440674,-1,false
2026-03-19,2026-03-26,3Y,5,historical/source-original,1,0.4470590458137949,-1,false
2026-03-20,2026-03-27,3Y,5,historical/source-original,1,0.43383657348035837,-1,false
2026-03-23,2026-03-30,3Y,5,historical/source-original,1,0.4225624769340433,-1,false
2026-03-24,2026-03-31,3Y,5,historical/source-original,1,0.3695621772465704,-1,false
2026-03-25,2026-04-01,3Y,5,historical/source-original,1,0.4078532559604971,-1,false
2026-03-26,2026-04-02,3Y,5,historical/source-original,1,0.416298905033941,-1,false
2026-03-27,2026-04-03,3Y,5,historical/source-original,1,0.42975622793963947,1,true
2026-03-30,2026-04-07,3Y,5,historical/source-original,1,0.4966872556479515,1,true
2026-03-31,2026-04-08,3Y,5,historical/source-original,1,0.38490941411245955,1,true
2026-04-01,2026-04-09,3Y,5,historical/source-original,1,0.3824176863327101,1,true
2026-04-02,2026-04-10,3Y,5,historical/source-original,1,0.42363457556003026,1,true
2026-04-03,2026-04-13,3Y,5,historical/source-original,-1,0.3716264769209893,1,false
2026-04-07,2026-04-14,3Y,5,historical/source-original,-1,0.4199902757195861,1,false
2026-04-08,2026-04-15,3Y,5,historical/source-original,-1,0.4264818084112011,-1,true
2026-04-09,2026-04-16,3Y,5,historical/source-original,-1,0.42272981108021573,-1,true
2026-04-10,2026-04-17,3Y,5,historical/source-original,-1,0.4170678116536154,-1,true
2026-04-13,2026-04-20,3Y,5,historical/source-original,-1,0.40848629435974937,-1,true
2026-04-14,2026-04-21,3Y,5,historical/source-original,-1,0.4073208572204711,-1,true
2026-04-15,2026-04-22,3Y,5,historical/source-original,-1,0.3628776000433594,-1,true
2026-04-16,2026-04-23,3Y,5,historical/source-original,-1,0.41794253625053945,-1,true
2026-04-17,2026-04-24,3Y,5,historical/source-original,-1,0.4343931303058466,-1,true
2026-04-20,2026-04-27,3Y,5,historical/source-original,-1,0.41380044817650063,-1,true
2026-04-21,2026-04-28,3Y,5,historical/source-original,-1,0.4374107853453943,-1,true
2026-04-22,2026-04-29,3Y,5,historical/source-original,1,0.4646934653052229,-1,false
2026-04-23,2026-04-30,3Y,5,historical/source-original,-1,0.44454077314115253,-1,true
2026-04-24,2026-05-06,3Y,5,historical/source-original,1,0.5740534871211204,1,true
2026-04-27,2026-05-07,3Y,5,historical/source-original,-1,0.4932121346561462,-1,true
2026-04-28,2026-05-08,3Y,5,historical/source-original,-1,0.41190577902415476,0,false
2026-04-29,2026-05-11,3Y,5,historical/source-original,1,0.4831601905935791,1,true
2026-04-30,2026-05-12,3Y,5,historical/source-original,1,0.47758107711936215,1,true
2026-05-06,2026-05-13,3Y,5,historical/source-original,1,0.3983392591925722,-1,false
2026-05-07,2026-05-14,3Y,5,historical/source-original,1,0.38787905417635954,1,true
2026-05-08,2026-05-15,3Y,5,historical/source-original,-1,0.3783176286160538,-1,true
2026-05-11,2026-05-18,3Y,5,historical/source-original,-1,0.3783176286160538,-1,true
2026-05-12,2026-05-19,3Y,5,historical/source-original,-1,0.3804692074915834,-1,true
2026-05-13,2026-05-20,3Y,5,historical/source-original,1,0.3915657355621447,-1,false
2026-05-14,2026-05-21,3Y,5,historical/source-original,1,0.3915657355621447,-1,false
2026-05-15,2026-05-22,3Y,5,historical/source-original,1,0.38036391064180297,1,true
2026-05-18,2026-05-25,3Y,5,historical/source-original,-1,0.37811155072408664,0,false
2026-05-19,2026-05-26,3Y,5,historical/source-original,-1,0.41891748916268745,1,false
2026-05-20,2026-05-27,3Y,5,historical/source-original,-1,0.3854899109853878,-1,true
2026-05-21,2026-05-28,3Y,5,historical/source-original,-1,0.3844861949850421,-1,true
2026-05-22,2026-05-29,3Y,5,historical/source-original,-1,0.40736560148439777,-1,true
2025-01-02,2025-01-09,5Y,5,historical/source-original,-1,0.4588288086978108,1,false
2025-01-03,2025-01-10,5Y,5,historical/source-original,1,0.5648718102541236,1,true
2025-01-06,2025-01-13,5Y,5,historical/source-original,-1,0.44401017178748436,1,false
2025-01-07,2025-01-14,5Y,5,historical/source-original,-1,0.43677843219848456,1,false
2025-01-08,2025-01-15,5Y,5,historical/source-original,-1,0.4303582229413274,1,false
2025-01-09,2025-01-16,5Y,5,historical/source-original,-1,0.4223421315572226,-1,true
2025-01-10,2025-01-17,5Y,5,historical/source-original,1,0.40494454046970946,1,true
2025-01-13,2025-01-20,5Y,5,historical/source-original,1,0.4492363131326059,-1,false
2025-01-14,2025-01-21,5Y,5,historical/source-original,1,0.46901009010464884,0,false
2025-01-15,2025-01-22,5Y,5,historical/source-original,1,0.4043819548121504,1,true
2025-01-16,2025-01-23,5Y,5,historical/source-original,1,0.5259551618857442,1,true
2025-01-17,2025-01-24,5Y,5,historical/source-original,1,0.4713386900977977,1,true
2025-01-20,2025-01-27,5Y,5,historical/source-original,1,0.49876298849505984,-1,false
2025-01-21,2025-02-05,5Y,5,historical/source-original,1,0.5148962819781174,-1,false
2025-01-22,2025-02-06,5Y,5,historical/source-original,1,0.5148962819781174,-1,false
2025-01-23,2025-02-07,5Y,5,historical/source-original,1,0.506509635386592,-1,false
2025-01-24,2025-02-10,5Y,5,historical/source-original,1,0.4987514128164502,0,false
2025-01-27,2025-02-11,5Y,5,historical/source-original,1,0.5369998386051601,1,true
2025-02-05,2025-02-12,5Y,5,historical/source-original,1,0.5353185546273126,1,true
2025-02-06,2025-02-13,5Y,5,historical/source-original,1,0.476333266916684,1,true
2025-02-07,2025-02-14,5Y,5,historical/source-original,1,0.5079579452057913,1,true
2025-02-10,2025-02-17,5Y,5,historical/source-original,1,0.5277957850149804,1,true
2025-02-11,2025-02-18,5Y,5,historical/source-original,1,0.4699922744442392,1,true
2025-02-12,2025-02-19,5Y,5,historical/source-original,1,0.47054646103468517,1,true
2025-02-13,2025-02-20,5Y,5,historical/source-original,-1,0.49945501952310345,1,false
2025-02-14,2025-02-21,5Y,5,historical/source-original,-1,0.4951917554114191,1,false
2025-02-17,2025-02-24,5Y,5,historical/source-original,-1,0.47749370204936603,1,false
2025-02-18,2025-02-25,5Y,5,historical/source-original,-1,0.5295241932875371,1,false
2025-02-19,2025-02-26,5Y,5,historical/source-original,1,0.5381667749974592,1,true
2025-02-20,2025-02-27,5Y,5,historical/source-original,-1,0.4761613115803243,1,false
2025-02-21,2025-02-28,5Y,5,historical/source-original,1,0.4947616538064416,1,true
2025-02-24,2025-03-03,5Y,5,historical/source-original,1,0.49942330610556696,-1,false
2025-02-25,2025-03-04,5Y,5,historical/source-original,1,0.500582319209762,-1,false
2025-02-26,2025-03-05,5Y,5,historical/source-original,1,0.5008208838142012,-1,false
2025-02-27,2025-03-06,5Y,5,historical/source-original,1,0.5259395246760811,-1,false
2025-02-28,2025-03-07,5Y,5,historical/source-original,1,0.522131782137007,1,true
2025-03-03,2025-03-10,5Y,5,historical/source-original,1,0.4734846375877652,1,true
2025-03-04,2025-03-11,5Y,5,historical/source-original,1,0.5132156682343986,1,true
2025-03-05,2025-03-12,5Y,5,historical/source-original,1,0.4691241186870527,1,true
2025-03-06,2025-03-13,5Y,5,historical/source-original,1,0.45883107346666757,1,true
2025-03-07,2025-03-14,5Y,5,historical/source-original,-1,0.42495846479268096,-1,true
2025-03-10,2025-03-17,5Y,5,historical/source-original,-1,0.4095883065498091,1,false
2025-03-11,2025-03-18,5Y,5,historical/source-original,-1,0.43771196352274383,-1,true
2025-03-12,2025-03-19,5Y,5,historical/source-original,-1,0.41882087163205667,1,false
2025-03-13,2025-03-20,5Y,5,historical/source-original,-1,0.4145071837092973,1,false
2025-03-14,2025-03-21,5Y,5,historical/source-original,-1,0.4252811189424619,1,false
2025-03-17,2025-03-24,5Y,5,historical/source-original,1,0.44227297727156406,-1,false
2025-03-18,2025-03-25,5Y,5,historical/source-original,-1,0.4179240802189074,-1,true
2025-03-19,2025-03-26,5Y,5,historical/source-original,-1,0.39664846129726977,-1,true
2025-03-20,2025-03-27,5Y,5,historical/source-original,-1,0.4194561617847575,-1,true
2025-03-21,2025-03-28,5Y,5,historical/source-original,-1,0.42096726580359856,-1,true
2025-03-24,2025-03-31,5Y,5,historical/source-original,-1,0.43613614805898054,-1,true
2025-03-25,2025-04-01,5Y,5,historical/source-original,-1,0.43613614805898054,-1,true
2025-03-26,2025-04-02,5Y,5,historical/source-original,-1,0.43595816069460575,-1,true
2025-03-27,2025-04-03,5Y,5,historical/source-original,-1,0.4376474115879626,-1,true
2025-03-28,2025-04-07,5Y,5,historical/source-original,-1,0.4394442925157233,-1,true
2025-03-31,2025-04-08,5Y,5,historical/source-original,-1,0.44114463939192305,-1,true
2025-04-01,2025-04-09,5Y,5,historical/source-original,-1,0.4428484211065598,-1,true
2025-04-02,2025-04-10,5Y,5,historical/source-original,-1,0.4445557328098968,-1,true
2025-04-03,2025-04-11,5Y,5,historical/source-original,1,0.44296532946018913,-1,false
2025-04-07,2025-04-14,5Y,5,historical/source-original,1,0.441373420182917,1,true
2025-04-08,2025-04-15,5Y,5,historical/source-original,-1,0.4397799609733348,-1,true
2025-04-09,2025-04-16,5Y,5,historical/source-original,1,0.4381849100526244,-1,false
2025-04-10,2025-04-17,5Y,5,historical/source-original,1,0.43658822061405933,1,true
2025-04-11,2025-04-18,5Y,5,historical/source-original,1,0.4349898438727919,1,true
2025-04-14,2025-04-21,5Y,5,historical/source-original,1,0.43338972992456465,1,true
2025-04-15,2025-04-22,5Y,5,historical/source-original,1,0.4332991848925274,1,true
2025-04-16,2025-04-23,5Y,5,historical/source-original,1,0.4332068343760755,1,true
2025-04-17,2025-04-24,5Y,5,historical/source-original,1,0.43311262383557686,1,true
2025-04-18,2025-04-25,5Y,5,historical/source-original,1,0.41852017126207064,1,true
2025-04-21,2025-04-28,5Y,5,historical/source-original,-1,0.4095913640631873,1,false
2025-04-22,2025-04-29,5Y,5,historical/source-original,-1,0.43790605528625204,-1,true
2025-04-23,2025-04-30,5Y,5,historical/source-original,-1,0.43453084924496527,-1,true
2025-04-24,2025-05-06,5Y,5,historical/source-original,-1,0.39765962831538965,-1,true
2025-04-25,2025-05-07,5Y,5,historical/source-original,-1,0.3950195591348721,-1,true
2025-04-28,2025-05-08,5Y,5,historical/source-original,-1,0.4113579450025147,-1,true
2025-04-29,2025-05-09,5Y,5,historical/source-original,-1,0.4295314055973466,-1,true
2025-04-30,2025-05-12,5Y,5,historical/source-original,1,0.435830465729576,1,true
2025-05-06,2025-05-13,5Y,5,historical/source-original,1,0.40941104983102533,0,false
2025-05-07,2025-05-14,5Y,5,historical/source-original,1,0.4265010724252015,1,true
2025-05-08,2025-05-15,5Y,5,historical/source-original,1,0.4262597748865834,1,true
2025-05-09,2025-05-16,5Y,5,historical/source-original,1,0.35596207577695527,1,true
2025-05-12,2025-05-19,5Y,5,historical/source-original,1,0.3866901397213691,1,true
2025-05-13,2025-05-20,5Y,5,historical/source-original,1,0.42145806332225905,1,true
2025-05-14,2025-05-21,5Y,5,historical/source-original,-1,0.31495850121809854,1,false
2025-05-15,2025-05-22,5Y,5,historical/source-original,-1,0.25927577872505664,-1,true
2025-05-16,2025-05-23,5Y,5,historical/source-original,-1,0.2687830469096029,-1,true
2025-05-19,2025-05-26,5Y,5,historical/source-original,-1,0.3547556698257185,-1,true
2025-05-20,2025-05-27,5Y,5,historical/source-original,-1,0.365881557499586,-1,true
2025-05-21,2025-05-28,5Y,5,historical/source-original,-1,0.2676133085669154,1,false
2025-05-22,2025-05-29,5Y,5,historical/source-original,1,0.3533888259335702,1,true
2025-05-23,2025-05-30,5Y,5,historical/source-original,1,0.360879808498009,1,true
2025-05-26,2025-06-03,5Y,5,historical/source-original,1,0.30195709039692853,1,true
2025-05-27,2025-06-04,5Y,5,historical/source-original,1,0.28547818053589924,-1,false
2025-05-28,2025-06-05,5Y,5,historical/source-original,-1,0.2882860749650455,-1,true
2025-05-29,2025-06-06,5Y,5,historical/source-original,-1,0.35661937821997575,-1,true
2025-05-30,2025-06-09,5Y,5,historical/source-original,1,0.3360138059494322,-1,false
2025-06-03,2025-06-10,5Y,5,historical/source-original,-1,0.34282970980299715,-1,true
2025-06-04,2025-06-11,5Y,5,historical/source-original,1,0.35860393095951204,-1,false
2025-06-05,2025-06-12,5Y,5,historical/source-original,1,0.3495978751102347,1,true
2025-06-06,2025-06-13,5Y,5,historical/source-original,1,0.3782199641996263,1,true
2025-06-09,2025-06-16,5Y,5,historical/source-original,1,0.3642275229100926,-1,false
2025-06-10,2025-06-17,5Y,5,historical/source-original,-1,0.3656611160885319,-1,true
2025-06-11,2025-06-18,5Y,5,historical/source-original,-1,0.3718056694027427,-1,true
2025-06-12,2025-06-19,5Y,5,historical/source-original,-1,0.3577760313656353,-1,true
2025-06-13,2025-06-20,5Y,5,historical/source-original,1,0.35267062266974514,-1,false
2025-06-16,2025-06-23,5Y,5,historical/source-original,1,0.354318702760549,-1,false
2025-06-17,2025-06-24,5Y,5,historical/source-original,1,0.359476954742776,1,true
2025-06-18,2025-06-25,5Y,5,historical/source-original,1,0.3794423217136149,1,true
2025-06-19,2025-06-26,5Y,5,historical/source-original,1,0.3534483129151571,1,true
2025-06-20,2025-06-27,5Y,5,historical/source-original,1,0.38118733670048704,1,true
2025-06-23,2025-06-30,5Y,5,historical/source-original,-1,0.3794676728287958,1,false
2025-06-24,2025-07-01,5Y,5,historical/source-original,-1,0.3779562584154561,-1,true
2025-06-25,2025-07-02,5Y,5,historical/source-original,-1,0.37634819676697884,-1,true
2025-06-26,2025-07-03,5Y,5,historical/source-original,-1,0.37655210906847303,-1,true
2025-06-27,2025-07-04,5Y,5,historical/source-original,1,0.3104581877988072,-1,false
2025-06-30,2025-07-07,5Y,5,historical/source-original,1,0.37685494843196,-1,false
2025-07-01,2025-07-08,5Y,5,historical/source-original,1,0.37524257485327434,1,true
2025-07-02,2025-07-09,5Y,5,historical/source-original,1,0.3736341440593132,1,true
2025-07-03,2025-07-10,5Y,5,historical/source-original,1,0.3721227358743308,1,true
2025-07-04,2025-07-11,5Y,5,historical/source-original,1,0.3706113230235843,1,true
2025-07-07,2025-07-14,5Y,5,historical/source-original,1,0.3690066321764994,1,true
2025-07-08,2025-07-15,5Y,5,historical/source-original,1,0.3690066321764994,1,true
2025-07-09,2025-07-16,5Y,5,historical/source-original,1,0.33108382207800885,1,true
2025-07-10,2025-07-17,5Y,5,historical/source-original,-1,0.3326651003232734,1,false
2025-07-11,2025-07-18,5Y,5,historical/source-original,-1,0.3442566424659497,-1,true
2025-07-14,2025-07-21,5Y,5,historical/source-original,-1,0.34696585370930855,1,false
2025-07-15,2025-07-22,5Y,5,historical/source-original,-1,0.35903472833205935,1,false
2025-07-16,2025-07-23,5Y,5,historical/source-original,-1,0.3590311614112692,1,false
2025-07-17,2025-07-24,5Y,5,historical/source-original,-1,0.34268042395986675,1,false
2025-07-18,2025-07-25,5Y,5,historical/source-original,-1,0.34273252200514454,1,false
2025-07-21,2025-07-28,5Y,5,historical/source-original,-1,0.33603929233858,1,false
2025-07-22,2025-07-29,5Y,5,historical/source-original,-1,0.34178607746205786,1,false
2025-07-23,2025-07-30,5Y,5,historical/source-original,-1,0.3625623926032074,1,false
2025-07-24,2025-07-31,5Y,5,historical/source-original,-1,0.41249711822356,-1,true
2025-07-25,2025-08-01,5Y,5,historical/source-original,-1,0.3536446725991539,-1,true
2025-07-28,2025-08-04,5Y,5,historical/source-original,-1,0.3422485638533205,1,false
2025-07-29,2025-08-05,5Y,5,historical/source-original,-1,0.4185221056626754,-1,true
2025-07-30,2025-08-06,5Y,5,historical/source-original,-1,0.35327726459804815,-1,true
2025-07-31,2025-08-07,5Y,5,historical/source-original,-1,0.3636652248137261,-1,true
2025-08-01,2025-08-08,5Y,5,historical/source-original,-1,0.37605612253482,-1,true
2025-08-04,2025-08-11,5Y,5,historical/source-original,-1,0.38271812471471045,-1,true
2025-08-05,2025-08-12,5Y,5,historical/source-original,-1,0.38267537252979744,1,false
2025-08-06,2025-08-13,5Y,5,historical/source-original,-1,0.38252270356355544,1,false
2025-08-07,2025-08-14,5Y,5,historical/source-original,1,0.38271812471471045,1,true
2025-08-08,2025-08-15,5Y,5,historical/source-original,1,0.3842074920976516,1,true
2025-08-11,2025-08-18,5Y,5,historical/source-original,1,0.3857612669047252,1,true
2025-08-12,2025-08-19,5Y,5,historical/source-original,1,0.3855658030746398,1,true
2025-08-13,2025-08-20,5Y,5,historical/source-original,1,0.3857186912063352,1,true
2025-08-14,2025-08-21,5Y,5,historical/source-original,1,0.3857612669047252,1,true
2025-08-15,2025-08-22,5Y,5,historical/source-original,1,0.3855658030746398,1,true
2025-08-18,2025-08-25,5Y,5,historical/source-original,-1,0.38824457024437126,-1,true
2025-08-19,2025-08-26,5Y,5,historical/source-original,-1,0.3867145674783488,-1,true
2025-08-20,2025-08-27,5Y,5,historical/source-original,-1,0.40187829287132687,-1,true
2025-08-21,2025-08-28,5Y,5,historical/source-original,-1,0.40052746037782705,1,false
2025-08-22,2025-08-29,5Y,5,historical/source-original,-1,0.4027479306767397,-1,true
2025-08-25,2025-09-01,5Y,5,historical/source-original,-1,0.38353950352756844,-1,true
2025-08-26,2025-09-02,5Y,5,historical/source-original,-1,0.3830367440590238,-1,true
2025-08-27,2025-09-03,5Y,5,historical/source-original,-1,0.3810783126875796,-1,true
2025-08-28,2025-09-04,5Y,5,historical/source-original,-1,0.3809706391945296,-1,true
2025-08-29,2025-09-05,5Y,5,historical/source-original,-1,0.38193878148017885,-1,true
2025-09-01,2025-09-08,5Y,5,historical/source-original,-1,0.379399458550031,1,false
2025-09-02,2025-09-09,5Y,5,historical/source-original,-1,0.38031669448684124,1,false
2025-09-03,2025-09-10,5Y,5,historical/source-original,-1,0.3786997892635373,1,false
2025-09-04,2025-09-11,5Y,5,historical/source-original,-1,0.3776535766813344,1,false
2025-09-05,2025-09-12,5Y,5,historical/source-original,-1,0.3996947706445932,1,false
2025-09-08,2025-09-15,5Y,5,historical/source-original,-1,0.38014348241733653,1,false
2025-09-09,2025-09-16,5Y,5,historical/source-original,-1,0.39724614374453443,-1,true
2025-09-10,2025-09-17,5Y,5,historical/source-original,-1,0.39829453209493787,-1,true
2025-09-11,2025-09-18,5Y,5,historical/source-original,-1,0.38005595710447915,-1,true
2025-09-12,2025-09-19,5Y,5,historical/source-original,-1,0.39614754421492665,1,false
2025-09-15,2025-09-22,5Y,5,historical/source-original,-1,0.3969453407020295,-1,true
2025-09-16,2025-09-23,5Y,5,historical/source-original,-1,0.3966165727034549,1,false
2025-09-17,2025-09-24,5Y,5,historical/source-original,-1,0.39516812452859446,1,false
2025-09-18,2025-09-25,5Y,5,historical/source-original,-1,0.3948612833044668,1,false
2025-09-19,2025-09-26,5Y,5,historical/source-original,-1,0.3975440296270377,1,false
2025-09-22,2025-09-29,5Y,5,historical/source-original,1,0.39705557668156055,1,true
2025-09-23,2025-09-30,5Y,5,historical/source-original,-1,0.397382379656869,-1,true
2025-09-24,2025-10-09,5Y,5,historical/source-original,-1,0.3975440296270377,-1,true
2025-09-25,2025-10-10,5Y,5,historical/source-original,-1,0.39705557668156055,-1,true
2025-09-26,2025-10-13,5Y,5,historical/source-original,1,0.397382379656869,-1,false
2025-09-29,2025-10-14,5Y,5,historical/source-original,1,0.3990564699745371,-1,false
2025-09-30,2025-10-15,5Y,5,historical/source-original,1,0.3805501021085426,-1,false
2025-10-09,2025-10-16,5Y,5,historical/source-original,1,0.38058933719397503,-1,false
2025-10-10,2025-10-17,5Y,5,historical/source-original,-1,0.38210052910167625,-1,true
2025-10-13,2025-10-20,5Y,5,historical/source-original,1,0.4015929048625699,1,true
2025-10-14,2025-10-21,5Y,5,historical/source-original,1,0.40310535118563734,1,true
2025-10-15,2025-10-22,5Y,5,historical/source-original,1,0.40310535118563734,1,true
2025-10-16,2025-10-23,5Y,5,historical/source-original,1,0.40310535118563734,1,true
2025-10-17,2025-10-24,5Y,5,historical/source-original,1,0.40310535118563734,1,true
2025-10-20,2025-10-27,5Y,5,historical/source-original,-1,0.40343248816978694,-1,true
2025-10-21,2025-10-28,5Y,5,historical/source-original,-1,0.4049450162146302,-1,true
2025-10-22,2025-10-29,5Y,5,historical/source-original,-1,0.4049450162146302,-1,true
2025-10-23,2025-10-30,5Y,5,historical/source-original,1,0.4049450162146302,-1,false
2025-10-24,2025-10-31,5Y,5,historical/source-original,1,0.4049450162146302,-1,false
2025-10-27,2025-11-03,5Y,5,historical/source-original,1,0.4049450162146302,-1,false
2025-10-28,2025-11-04,5Y,5,historical/source-original,1,0.403593799042091,1,true
2025-10-29,2025-11-05,5Y,5,historical/source-original,1,0.4019199591676083,1,true
2025-10-30,2025-11-06,5Y,5,historical/source-original,1,0.4019199591676083,1,true
2025-10-31,2025-11-07,5Y,5,historical/source-original,1,0.4019199591676083,1,true
2025-11-03,2025-11-10,5Y,5,historical/source-original,1,0.40223591539304343,1,true
2025-11-04,2025-11-11,5Y,5,historical/source-original,-1,0.4020813539877187,-1,true
2025-11-05,2025-11-12,5Y,5,historical/source-original,-1,0.4038963537205773,-1,true
2025-11-06,2025-11-13,5Y,5,historical/source-original,-1,0.4056869527488082,-1,true
2025-11-07,2025-11-14,5Y,5,historical/source-original,-1,0.4065946164972189,-1,true
2025-11-10,2025-11-17,5Y,5,historical/source-original,-1,0.4067730091036347,0,false
2025-11-11,2025-11-18,5Y,5,historical/source-original,1,0.4073300300956635,1,true
2025-11-12,2025-11-19,5Y,5,historical/source-original,1,0.4065946164972189,1,true
2025-11-13,2025-11-20,5Y,5,historical/source-original,1,0.4067730091036347,1,true
2025-11-14,2025-11-21,5Y,5,historical/source-original,1,0.4088421056339552,1,true
2025-11-17,2025-11-24,5Y,5,historical/source-original,1,0.4081068438832845,1,true
2025-11-18,2025-11-25,5Y,5,historical/source-original,1,0.4081068438832845,1,true
2025-11-19,2025-11-26,5Y,5,historical/source-original,1,0.4006053601126587,1,true
2025-11-20,2025-11-27,5Y,5,historical/source-original,1,0.40871123887570854,1,true
2025-11-21,2025-11-28,5Y,5,historical/source-original,-1,0.4065946164972189,1,false
2025-11-24,2025-12-01,5Y,5,historical/source-original,-1,0.4054086396401073,1,false
2025-11-25,2025-12-02,5Y,5,historical/source-original,-1,0.40417481541463884,1,false
2025-11-26,2025-12-03,5Y,5,historical/source-original,-1,0.4022008704838655,-1,true
2025-11-27,2025-12-04,5Y,5,historical/source-original,-1,0.4025262032824055,1,false
2025-11-28,2025-12-05,5Y,5,historical/source-original,-1,0.4025262032824055,1,false
2025-12-01,2025-12-08,5Y,5,historical/source-original,-1,0.4020579532782913,1,false
2025-12-02,2025-12-09,5Y,5,historical/source-original,1,0.40223591539304343,1,true
2025-12-03,2025-12-10,5Y,5,historical/source-original,1,0.4007235546465239,0,false
2025-12-04,2025-12-11,5Y,5,historical/source-original,-1,0.3987296175966096,-1,true
2025-12-05,2025-12-12,5Y,5,historical/source-original,-1,0.39703665620324874,-1,true
2025-12-08,2025-12-15,5Y,5,historical/source-original,-1,0.3957008086269107,1,false
2025-12-09,2025-12-16,5Y,5,historical/source-original,-1,0.3936855709663124,1,false
2025-12-10,2025-12-17,5Y,5,historical/source-original,-1,0.3915937765848741,-1,true
2025-12-11,2025-12-18,5Y,5,historical/source-original,-1,0.3915937765848741,1,false
2025-12-12,2025-12-19,5Y,5,historical/source-original,-1,0.3941829866086765,-1,true
2025-12-15,2025-12-22,5Y,5,historical/source-original,-1,0.3964516614953198,-1,true
2025-12-16,2025-12-23,5Y,5,historical/source-original,-1,0.39904326089297915,-1,true
2025-12-17,2025-12-24,5Y,5,historical/source-original,-1,0.4005562229346252,-1,true
2025-12-18,2025-12-25,5Y,5,historical/source-original,-1,0.38197739975702033,-1,true
2025-12-19,2025-12-26,5Y,5,historical/source-original,1,0.3819989013345453,-1,false
2025-12-22,2025-12-29,5Y,5,historical/source-original,1,0.382020624929683,1,true
2025-12-23,2025-12-30,5Y,5,historical/source-original,1,0.3803771079880253,1,true
2025-12-24,2025-12-31,5Y,5,historical/source-original,1,0.3897032777549638,1,true
2025-12-25,2026-01-05,5Y,5,historical/source-original,1,0.3881133254355503,1,true
2025-12-26,2026-01-06,5Y,5,historical/source-original,1,0.388192106325701,1,true
2025-12-29,2026-01-07,5Y,5,historical/source-original,-1,0.3786512691190222,1,false
2025-12-30,2026-01-08,5Y,5,historical/source-original,-1,0.3800113238471694,1,false
2025-12-31,2026-01-09,5Y,5,historical/source-original,-1,0.37395106552608004,1,false
2026-01-05,2026-01-12,5Y,5,historical/source-original,-1,0.38323391218098457,1,false
2026-01-06,2026-01-13,5Y,5,historical/source-original,-1,0.38490516995710516,-1,true
2026-01-07,2026-01-14,5Y,5,historical/source-original,-1,0.3861697398129279,-1,true
2026-01-08,2026-01-15,5Y,5,historical/source-original,-1,0.3974886531602821,-1,true
2026-01-09,2026-01-16,5Y,5,historical/source-original,-1,0.3956068677382676,-1,true
2026-01-12,2026-01-19,5Y,5,historical/source-original,-1,0.39599202195727395,-1,true
2026-01-13,2026-01-20,5Y,5,historical/source-original,-1,0.39599202195727395,-1,true
2026-01-14,2026-01-21,5Y,5,historical/source-original,-1,0.39599202195727395,-1,true
2026-01-15,2026-01-22,5Y,5,historical/source-original,1,0.39599202195727395,-1,false
2026-01-16,2026-01-23,5Y,5,historical/source-original,1,0.39590988549045936,-1,false
2026-01-19,2026-01-26,5Y,5,historical/source-original,-1,0.39599202195727395,-1,true
2026-01-20,2026-01-27,5Y,5,historical/source-original,-1,0.39599202195727395,-1,true
2026-01-21,2026-01-28,5Y,5,historical/source-original,-1,0.3274333528736141,-1,true
2026-01-22,2026-01-29,5Y,5,historical/source-original,-1,0.38333442658750605,-1,true
2026-01-23,2026-01-30,5Y,5,historical/source-original,-1,0.38335777062639526,-1,true
2026-01-26,2026-02-02,5Y,5,historical/source-original,-1,0.3848690211812021,-1,true
2026-01-27,2026-02-03,5Y,5,historical/source-original,-1,0.3848456727336398,-1,true
2026-01-28,2026-02-04,5Y,5,historical/source-original,-1,0.3848690211812021,-1,true
2026-01-29,2026-02-05,5Y,5,historical/source-original,-1,0.3848690211812021,-1,true
2026-01-30,2026-02-06,5Y,5,historical/source-original,-1,0.38333442658750605,-1,true
2026-02-02,2026-02-09,5Y,5,historical/source-original,-1,0.381800101511618,-1,true
2026-02-03,2026-02-10,5Y,5,historical/source-original,-1,0.39030080618401103,-1,true
2026-02-04,2026-02-11,5Y,5,historical/source-original,-1,0.38209108698036576,-1,true
2026-02-05,2026-02-12,5Y,5,historical/source-original,-1,0.3819426384502,-1,true
2026-02-06,2026-02-13,5Y,5,historical/source-original,-1,0.3819924301912058,-1,true
2026-02-09,2026-02-24,5Y,5,historical/source-original,1,0.3819673859118015,-1,false
2026-02-10,2026-02-25,5Y,5,historical/source-original,1,0.3819426384502,-1,false
2026-02-11,2026-02-26,5Y,5,historical/source-original,1,0.2615604961238514,1,true
2026-02-12,2026-02-27,5Y,5,historical/source-original,1,0.3011371061943542,1,true
2026-02-13,2026-03-02,5Y,5,historical/source-original,1,0.2643485283867766,0,false
2026-02-24,2026-03-03,5Y,5,historical/source-original,1,0.31351826996165283,1,true
2026-02-25,2026-03-04,5Y,5,historical/source-original,1,0.27226965516155704,-1,false
2026-02-26,2026-03-05,5Y,5,historical/source-original,1,0.2762714823196495,-1,false
2026-02-27,2026-03-06,5Y,5,historical/source-original,1,0.2725461163085402,-1,false
2026-03-02,2026-03-09,5Y,5,historical/source-original,1,0.3059605863318677,1,true
2026-03-03,2026-03-10,5Y,5,historical/source-original,1,0.3059605863318677,1,true
2026-03-04,2026-03-11,5Y,5,historical/source-original,1,0.30710007009436974,1,true
2026-03-05,2026-03-12,5Y,5,historical/source-original,1,0.2584344598861147,1,true
2026-03-06,2026-03-13,5Y,5,historical/source-original,1,0.30898113571814273,1,true
2026-03-09,2026-03-16,5Y,5,historical/source-original,1,0.29130417894048716,1,true
2026-03-10,2026-03-17,5Y,5,historical/source-original,1,0.2862518099018499,1,true
2026-03-11,2026-03-18,5Y,5,historical/source-original,1,0.3499421337783648,-1,false
2026-03-12,2026-03-19,5Y,5,historical/source-original,1,0.3459088006093236,1,true
2026-03-13,2026-03-20,5Y,5,historical/source-original,1,0.29219179350860086,-1,false
2026-03-16,2026-03-23,5Y,5,historical/source-original,-1,0.384638613250852,-1,true
2026-03-17,2026-03-24,5Y,5,historical/source-original,-1,0.3407697835169664,-1,true
2026-03-18,2026-03-25,5Y,5,historical/source-original,1,0.34945863713416037,1,true
2026-03-19,2026-03-26,5Y,5,historical/source-original,1,0.3832605093642713,-1,false
2026-03-20,2026-03-27,5Y,5,historical/source-original,1,0.38584774622661444,-1,false
2026-03-23,2026-03-30,5Y,5,historical/source-original,-1,0.3722802635200797,-1,true
2026-03-24,2026-03-31,5Y,5,historical/source-original,-1,0.33816127343099783,-1,true
2026-03-25,2026-04-01,5Y,5,historical/source-original,-1,0.25938542235680406,-1,true
2026-03-26,2026-04-02,5Y,5,historical/source-original,1,0.27399383812903055,-1,false
2026-03-27,2026-04-03,5Y,5,historical/source-original,1,0.20621050020007456,-1,false
2026-03-30,2026-04-07,5Y,5,historical/source-original,1,0.4226431521311452,1,true
2026-03-31,2026-04-08,5Y,5,historical/source-original,1,0.4136905599130003,1,true
2026-04-01,2026-04-09,5Y,5,historical/source-original,1,0.33134681671428795,1,true
2026-04-02,2026-04-10,5Y,5,historical/source-original,1,0.37968284883818554,1,true
2026-04-03,2026-04-13,5Y,5,historical/source-original,1,0.29191804441834085,1,true
2026-04-07,2026-04-14,5Y,5,historical/source-original,1,0.35279159400367804,0,false
2026-04-08,2026-04-15,5Y,5,historical/source-original,1,0.38953189235660224,-1,false
2026-04-09,2026-04-16,5Y,5,historical/source-original,1,0.4175812559528851,-1,false
2026-04-10,2026-04-17,5Y,5,historical/source-original,1,0.35430289876649457,-1,false
2026-04-13,2026-04-20,5Y,5,historical/source-original,1,0.38961680432095785,-1,false
2026-04-14,2026-04-21,5Y,5,historical/source-original,1,0.40089027665020593,-1,false
2026-04-15,2026-04-22,5Y,5,historical/source-original,1,0.40089027665020593,-1,false
2026-04-16,2026-04-23,5Y,5,historical/source-original,1,0.3912139985668422,-1,false
2026-04-17,2026-04-24,5Y,5,historical/source-original,-1,0.3905764348273133,-1,true
2026-04-20,2026-04-27,5Y,5,historical/source-original,-1,0.38581217509621074,-1,true
2026-04-21,2026-04-28,5Y,5,historical/source-original,-1,0.3946253705437786,-1,true
2026-04-22,2026-04-29,5Y,5,historical/source-original,-1,0.39119267024002097,-1,true
2026-04-23,2026-04-30,5Y,5,historical/source-original,1,0.3890372219739498,0,false
2026-04-24,2026-05-06,5Y,5,historical/source-original,1,0.3890677642778214,1,true
2026-04-27,2026-05-07,5Y,5,historical/source-original,-1,0.38746209460644093,-1,true
2026-04-28,2026-05-08,5Y,5,historical/source-original,-1,0.38595089364531804,-1,true
2026-04-29,2026-05-11,5Y,5,historical/source-original,-1,0.3927253024378397,1,false
2026-04-30,2026-05-12,5Y,5,historical/source-original,-1,0.3912139985668422,-1,true
2026-05-06,2026-05-13,5Y,5,historical/source-original,-1,0.3804313589683475,-1,true
2026-05-07,2026-05-14,5Y,5,historical/source-original,-1,0.3804313589683475,-1,true
2026-05-08,2026-05-15,5Y,5,historical/source-original,-1,0.28216249404626537,-1,true
2026-05-11,2026-05-18,5Y,5,historical/source-original,1,0.3822087130836615,-1,false
2026-05-12,2026-05-19,5Y,5,historical/source-original,1,0.29376156114538093,-1,false
2026-05-13,2026-05-20,5Y,5,historical/source-original,1,0.384077913957938,-1,false
2026-05-14,2026-05-21,5Y,5,historical/source-original,1,0.3839869570339454,-1,false
2026-05-15,2026-05-22,5Y,5,historical/source-original,1,0.2895780447398373,-1,false
2026-05-18,2026-05-25,5Y,5,historical/source-original,1,0.3839869570339454,-1,false
2026-05-19,2026-05-26,5Y,5,historical/source-original,1,0.3839869570339454,1,true
2026-05-20,2026-05-27,5Y,5,historical/source-original,1,0.31710666531589465,-1,false
2026-05-21,2026-05-28,5Y,5,historical/source-original,1,0.30276496906210415,-1,false
2026-05-22,2026-05-29,5Y,5,historical/source-original,1,0.27131883497814624,-1,false
2025-01-02,2025-01-09,7Y,5,historical/source-original,1,0.30806388216232056,1,true
2025-01-03,2025-01-10,7Y,5,historical/source-original,1,0.30806388216232056,1,true
2025-01-06,2025-01-13,7Y,5,historical/source-original,1,0.3034213111928938,1,true
2025-01-07,2025-01-14,7Y,5,historical/source-original,1,0.29877812799989534,1,true
2025-01-08,2025-01-15,7Y,5,historical/source-original,1,0.29877812799989534,1,true
2025-01-09,2025-01-16,7Y,5,historical/source-original,1,0.29877812799989534,1,true
2025-01-10,2025-01-17,7Y,5,historical/source-original,1,0.2941343034831433,1,true
2025-01-13,2025-01-20,7Y,5,historical/source-original,1,0.28948980265138935,1,true
2025-01-14,2025-01-21,7Y,5,historical/source-original,1,0.2941343034831433,1,true
2025-01-15,2025-01-22,7Y,5,historical/source-original,1,0.2941343034831433,1,true
2025-01-16,2025-01-23,7Y,5,historical/source-original,1,0.2941343034831433,1,true
2025-01-17,2025-01-24,7Y,5,historical/source-original,-1,0.28948980265138935,-1,true
2025-01-20,2025-01-27,7Y,5,historical/source-original,-1,0.3198553297327581,-1,true
2025-01-21,2025-02-05,7Y,5,historical/source-original,-1,0.3323931674404464,-1,true
2025-01-22,2025-02-06,7Y,5,historical/source-original,1,0.36090914494495174,-1,false
2025-01-23,2025-02-07,7Y,5,historical/source-original,1,0.36775008308687657,-1,false
2025-01-24,2025-02-10,7Y,5,historical/source-original,1,0.3816953502365099,-1,false
2025-01-27,2025-02-11,7Y,5,historical/source-original,1,0.3677263668347665,1,true
2025-02-05,2025-02-12,7Y,5,historical/source-original,1,0.27757337781576236,1,true
2025-02-06,2025-02-13,7Y,5,historical/source-original,1,0.37460299977083295,1,true
2025-02-07,2025-02-14,7Y,5,historical/source-original,1,0.3746148156113139,1,true
2025-02-10,2025-02-17,7Y,5,historical/source-original,-1,0.30026675093354394,1,false
2025-02-11,2025-02-18,7Y,5,historical/source-original,-1,0.3029762024217939,1,false
2025-02-12,2025-02-19,7Y,5,historical/source-original,-1,0.3123674495775812,1,false
2025-02-13,2025-02-20,7Y,5,historical/source-original,-1,0.30841012635981413,1,false
2025-02-14,2025-02-21,7Y,5,historical/source-original,-1,0.2869081208977963,1,false
2025-02-17,2025-02-24,7Y,5,historical/source-original,-1,0.29316124034361624,1,false
2025-02-18,2025-02-25,7Y,5,historical/source-original,-1,0.33385446331812574,1,false
2025-02-19,2025-02-26,7Y,5,historical/source-original,-1,0.3137041970979761,1,false
2025-02-20,2025-02-27,7Y,5,historical/source-original,-1,0.3004641731173774,1,false
2025-02-21,2025-02-28,7Y,5,historical/source-original,-1,0.31618515013718745,-1,true
2025-02-24,2025-03-03,7Y,5,historical/source-original,-1,0.2502389952041848,-1,true
2025-02-25,2025-03-04,7Y,5,historical/source-original,-1,0.28791206933373953,-1,true
2025-02-26,2025-03-05,7Y,5,historical/source-original,-1,0.26994010400120166,-1,true
2025-02-27,2025-03-06,7Y,5,historical/source-original,-1,0.22981644107409874,-1,true
2025-02-28,2025-03-07,7Y,5,historical/source-original,1,0.3103213611384073,1,true
2025-03-03,2025-03-10,7Y,5,historical/source-original,1,0.41284668649130457,1,true
2025-03-04,2025-03-11,7Y,5,historical/source-original,1,0.39967189014029936,1,true
2025-03-05,2025-03-12,7Y,5,historical/source-original,1,0.38759187975405773,1,true
2025-03-06,2025-03-13,7Y,5,historical/source-original,1,0.23713610510523855,1,true
2025-03-07,2025-03-14,7Y,5,historical/source-original,-1,0.22134012992288313,1,false
2025-03-10,2025-03-17,7Y,5,historical/source-original,-1,0.2814076213084681,1,false
2025-03-11,2025-03-18,7Y,5,historical/source-original,-1,0.33681555054959894,-1,true
2025-03-12,2025-03-19,7Y,5,historical/source-original,-1,0.35235211420696055,1,false
2025-03-13,2025-03-20,7Y,5,historical/source-original,-1,0.38218868501138376,0,false
2025-03-14,2025-03-21,7Y,5,historical/source-original,-1,0.3802935982708639,1,false
2025-03-17,2025-03-24,7Y,5,historical/source-original,-1,0.23999508194375344,-1,true
2025-03-18,2025-03-25,7Y,5,historical/source-original,-1,0.24797259816071957,-1,true
2025-03-19,2025-03-26,7Y,5,historical/source-original,-1,0.25690135317823537,-1,true
2025-03-20,2025-03-27,7Y,5,historical/source-original,-1,0.36122406696820414,-1,true
2025-03-21,2025-03-28,7Y,5,historical/source-original,-1,0.23193203211392144,-1,true
2025-03-24,2025-03-31,7Y,5,historical/source-original,-1,0.36241092762890326,-1,true
2025-03-25,2025-04-01,7Y,5,historical/source-original,-1,0.3576443992893986,-1,true
2025-03-26,2025-04-02,7Y,5,historical/source-original,-1,0.3242717480361651,1,false
2025-03-27,2025-04-03,7Y,5,historical/source-original,-1,0.36629400560654624,-1,true
2025-03-28,2025-04-07,7Y,5,historical/source-original,-1,0.3164200698355662,-1,true
2025-03-31,2025-04-08,7Y,5,historical/source-original,-1,0.2872252621140246,-1,true
2025-04-01,2025-04-09,7Y,5,historical/source-original,-1,0.2625215926005963,-1,true
2025-04-02,2025-04-10,7Y,5,historical/source-original,-1,0.23678552887657278,-1,true
2025-04-03,2025-04-11,7Y,5,historical/source-original,1,0.33700329301934845,-1,false
2025-04-07,2025-04-14,7Y,5,historical/source-original,-1,0.36303821235938205,1,false
2025-04-08,2025-04-15,7Y,5,historical/source-original,-1,0.34637010363584586,-1,true
2025-04-09,2025-04-16,7Y,5,historical/source-original,-1,0.3310197056624812,-1,true
2025-04-10,2025-04-17,7Y,5,historical/source-original,-1,0.3293670754569304,-1,true
2025-04-11,2025-04-18,7Y,5,historical/source-original,-1,0.3318889765147139,-1,true
2025-04-14,2025-04-21,7Y,5,historical/source-original,-1,0.27880501052891277,1,false
2025-04-15,2025-04-22,7Y,5,historical/source-original,-1,0.2371426059333585,-1,true
2025-04-16,2025-04-23,7Y,5,historical/source-original,-1,0.2805828795813032,1,false
2025-04-17,2025-04-24,7Y,5,historical/source-original,-1,0.28631795110842817,1,false
2025-04-18,2025-04-25,7Y,5,historical/source-original,-1,0.3225638598410411,1,false
2025-04-21,2025-04-28,7Y,5,historical/source-original,-1,0.34170278474085986,-1,true
2025-04-22,2025-04-29,7Y,5,historical/source-original,-1,0.41359741398893396,-1,true
2025-04-23,2025-04-30,7Y,5,historical/source-original,-1,0.48939844891666645,-1,true
2025-04-24,2025-05-06,7Y,5,historical/source-original,-1,0.29884184691638876,-1,true
2025-04-25,2025-05-07,7Y,5,historical/source-original,-1,0.2671812272943153,-1,true
2025-04-28,2025-05-08,7Y,5,historical/source-original,-1,0.2982608122471018,-1,true
2025-04-29,2025-05-09,7Y,5,historical/source-original,-1,0.25212624988360366,-1,true
2025-04-30,2025-05-12,7Y,5,historical/source-original,-1,0.21517795444073257,1,false
2025-05-06,2025-05-13,7Y,5,historical/source-original,-1,0.31268559669879625,1,false
2025-05-07,2025-05-14,7Y,5,historical/source-original,-1,0.16519934197262656,1,false
2025-05-08,2025-05-15,7Y,5,historical/source-original,-1,0.17629810302033416,1,false
2025-05-09,2025-05-16,7Y,5,historical/source-original,-1,0.1432486914941945,1,false
2025-05-12,2025-05-19,7Y,5,historical/source-original,-1,0.23217668154009857,1,false
2025-05-13,2025-05-20,7Y,5,historical/source-original,-1,0.22353161809394972,1,false
2025-05-14,2025-05-21,7Y,5,historical/source-original,-1,0.219814498285977,-1,true
2025-05-15,2025-05-22,7Y,5,historical/source-original,-1,0.2308690705205947,-1,true
2025-05-16,2025-05-23,7Y,5,historical/source-original,-1,0.21868090623595673,-1,true
2025-05-19,2025-05-26,7Y,5,historical/source-original,-1,0.23057463432862618,-1,true
2025-05-20,2025-05-27,7Y,5,historical/source-original,1,0.24032365388938529,1,true
2025-05-21,2025-05-28,7Y,5,historical/source-original,1,0.25083082294656045,1,true
2025-05-22,2025-05-29,7Y,5,historical/source-original,1,0.17976022681672693,1,true
2025-05-23,2025-05-30,7Y,5,historical/source-original,1,0.2515883137968744,1,true
2025-05-26,2025-06-03,7Y,5,historical/source-original,1,0.1727281006659698,1,true
2025-05-27,2025-06-04,7Y,5,historical/source-original,1,0.18602533175842662,0,false
2025-05-28,2025-06-05,7Y,5,historical/source-original,1,0.1308798039868448,-1,false
2025-05-29,2025-06-06,7Y,5,historical/source-original,-1,0.19721622851708026,-1,true
2025-05-30,2025-06-09,7Y,5,historical/source-original,-1,0.17798316601540998,-1,true
2025-06-03,2025-06-10,7Y,5,historical/source-original,-1,0.17441233900115038,-1,true
2025-06-04,2025-06-11,7Y,5,historical/source-original,-1,0.1159979489577279,-1,true
2025-06-05,2025-06-12,7Y,5,historical/source-original,-1,0.1159979489577279,-1,true
2025-06-06,2025-06-13,7Y,5,historical/source-original,1,0.12364870372548731,-1,false
2025-06-09,2025-06-16,7Y,5,historical/source-original,1,0.13654318005868749,-1,false
2025-06-10,2025-06-17,7Y,5,historical/source-original,1,0.12433807003052828,-1,false
2025-06-11,2025-06-18,7Y,5,historical/source-original,1,0.089267397981103,-1,false
2025-06-12,2025-06-19,7Y,5,historical/source-original,-1,0.0749607660942898,-1,true
2025-06-13,2025-06-20,7Y,5,historical/source-original,-1,0.0934768206330843,-1,true
2025-06-16,2025-06-23,7Y,5,historical/source-original,-1,0.25494813114068243,-1,true
2025-06-17,2025-06-24,7Y,5,historical/source-original,-1,0.16016925592015155,1,false
2025-06-18,2025-06-25,7Y,5,historical/source-original,1,0.2209401337775933,1,true
2025-06-19,2025-06-26,7Y,5,historical/source-original,1,0.19174271047477318,1,true
2025-06-20,2025-06-27,7Y,5,historical/source-original,1,0.26071856967892265,1,true
2025-06-23,2025-06-30,7Y,5,historical/source-original,1,0.14229321676678666,1,true
2025-06-24,2025-07-01,7Y,5,historical/source-original,1,0.13156751002121023,-1,false
2025-06-25,2025-07-02,7Y,5,historical/source-original,-1,0.09329655643096245,-1,true
2025-06-26,2025-07-03,7Y,5,historical/source-original,-1,0.18429522151250397,-1,true
2025-06-27,2025-07-04,7Y,5,historical/source-original,-1,0.20141705761688714,-1,true
2025-06-30,2025-07-07,7Y,5,historical/source-original,-1,0.17599341830252996,-1,true
2025-07-01,2025-07-08,7Y,5,historical/source-original,-1,0.1761223693874972,-1,true
2025-07-02,2025-07-09,7Y,5,historical/source-original,-1,0.18385792413601357,1,false
2025-07-03,2025-07-10,7Y,5,historical/source-original,-1,0.18326994260767987,1,false
2025-07-04,2025-07-11,7Y,5,historical/source-original,1,0.1980287267740088,1,true
2025-07-07,2025-07-14,7Y,5,historical/source-original,-1,0.2110745656490418,1,false
2025-07-08,2025-07-15,7Y,5,historical/source-original,-1,0.20618358444369153,1,false
2025-07-09,2025-07-16,7Y,5,historical/source-original,-1,0.21448930646434847,1,false
2025-07-10,2025-07-17,7Y,5,historical/source-original,-1,0.23308430110574585,-1,true
2025-07-11,2025-07-18,7Y,5,historical/source-original,-1,0.18578209189257208,-1,true
2025-07-14,2025-07-21,7Y,5,historical/source-original,-1,0.25496329387888134,1,false
2025-07-15,2025-07-22,7Y,5,historical/source-original,-1,0.2909534325672229,1,false
2025-07-16,2025-07-23,7Y,5,historical/source-original,-1,0.2838078268200707,1,false
2025-07-17,2025-07-24,7Y,5,historical/source-original,1,0.2729847719169113,1,true
2025-07-18,2025-07-25,7Y,5,historical/source-original,-1,0.28016519043965643,1,false
2025-07-21,2025-07-28,7Y,5,historical/source-original,-1,0.2860184555423062,1,false
2025-07-22,2025-07-29,7Y,5,historical/source-original,-1,0.29612168589685867,1,false
2025-07-23,2025-07-30,7Y,5,historical/source-original,-1,0.2890434535499125,1,false
2025-07-24,2025-07-31,7Y,5,historical/source-original,-1,0.3240229418480351,-1,true
2025-07-25,2025-08-01,7Y,5,historical/source-original,-1,0.3286441760754501,-1,true
2025-07-28,2025-08-04,7Y,5,historical/source-original,-1,0.3286441760754501,-1,true
2025-07-29,2025-08-05,7Y,5,historical/source-original,-1,0.33326537208312645,-1,true
2025-07-30,2025-08-06,7Y,5,historical/source-original,-1,0.3336608263554366,-1,true
2025-07-31,2025-08-07,7Y,5,historical/source-original,-1,0.33386467334730324,-1,true
2025-08-01,2025-08-08,7Y,5,historical/source-original,1,0.3289500285620072,-1,false
2025-08-04,2025-08-11,7Y,5,historical/source-original,-1,0.3334096372384947,1,false
2025-08-05,2025-08-12,7Y,5,historical/source-original,-1,0.3263452405721916,1,false
2025-08-06,2025-08-13,7Y,5,historical/source-original,-1,0.3275396584162222,1,false
2025-08-07,2025-08-14,7Y,5,historical/source-original,-1,0.33005380834451936,1,false
2025-08-08,2025-08-15,7Y,5,historical/source-original,-1,0.3225866969782855,1,false
2025-08-11,2025-08-18,7Y,5,historical/source-original,-1,0.32027958776304166,1,false
2025-08-12,2025-08-19,7Y,5,historical/source-original,-1,0.3199665670877524,1,false
2025-08-13,2025-08-20,7Y,5,historical/source-original,-1,0.32264735255831695,1,false
2025-08-14,2025-08-21,7Y,5,historical/source-original,-1,0.32264735255831695,1,false
2025-08-15,2025-08-22,7Y,5,historical/source-original,-1,0.32442619253980287,1,false
2025-08-18,2025-08-25,7Y,5,historical/source-original,-1,0.32264735255831695,-1,true
2025-08-19,2025-08-26,7Y,5,historical/source-original,-1,0.3184705832208207,-1,true
2025-08-20,2025-08-27,7Y,5,historical/source-original,-1,0.31360609445070925,-1,true
2025-08-21,2025-08-28,7Y,5,historical/source-original,-1,0.31360609445070925,1,false
2025-08-22,2025-08-29,7Y,5,historical/source-original,-1,0.31360609445070925,-1,true
2025-08-25,2025-09-01,7Y,5,historical/source-original,1,0.31314231268880927,1,true
2025-08-26,2025-09-02,7Y,5,historical/source-original,-1,0.31968361797989286,-1,true
2025-08-27,2025-09-03,7Y,5,historical/source-original,-1,0.31968361797989286,-1,true
2025-08-28,2025-09-04,7Y,5,historical/source-original,-1,0.31968361797989286,-1,true
2025-08-29,2025-09-05,7Y,5,historical/source-original,-1,0.31968361797989286,-1,true
2025-09-01,2025-09-08,7Y,5,historical/source-original,-1,0.31968361797989286,1,false
2025-09-02,2025-09-09,7Y,5,historical/source-original,-1,0.32450448468111615,1,false
2025-09-03,2025-09-10,7Y,5,historical/source-original,1,0.32450448468111615,1,true
2025-09-04,2025-09-11,7Y,5,historical/source-original,1,0.32932542618614385,1,true
2025-09-05,2025-09-12,7Y,5,historical/source-original,-1,0.3341464382326609,1,false
2025-09-08,2025-09-15,7Y,5,historical/source-original,-1,0.33896751864145036,1,false
2025-09-09,2025-09-16,7Y,5,historical/source-original,-1,0.33896751864145036,-1,true
2025-09-10,2025-09-17,7Y,5,historical/source-original,-1,0.3341464382326609,-1,true
2025-09-11,2025-09-18,7Y,5,historical/source-original,-1,0.32932542618614385,-1,true
2025-09-12,2025-09-19,7Y,5,historical/source-original,-1,0.32932542618614385,0,false
2025-09-15,2025-09-22,7Y,5,historical/source-original,-1,0.32932542618614385,-1,true
2025-09-16,2025-09-23,7Y,5,historical/source-original,1,0.32932542618614385,1,true
2025-09-17,2025-09-24,7Y,5,historical/source-original,1,0.32932542618614385,1,true
2025-09-18,2025-09-25,7Y,5,historical/source-original,1,0.3341464382326609,1,true
2025-09-19,2025-09-26,7Y,5,historical/source-original,-1,0.33896751864145036,1,false
2025-09-22,2025-09-29,7Y,5,historical/source-original,-1,0.33896751864145036,1,false
2025-09-23,2025-09-30,7Y,5,historical/source-original,-1,0.3437886634490825,-1,true
2025-09-24,2025-10-09,7Y,5,historical/source-original,-1,0.34860987082642986,-1,true
2025-09-25,2025-10-10,7Y,5,historical/source-original,-1,0.3539302699605535,-1,true
2025-09-26,2025-10-13,7Y,5,historical/source-original,-1,0.35825246064394284,-1,true
2025-09-29,2025-10-14,7Y,5,historical/source-original,-1,0.35825246064394284,-1,true
2025-09-30,2025-10-15,7Y,5,historical/source-original,-1,0.35825246064394284,-1,true
2025-10-09,2025-10-16,7Y,5,historical/source-original,-1,0.35825246064394284,-1,true
2025-10-10,2025-10-17,7Y,5,historical/source-original,-1,0.35343113706443435,-1,true
2025-10-13,2025-10-20,7Y,5,historical/source-original,-1,0.35343113706443435,1,false
2025-10-14,2025-10-21,7Y,5,historical/source-original,-1,0.35343113706443435,1,false
2025-10-15,2025-10-22,7Y,5,historical/source-original,-1,0.35343113706443435,1,false
2025-10-16,2025-10-23,7Y,5,historical/source-original,-1,0.33145177882293836,1,false
2025-10-17,2025-10-24,7Y,5,historical/source-original,-1,0.35645313865921124,1,false
2025-10-20,2025-10-27,7Y,5,historical/source-original,-1,0.3610745795132121,-1,true
2025-10-21,2025-10-28,7Y,5,historical/source-original,-1,0.3610745795132121,-1,true
2025-10-22,2025-10-29,7Y,5,historical/source-original,-1,0.3613451861845204,-1,true
2025-10-23,2025-10-30,7Y,5,historical/source-original,-1,0.3612244988639011,-1,true
2025-10-24,2025-10-31,7Y,5,historical/source-original,-1,0.3612244988639011,-1,true
2025-10-27,2025-11-03,7Y,5,historical/source-original,-1,0.3615027332160047,-1,true
2025-10-28,2025-11-04,7Y,5,historical/source-original,-1,0.36138308411439274,-1,true
2025-10-29,2025-11-05,7Y,5,historical/source-original,1,0.36138308411439274,-1,false
2025-10-30,2025-11-06,7Y,5,historical/source-original,1,0.3674273976325963,1,true
2025-10-31,2025-11-07,7Y,5,historical/source-original,1,0.3674273976325963,1,true
2025-11-03,2025-11-10,7Y,5,historical/source-original,1,0.36308127779365934,1,true
2025-11-04,2025-11-11,7Y,5,historical/source-original,1,0.3674273976325963,1,true
2025-11-05,2025-11-12,7Y,5,historical/source-original,1,0.36816574817735126,1,true
2025-11-06,2025-11-13,7Y,5,historical/source-original,1,0.36389862550827323,1,true
2025-11-07,2025-11-14,7Y,5,historical/source-original,1,0.37319369225235166,1,true
2025-11-10,2025-11-17,7Y,5,historical/source-original,-1,0.3722893645827886,-1,true
2025-11-11,2025-11-18,7Y,5,historical/source-original,-1,0.387962973295199,1,false
2025-11-12,2025-11-19,7Y,5,historical/source-original,-1,0.3774811591177032,1,false
2025-11-13,2025-11-20,7Y,5,historical/source-original,-1,0.3774811591177032,-1,true
2025-11-14,2025-11-21,7Y,5,historical/source-original,-1,0.37757313915204643,-1,true
2025-11-17,2025-11-24,7Y,5,historical/source-original,-1,0.3240153081333584,-1,true
2025-11-18,2025-11-25,7Y,5,historical/source-original,-1,0.3622688691031671,1,false
2025-11-19,2025-11-26,7Y,5,historical/source-original,1,0.4108379920457293,1,true
2025-11-20,2025-11-27,7Y,5,historical/source-original,-1,0.3516238090051885,1,false
2025-11-21,2025-11-28,7Y,5,historical/source-original,-1,0.34051913609014345,1,false
2025-11-24,2025-12-01,7Y,5,historical/source-original,-1,0.3516736834935912,1,false
2025-11-25,2025-12-02,7Y,5,historical/source-original,-1,0.353476604289772,1,false
2025-11-26,2025-12-03,7Y,5,historical/source-original,-1,0.3607145845436554,1,false
2025-11-27,2025-12-04,7Y,5,historical/source-original,-1,0.3723703147283248,1,false
2025-11-28,2025-12-05,7Y,5,historical/source-original,-1,0.3699474203398382,0,false
2025-12-01,2025-12-08,7Y,5,historical/source-original,-1,0.3819762461210678,1,false
2025-12-02,2025-12-09,7Y,5,historical/source-original,-1,0.37486416934944633,-1,true
2025-12-03,2025-12-10,7Y,5,historical/source-original,-1,0.370242358489422,-1,true
2025-12-04,2025-12-11,7Y,5,historical/source-original,-1,0.370242358489422,-1,true
2025-12-05,2025-12-12,7Y,5,historical/source-original,-1,0.37486416934944633,-1,true
2025-12-08,2025-12-15,7Y,5,historical/source-original,-1,0.37486416934944633,1,false
2025-12-09,2025-12-16,7Y,5,historical/source-original,-1,0.3798205783866143,1,false
2025-12-10,2025-12-17,7Y,5,historical/source-original,1,0.38429215680664724,1,true
2025-12-11,2025-12-18,7Y,5,historical/source-original,1,0.388913979695514,1,true
2025-12-12,2025-12-19,7Y,5,historical/source-original,-1,0.3938823759325305,-1,true
2025-12-15,2025-12-22,7Y,5,historical/source-original,-1,0.4170300547122043,-1,true
2025-12-16,2025-12-23,7Y,5,historical/source-original,-1,0.40286358389146193,-1,true
2025-12-17,2025-12-24,7Y,5,historical/source-original,-1,0.402259355541601,-1,true
2025-12-18,2025-12-25,7Y,5,historical/source-original,-1,0.402259355541601,-1,true
2025-12-19,2025-12-26,7Y,5,historical/source-original,-1,0.402259355541601,-1,true
2025-12-22,2025-12-29,7Y,5,historical/source-original,-1,0.4024607076624151,-1,true
2025-12-23,2025-12-30,7Y,5,historical/source-original,1,0.40205796305310604,1,true
2025-12-24,2025-12-31,7Y,5,historical/source-original,1,0.40205796305310604,1,true
2025-12-25,2026-01-05,7Y,5,historical/source-original,1,0.4022592850611337,1,true
2025-12-26,2026-01-06,7Y,5,historical/source-original,1,0.4022592850611337,1,true
2025-12-29,2026-01-07,7Y,5,historical/source-original,1,0.40726836104058184,1,true
2025-12-30,2026-01-08,7Y,5,historical/source-original,1,0.405872362697847,1,true
2025-12-31,2026-01-09,7Y,5,historical/source-original,1,0.4078129875917762,1,true
2026-01-05,2026-01-12,7Y,5,historical/source-original,1,0.4066417228004309,1,true
2026-01-06,2026-01-13,7Y,5,historical/source-original,-1,0.4041443988190705,-1,true
2026-01-07,2026-01-14,7Y,5,historical/source-original,1,0.40398131600499254,-1,false
2026-01-08,2026-01-15,7Y,5,historical/source-original,-1,0.40325653641452786,-1,true
2026-01-09,2026-01-16,7Y,5,historical/source-original,1,0.40798581495868963,-1,false
2026-01-12,2026-01-19,7Y,5,historical/source-original,-1,0.41260921209357987,-1,true
2026-01-13,2026-01-20,7Y,5,historical/source-original,-1,0.41260921209357987,-1,true
2026-01-14,2026-01-21,7Y,5,historical/source-original,-1,0.41273433309336827,-1,true
2026-01-15,2026-01-22,7Y,5,historical/source-original,-1,0.41273433309336827,-1,true
2026-01-16,2026-01-23,7Y,5,historical/source-original,1,0.41735828943570996,-1,false
2026-01-19,2026-01-26,7Y,5,historical/source-original,-1,0.4175075315508314,-1,true
2026-01-20,2026-01-27,7Y,5,historical/source-original,-1,0.40577324955764354,-1,true
2026-01-21,2026-01-28,7Y,5,historical/source-original,1,0.41562238244202204,-1,false
2026-01-22,2026-01-29,7Y,5,historical/source-original,-1,0.4096061169094694,-1,true
2026-01-23,2026-01-30,7Y,5,historical/source-original,1,0.404798933828962,-1,false
2026-01-26,2026-02-02,7Y,5,historical/source-original,1,0.3995815780209127,-1,false
2026-01-27,2026-02-03,7Y,5,historical/source-original,-1,0.3985425411122019,-1,true
2026-01-28,2026-02-04,7Y,5,historical/source-original,-1,0.40420403848642156,-1,true
2026-01-29,2026-02-05,7Y,5,historical/source-original,-1,0.408826467549779,-1,true
2026-01-30,2026-02-06,7Y,5,historical/source-original,-1,0.36970615418078817,-1,true
2026-02-02,2026-02-09,7Y,5,historical/source-original,-1,0.4182184125189692,-1,true
2026-02-03,2026-02-10,7Y,5,historical/source-original,-1,0.3758701145212508,-1,true
2026-02-04,2026-02-11,7Y,5,historical/source-original,1,0.44589680658182956,-1,false
2026-02-05,2026-02-12,7Y,5,historical/source-original,1,0.3844754793914224,-1,false
2026-02-06,2026-02-13,7Y,5,historical/source-original,1,0.376815028648709,-1,false
2026-02-09,2026-02-24,7Y,5,historical/source-original,1,0.42849889342462794,-1,false
2026-02-10,2026-02-25,7Y,5,historical/source-original,1,0.4584744797512783,1,true
2026-02-11,2026-02-26,7Y,5,historical/source-original,1,0.37953239533500854,1,true
2026-02-12,2026-02-27,7Y,5,historical/source-original,1,0.3951764439574917,1,true
2026-02-13,2026-03-02,7Y,5,historical/source-original,1,0.3595063212760965,1,true
2026-02-24,2026-03-03,7Y,5,historical/source-original,1,0.3933968167962726,1,true
2026-02-25,2026-03-04,7Y,5,historical/source-original,-1,0.36482461149740386,-1,true
2026-02-26,2026-03-05,7Y,5,historical/source-original,1,0.36881266879322866,-1,false
2026-02-27,2026-03-06,7Y,5,historical/source-original,-1,0.34230319956808314,-1,true
2026-03-02,2026-03-09,7Y,5,historical/source-original,1,0.44706503235465983,1,true
2026-03-03,2026-03-10,7Y,5,historical/source-original,1,0.45154212389031645,1,true
2026-03-04,2026-03-11,7Y,5,historical/source-original,1,0.45152182159883253,1,true
2026-03-05,2026-03-12,7Y,5,historical/source-original,1,0.45753809281931224,1,true
2026-03-06,2026-03-13,7Y,5,historical/source-original,1,0.45753809281931224,1,true
2026-03-09,2026-03-16,7Y,5,historical/source-original,1,0.46242739122847953,1,true
2026-03-10,2026-03-17,7Y,5,historical/source-original,-1,0.4673166334460267,1,false
2026-03-11,2026-03-18,7Y,5,historical/source-original,-1,0.4571560214693726,-1,true
2026-03-12,2026-03-19,7Y,5,historical/source-original,1,0.4770029998390114,1,true
2026-03-13,2026-03-20,7Y,5,historical/source-original,-1,0.48439451139743706,-1,true
2026-03-16,2026-03-23,7Y,5,historical/source-original,-1,0.48439451139743706,-1,true
2026-03-17,2026-03-24,7Y,5,historical/source-original,1,0.49690204274199823,-1,false
2026-03-18,2026-03-25,7Y,5,historical/source-original,1,0.48884931462872044,1,true
2026-03-19,2026-03-26,7Y,5,historical/source-original,1,0.5792356878752905,1,true
2026-03-20,2026-03-27,7Y,5,historical/source-original,1,0.6026036942891407,-1,false
2026-03-23,2026-03-30,7Y,5,historical/source-original,-1,0.4320265548644517,-1,true
2026-03-24,2026-03-31,7Y,5,historical/source-original,-1,0.45905459334653814,-1,true
2026-03-25,2026-04-01,7Y,5,historical/source-original,-1,0.4675696228507149,-1,true
2026-03-26,2026-04-02,7Y,5,historical/source-original,-1,0.4637714336660188,-1,true
2026-03-27,2026-04-03,7Y,5,historical/source-original,-1,0.47462833858284403,-1,true
2026-03-30,2026-04-07,7Y,5,historical/source-original,1,0.5194159462287938,1,true
2026-03-31,2026-04-08,7Y,5,historical/source-original,-1,0.5054732618572303,1,false
2026-04-01,2026-04-09,7Y,5,historical/source-original,-1,0.5829050518144366,-1,true
2026-04-02,2026-04-10,7Y,5,historical/source-original,-1,0.5208989407325224,1,false
2026-04-03,2026-04-13,7Y,5,historical/source-original,-1,0.5218761390151027,-1,true
2026-04-07,2026-04-14,7Y,5,historical/source-original,-1,0.49481364694747515,-1,true
2026-04-08,2026-04-15,7Y,5,historical/source-original,-1,0.5102029746476193,-1,true
2026-04-09,2026-04-16,7Y,5,historical/source-original,-1,0.5071037097336374,-1,true
2026-04-10,2026-04-17,7Y,5,historical/source-original,-1,0.5092500013268872,-1,true
2026-04-13,2026-04-20,7Y,5,historical/source-original,-1,0.5099026800066349,-1,true
2026-04-14,2026-04-21,7Y,5,historical/source-original,-1,0.5132731954044382,-1,true
2026-04-15,2026-04-22,7Y,5,historical/source-original,-1,0.5148761484613189,-1,true
2026-04-16,2026-04-23,7Y,5,historical/source-original,-1,0.5256115697344793,-1,true
2026-04-17,2026-04-24,7Y,5,historical/source-original,-1,0.5256115697344793,0,false
2026-04-20,2026-04-27,7Y,5,historical/source-original,1,0.5317130179829189,1,true
2026-04-21,2026-04-28,7Y,5,historical/source-original,1,0.5253056604575281,1,true
2026-04-22,2026-04-29,7Y,5,historical/source-original,1,0.5253056604575281,1,true
2026-04-23,2026-04-30,7Y,5,historical/source-original,-1,0.524458516922942,1,false
2026-04-24,2026-05-06,7Y,5,historical/source-original,-1,0.5238645664105344,1,false
2026-04-27,2026-05-07,7Y,5,historical/source-original,-1,0.5238645664105344,-1,true
2026-04-28,2026-05-08,7Y,5,historical/source-original,-1,0.5242701987164913,-1,true
2026-04-29,2026-05-11,7Y,5,historical/source-original,-1,0.5195939362471484,1,false
2026-04-30,2026-05-12,7Y,5,historical/source-original,-1,0.5065170325942464,1,false
2026-05-06,2026-05-13,7Y,5,historical/source-original,-1,0.5050500214583351,-1,true
2026-05-07,2026-05-14,7Y,5,historical/source-original,-1,0.5234392733484883,-1,true
2026-05-08,2026-05-15,7Y,5,historical/source-original,-1,0.511597783040053,-1,true
2026-05-11,2026-05-18,7Y,5,historical/source-original,-1,0.5132665052898253,-1,true
2026-05-12,2026-05-19,7Y,5,historical/source-original,-1,0.5192528254868929,-1,true
2026-05-13,2026-05-20,7Y,5,historical/source-original,-1,0.5241078761363911,-1,true
2026-05-14,2026-05-21,7Y,5,historical/source-original,-1,0.5274923046785666,-1,true
2026-05-15,2026-05-22,7Y,5,historical/source-original,-1,0.5274923046785666,-1,true
2026-05-18,2026-05-25,7Y,5,historical/source-original,1,0.5228689438455467,-1,false
2026-05-19,2026-05-26,7Y,5,historical/source-original,1,0.516986481890286,-1,false
2026-05-20,2026-05-27,7Y,5,historical/source-original,1,0.511880252850362,-1,false
2026-05-21,2026-05-28,7Y,5,historical/source-original,1,0.5086161682577243,-1,false
2026-05-22,2026-05-29,7Y,5,historical/source-original,1,0.5027494784063502,-1,false
2025-01-02,2025-01-09,10Y,5,historical/source-original,1,0.32575835802769776,1,true
2025-01-03,2025-01-10,10Y,5,historical/source-original,-1,0.3308184297085785,1,false
2025-01-06,2025-01-13,10Y,5,historical/source-original,1,0.3358784216340266,1,true
2025-01-07,2025-01-14,10Y,5,historical/source-original,1,0.3444548889081283,1,true
2025-01-08,2025-01-15,10Y,5,historical/source-original,1,0.3495205884769361,1,true
2025-01-09,2025-01-16,10Y,5,historical/source-original,1,0.35458603582299497,0,false
2025-01-10,2025-01-17,10Y,5,historical/source-original,1,0.35458603582299497,1,true
2025-01-13,2025-01-20,10Y,5,historical/source-original,1,0.35105796651644305,1,true
2025-01-14,2025-01-21,10Y,5,historical/source-original,1,0.35105796651644305,1,true
2025-01-15,2025-01-22,10Y,5,historical/source-original,1,0.35105796651644305,1,true
2025-01-16,2025-01-23,10Y,5,historical/source-original,1,0.35105796651644305,1,true
2025-01-17,2025-01-24,10Y,5,historical/source-original,-1,0.35105796651644305,-1,true
2025-01-20,2025-01-27,10Y,5,historical/source-original,-1,0.3516570737754715,-1,true
2025-01-21,2025-02-05,10Y,5,historical/source-original,-1,0.34457248448382405,-1,true
2025-01-22,2025-02-06,10Y,5,historical/source-original,-1,0.3401397680355768,-1,true
2025-01-23,2025-02-07,10Y,5,historical/source-original,1,0.34904312831300904,-1,false
2025-01-24,2025-02-10,10Y,5,historical/source-original,1,0.3367879912576794,-1,false
2025-01-27,2025-02-11,10Y,5,historical/source-original,1,0.32567969730715146,0,false
2025-02-05,2025-02-12,10Y,5,historical/source-original,1,0.3191817809728601,1,true
2025-02-06,2025-02-13,10Y,5,historical/source-original,1,0.32424682343439876,1,true
2025-02-07,2025-02-14,10Y,5,historical/source-original,1,0.3293116673120705,1,true
2025-02-10,2025-02-17,10Y,5,historical/source-original,1,0.3348124446992109,1,true
2025-02-11,2025-02-18,10Y,5,historical/source-original,1,0.3348124446992109,1,true
2025-02-12,2025-02-19,10Y,5,historical/source-original,1,0.3348124446992109,1,true
2025-02-13,2025-02-20,10Y,5,historical/source-original,1,0.340045782216252,1,true
2025-02-14,2025-02-21,10Y,5,historical/source-original,1,0.3333912350648899,1,true
2025-02-17,2025-02-24,10Y,5,historical/source-original,1,0.3404274051937545,1,true
2025-02-18,2025-02-25,10Y,5,historical/source-original,1,0.3427340609911988,1,true
2025-02-19,2025-02-26,10Y,5,historical/source-original,-1,0.35700820947081907,1,false
2025-02-20,2025-02-27,10Y,5,historical/source-original,-1,0.3404274051937545,1,false
2025-02-21,2025-02-28,10Y,5,historical/source-original,1,0.3501042010724116,0,false
2025-02-24,2025-03-03,10Y,5,historical/source-original,-1,0.41640878107621465,-1,true
2025-02-25,2025-03-04,10Y,5,historical/source-original,1,0.42070306143350605,-1,false
2025-02-26,2025-03-05,10Y,5,historical/source-original,1,0.4003334267381282,-1,false
2025-02-27,2025-03-06,10Y,5,historical/source-original,1,0.4457690859678435,-1,false
2025-02-28,2025-03-07,10Y,5,historical/source-original,1,0.4726489762119634,1,true
2025-03-03,2025-03-10,10Y,5,historical/source-original,1,0.513843038383915,1,true
2025-03-04,2025-03-11,10Y,5,historical/source-original,1,0.46836358050430893,1,true
2025-03-05,2025-03-12,10Y,5,historical/source-original,1,0.4191227825053913,1,true
2025-03-06,2025-03-13,10Y,5,historical/source-original,1,0.4454813257263535,1,true
2025-03-07,2025-03-14,10Y,5,historical/source-original,1,0.34828302841979203,1,true
2025-03-10,2025-03-17,10Y,5,historical/source-original,1,0.2649683780197576,1,true
2025-03-11,2025-03-18,10Y,5,historical/source-original,-1,0.32331086454307123,1,false
2025-03-12,2025-03-19,10Y,5,historical/source-original,-1,0.30640810647799205,1,false
2025-03-13,2025-03-20,10Y,5,historical/source-original,-1,0.22588650369865224,-1,true
2025-03-14,2025-03-21,10Y,5,historical/source-original,-1,0.20774712163405015,-1,true
2025-03-17,2025-03-24,10Y,5,historical/source-original,-1,0.24093009958190012,-1,true
2025-03-18,2025-03-25,10Y,5,historical/source-original,-1,0.24935322634295543,-1,true
2025-03-19,2025-03-26,10Y,5,historical/source-original,-1,0.2343359681489434,-1,true
2025-03-20,2025-03-27,10Y,5,historical/source-original,-1,0.24823233918688908,-1,true
2025-03-21,2025-03-28,10Y,5,historical/source-original,-1,0.20942570145521233,-1,true
2025-03-24,2025-03-31,10Y,5,historical/source-original,-1,0.19039032016966395,1,false
2025-03-25,2025-04-01,10Y,5,historical/source-original,-1,0.2144830652784395,1,false
2025-03-26,2025-04-02,10Y,5,historical/source-original,1,0.1851918703412987,1,true
2025-03-27,2025-04-03,10Y,5,historical/source-original,-1,0.19814978638595865,-1,true
2025-03-28,2025-04-07,10Y,5,historical/source-original,-1,0.2178677182935478,-1,true
2025-03-31,2025-04-08,10Y,5,historical/source-original,-1,0.22084343501607714,-1,true
2025-04-01,2025-04-09,10Y,5,historical/source-original,-1,0.20070336868844427,-1,true
2025-04-02,2025-04-10,10Y,5,historical/source-original,-1,0.27185714048337795,-1,true
2025-04-03,2025-04-11,10Y,5,historical/source-original,1,0.25348884865376337,-1,false
2025-04-07,2025-04-14,10Y,5,historical/source-original,1,0.39863573567058913,1,true
2025-04-08,2025-04-15,10Y,5,historical/source-original,-1,0.2868279511137522,-1,true
2025-04-09,2025-04-16,10Y,5,historical/source-original,-1,0.2989054664180945,1,false
2025-04-10,2025-04-17,10Y,5,historical/source-original,1,0.4226928935229172,0,false
2025-04-11,2025-04-18,10Y,5,historical/source-original,-1,0.49637164909769443,-1,true
2025-04-14,2025-04-21,10Y,5,historical/source-original,1,0.46301725090280604,1,true
2025-04-15,2025-04-22,10Y,5,historical/source-original,1,0.43399413637309675,-1,false
2025-04-16,2025-04-23,10Y,5,historical/source-original,-1,0.48121025191930206,1,false
2025-04-17,2025-04-24,10Y,5,historical/source-original,1,0.4702818210328889,1,true
2025-04-18,2025-04-25,10Y,5,historical/source-original,1,0.5093136945943475,1,true
2025-04-21,2025-04-28,10Y,5,historical/source-original,1,0.35930186497643823,-1,false
2025-04-22,2025-04-29,10Y,5,historical/source-original,1,0.38020388519149073,-1,false
2025-04-23,2025-04-30,10Y,5,historical/source-original,1,0.3385453837958811,-1,false
2025-04-24,2025-05-06,10Y,5,historical/source-original,1,0.32261022490792923,-1,false
2025-04-25,2025-05-07,10Y,5,historical/source-original,1,0.27138495719803074,-1,false
2025-04-28,2025-05-08,10Y,5,historical/source-original,1,0.3044554670757559,-1,false
2025-04-29,2025-05-09,10Y,5,historical/source-original,1,0.4530250923343754,-1,false
2025-04-30,2025-05-12,10Y,5,historical/source-original,1,0.48439017911876014,1,true
2025-05-06,2025-05-13,10Y,5,historical/source-original,1,0.38760687468344857,1,true
2025-05-07,2025-05-14,10Y,5,historical/source-original,-1,0.3598907503198882,1,false
2025-05-08,2025-05-15,10Y,5,historical/source-original,1,0.434497617461688,1,true
2025-05-09,2025-05-16,10Y,5,historical/source-original,1,0.4848483002087831,1,true
2025-05-12,2025-05-19,10Y,5,historical/source-original,1,0.3667245925266085,-1,false
2025-05-13,2025-05-20,10Y,5,historical/source-original,1,0.34332353939461213,1,true
2025-05-14,2025-05-21,10Y,5,historical/source-original,1,0.276311297819461,1,true
2025-05-15,2025-05-22,10Y,5,historical/source-original,1,0.26684813741644464,1,true
2025-05-16,2025-05-23,10Y,5,historical/source-original,1,0.3277535689482221,1,true
2025-05-19,2025-05-26,10Y,5,historical/source-original,1,0.29967918658887566,1,true
2025-05-20,2025-05-27,10Y,5,historical/source-original,1,0.22827595087257507,1,true
2025-05-21,2025-05-28,10Y,5,historical/source-original,1,0.33784011991410895,1,true
2025-05-22,2025-05-29,10Y,5,historical/source-original,1,0.319273454315725,1,true
2025-05-23,2025-05-30,10Y,5,historical/source-original,1,0.29453869408016226,-1,false
2025-05-26,2025-06-03,10Y,5,historical/source-original,1,0.23500817769560747,-1,false
2025-05-27,2025-06-04,10Y,5,historical/source-original,-1,0.2987009355563338,-1,true
2025-05-28,2025-06-05,10Y,5,historical/source-original,-1,0.3409087597477371,-1,true
2025-05-29,2025-06-06,10Y,5,historical/source-original,-1,0.3333908593169025,-1,true
2025-05-30,2025-06-09,10Y,5,historical/source-original,1,0.34377717646083045,-1,false
2025-06-03,2025-06-10,10Y,5,historical/source-original,-1,0.36272937735320526,-1,true
2025-06-04,2025-06-11,10Y,5,historical/source-original,-1,0.3704945249917706,-1,true
2025-06-05,2025-06-12,10Y,5,historical/source-original,-1,0.3471827918091412,-1,true
2025-06-06,2025-06-13,10Y,5,historical/source-original,1,0.3384734490050486,-1,false
2025-06-09,2025-06-16,10Y,5,historical/source-original,1,0.3419868482159801,-1,false
2025-06-10,2025-06-17,10Y,5,historical/source-original,1,0.3288673230945479,-1,false
2025-06-11,2025-06-18,10Y,5,historical/source-original,1,0.3182980903176821,-1,false
2025-06-12,2025-06-19,10Y,5,historical/source-original,1,0.310265477375091,-1,false
2025-06-13,2025-06-20,10Y,5,historical/source-original,1,0.3137509687796057,-1,false
2025-06-16,2025-06-23,10Y,5,historical/source-original,1,0.32077039048237854,0,false
2025-06-17,2025-06-24,10Y,5,historical/source-original,1,0.24496739319535685,1,true
2025-06-18,2025-06-25,10Y,5,historical/source-original,1,0.32189051518937223,1,true
2025-06-19,2025-06-26,10Y,5,historical/source-original,1,0.32498715495917585,1,true
2025-06-20,2025-06-27,10Y,5,historical/source-original,1,0.32498715495917585,1,true
2025-06-23,2025-06-30,10Y,5,historical/source-original,1,0.32935024578828026,1,true
2025-06-24,2025-07-01,10Y,5,historical/source-original,1,0.32935024578828026,-1,false
2025-06-25,2025-07-02,10Y,5,historical/source-original,1,0.3339229880680051,-1,false
2025-06-26,2025-07-03,10Y,5,historical/source-original,-1,0.35510735182595005,-1,true
2025-06-27,2025-07-04,10Y,5,historical/source-original,1,0.35510735182595005,-1,false
2025-06-30,2025-07-07,10Y,5,historical/source-original,-1,0.35999116453112767,-1,true
2025-07-01,2025-07-08,10Y,5,historical/source-original,-1,0.35999116453112767,1,false
2025-07-02,2025-07-09,10Y,5,historical/source-original,1,0.3652900981433709,1,true
2025-07-03,2025-07-10,10Y,5,historical/source-original,1,0.3652900981433709,1,true
2025-07-04,2025-07-11,10Y,5,historical/source-original,1,0.3687525609536733,1,true
2025-07-07,2025-07-14,10Y,5,historical/source-original,1,0.37058913459608006,1,true
2025-07-08,2025-07-15,10Y,5,historical/source-original,1,0.37012129731319354,1,true
2025-07-09,2025-07-16,10Y,5,historical/source-original,1,0.3736340465332255,1,true
2025-07-10,2025-07-17,10Y,5,historical/source-original,1,0.37518380359734343,1,true
2025-07-11,2025-07-18,10Y,5,historical/source-original,1,0.3736340465332255,-1,false
2025-07-14,2025-07-21,10Y,5,historical/source-original,1,0.3680347094844517,1,true
2025-07-15,2025-07-22,10Y,5,historical/source-original,1,0.3601840772200481,1,true
2025-07-16,2025-07-23,10Y,5,historical/source-original,1,0.35709584639252967,1,true
2025-07-17,2025-07-24,10Y,5,historical/source-original,1,0.3516556642768676,1,true
2025-07-18,2025-07-25,10Y,5,historical/source-original,1,0.3493936269571614,1,true
2025-07-21,2025-07-28,10Y,5,historical/source-original,1,0.34086627173778516,1,true
2025-07-22,2025-07-29,10Y,5,historical/source-original,-1,0.34592117233037234,1,false
2025-07-23,2025-07-30,10Y,5,historical/source-original,-1,0.3491777456442689,1,false
2025-07-24,2025-07-31,10Y,5,historical/source-original,-1,0.35612850195326445,-1,true
2025-07-25,2025-08-01,10Y,5,historical/source-original,-1,0.3759509605346876,-1,true
2025-07-28,2025-08-04,10Y,5,historical/source-original,-1,0.35363627338621295,-1,true
2025-07-29,2025-08-05,10Y,5,historical/source-original,-1,0.3722710468815702,-1,true
2025-07-30,2025-08-06,10Y,5,historical/source-original,-1,0.37823058426025075,-1,true
2025-07-31,2025-08-07,10Y,5,historical/source-original,1,0.39039055761931885,-1,false
2025-08-01,2025-08-08,10Y,5,historical/source-original,-1,0.38805375920017005,-1,true
2025-08-04,2025-08-11,10Y,5,historical/source-original,1,0.4018156603385687,1,true
2025-08-05,2025-08-12,10Y,5,historical/source-original,1,0.40712249839331477,1,true
2025-08-06,2025-08-13,10Y,5,historical/source-original,1,0.4122757420438542,1,true
2025-08-07,2025-08-14,10Y,5,historical/source-original,-1,0.4190746499777108,1,false
2025-08-08,2025-08-15,10Y,5,historical/source-original,-1,0.42444248372374754,1,false
2025-08-11,2025-08-18,10Y,5,historical/source-original,-1,0.42444248372374754,1,false
2025-08-12,2025-08-19,10Y,5,historical/source-original,-1,0.40995182239051425,1,false
2025-08-13,2025-08-20,10Y,5,historical/source-original,-1,0.41055536886493443,1,false
2025-08-14,2025-08-21,10Y,5,historical/source-original,-1,0.4066889444119909,1,false
2025-08-15,2025-08-22,10Y,5,historical/source-original,1,0.40414183628645783,1,true
2025-08-18,2025-08-25,10Y,5,historical/source-original,-1,0.4041496667418854,-1,true
2025-08-19,2025-08-26,10Y,5,historical/source-original,1,0.39956266446727207,-1,false
2025-08-20,2025-08-27,10Y,5,historical/source-original,1,0.39450540482096513,-1,false
2025-08-21,2025-08-28,10Y,5,historical/source-original,1,0.3813936846680111,1,true
2025-08-22,2025-08-29,10Y,5,historical/source-original,-1,0.3759380528267051,-1,true
2025-08-25,2025-09-01,10Y,5,historical/source-original,-1,0.3703534980180683,1,false
2025-08-26,2025-09-02,10Y,5,historical/source-original,-1,0.3703534980180683,1,false
2025-08-27,2025-09-03,10Y,5,historical/source-original,-1,0.37043734818128615,-1,true
2025-08-28,2025-09-04,10Y,5,historical/source-original,-1,0.37043734818128615,-1,true
2025-08-29,2025-09-05,10Y,5,historical/source-original,-1,0.37043734818128615,-1,true
2025-09-01,2025-09-08,10Y,5,historical/source-original,-1,0.37558696293166094,1,false
2025-09-02,2025-09-09,10Y,5,historical/source-original,-1,0.3806426439023984,1,false
2025-09-03,2025-09-10,10Y,5,historical/source-original,-1,0.38569828873052164,1,false
2025-09-04,2025-09-11,10Y,5,historical/source-original,-1,0.38569828873052164,1,false
2025-09-05,2025-09-12,10Y,5,historical/source-original,-1,0.38569828873052164,1,false
2025-09-08,2025-09-15,10Y,5,historical/source-original,-1,0.3806426439023984,1,false
2025-09-09,2025-09-16,10Y,5,historical/source-original,-1,0.37549276683000066,-1,true
2025-09-10,2025-09-17,10Y,5,historical/source-original,-1,0.37549276683000066,-1,true
2025-09-11,2025-09-18,10Y,5,historical/source-original,-1,0.37549276683000066,-1,true
2025-09-12,2025-09-19,10Y,5,historical/source-original,-1,0.37549276683000066,1,false
2025-09-15,2025-09-22,10Y,5,historical/source-original,-1,0.3811077977180897,-1,true
2025-09-16,2025-09-23,10Y,5,historical/source-original,1,0.3867236636895587,1,true
2025-09-17,2025-09-24,10Y,5,historical/source-original,-1,0.3923403170559451,1,false
2025-09-18,2025-09-25,10Y,5,historical/source-original,1,0.4009832924624647,1,true
2025-09-19,2025-09-26,10Y,5,historical/source-original,-1,0.41775398028483796,1,false
2025-09-22,2025-09-29,10Y,5,historical/source-original,-1,0.4133273322389552,1,false
2025-09-23,2025-09-30,10Y,5,historical/source-original,-1,0.4183840627256673,-1,true
2025-09-24,2025-10-09,10Y,5,historical/source-original,-1,0.42407843714454807,-1,true
2025-09-25,2025-10-10,10Y,5,historical/source-original,-1,0.4240861210832219,-1,true
2025-09-26,2025-10-13,10Y,5,historical/source-original,-1,0.4291422156977073,-1,true
2025-09-29,2025-10-14,10Y,5,historical/source-original,-1,0.4361762927210656,-1,true
2025-09-30,2025-10-15,10Y,5,historical/source-original,1,0.435605099386516,-1,false
2025-10-09,2025-10-16,10Y,5,historical/source-original,1,0.445075043849807,-1,false
2025-10-10,2025-10-17,10Y,5,historical/source-original,1,0.4430250088870859,-1,false
2025-10-13,2025-10-20,10Y,5,historical/source-original,1,0.445075043849807,1,true
2025-10-14,2025-10-21,10Y,5,historical/source-original,1,0.4546589976857161,1,true
2025-10-15,2025-10-22,10Y,5,historical/source-original,1,0.44044596024366084,1,true
2025-10-16,2025-10-23,10Y,5,historical/source-original,1,0.4414014130615686,1,true
2025-10-17,2025-10-24,10Y,5,historical/source-original,1,0.4513005530449137,1,true
2025-10-20,2025-10-27,10Y,5,historical/source-original,-1,0.43693455239459306,1,false
2025-10-21,2025-10-28,10Y,5,historical/source-original,1,0.4221059333145919,1,true
2025-10-22,2025-10-29,10Y,5,historical/source-original,1,0.43488848960957444,1,true
2025-10-23,2025-10-30,10Y,5,historical/source-original,1,0.429923952509093,-1,false
2025-10-24,2025-10-31,10Y,5,historical/source-original,1,0.4274696288583577,-1,false
2025-10-27,2025-11-03,10Y,5,historical/source-original,1,0.4330311183829353,-1,false
2025-10-28,2025-11-04,10Y,5,historical/source-original,1,0.45980134512352916,-1,false
2025-10-29,2025-11-05,10Y,5,historical/source-original,1,0.4559580736655751,-1,false
2025-10-30,2025-11-06,10Y,5,historical/source-original,1,0.47805616859041433,-1,false
2025-10-31,2025-11-07,10Y,5,historical/source-original,1,0.44523981977162014,1,true
2025-11-03,2025-11-10,10Y,5,historical/source-original,-1,0.4268552998970881,1,false
2025-11-04,2025-11-11,10Y,5,historical/source-original,1,0.43558536231903366,1,true
2025-11-05,2025-11-12,10Y,5,historical/source-original,-1,0.4350229289038818,1,false
2025-11-06,2025-11-13,10Y,5,historical/source-original,-1,0.43865734689648356,1,false
2025-11-07,2025-11-14,10Y,5,historical/source-original,-1,0.44503834990989705,-1,true
2025-11-10,2025-11-17,10Y,5,historical/source-original,-1,0.44815503588941824,-1,true
2025-11-11,2025-11-18,10Y,5,historical/source-original,1,0.4546919771081258,1,true
2025-11-12,2025-11-19,10Y,5,historical/source-original,1,0.448380887755007,1,true
2025-11-13,2025-11-20,10Y,5,historical/source-original,1,0.45343735119487943,1,true
2025-11-14,2025-11-21,10Y,5,historical/source-original,1,0.459743729854795,1,true
2025-11-17,2025-11-24,10Y,5,historical/source-original,1,0.45875148984731995,1,true
2025-11-18,2025-11-25,10Y,5,historical/source-original,1,0.4638084159334029,1,true
2025-11-19,2025-11-26,10Y,5,historical/source-original,1,0.46985575682496494,1,true
2025-11-20,2025-11-27,10Y,5,historical/source-original,1,0.46410446571103353,1,true
2025-11-21,2025-11-28,10Y,5,historical/source-original,1,0.46410446571103353,1,true
2025-11-24,2025-12-01,10Y,5,historical/source-original,1,0.46999417308785413,1,true
2025-11-25,2025-12-02,10Y,5,historical/source-original,1,0.46985575682496494,1,true
2025-11-26,2025-12-03,10Y,5,historical/source-original,1,0.46985575682496494,1,true
2025-11-27,2025-12-04,10Y,5,historical/source-original,1,0.4749117250656676,1,true
2025-11-28,2025-12-05,10Y,5,historical/source-original,-1,0.4803522570437408,-1,true
2025-12-01,2025-12-08,10Y,5,historical/source-original,1,0.48540806802510955,1,true
2025-12-02,2025-12-09,10Y,5,historical/source-original,1,0.48540806802510955,-1,false
2025-12-03,2025-12-10,10Y,5,historical/source-original,1,0.4872053193352056,-1,false
2025-12-04,2025-12-11,10Y,5,historical/source-original,-1,0.47695297265138775,-1,true
2025-12-05,2025-12-12,10Y,5,historical/source-original,1,0.5022415735668048,1,true
2025-12-08,2025-12-15,10Y,5,historical/source-original,1,0.4921897961702289,1,true
2025-12-09,2025-12-16,10Y,5,historical/source-original,1,0.4873104178227584,1,true
2025-12-10,2025-12-17,10Y,5,historical/source-original,1,0.507923197832932,1,true
2025-12-11,2025-12-18,10Y,5,historical/source-original,1,0.5062736457982436,1,true
2025-12-12,2025-12-19,10Y,5,historical/source-original,-1,0.5036480696226965,-1,true
2025-12-15,2025-12-22,10Y,5,historical/source-original,1,0.5132700453733893,-1,false
2025-12-16,2025-12-23,10Y,5,historical/source-original,1,0.5142255314171201,-1,false
2025-12-17,2025-12-24,10Y,5,historical/source-original,1,0.5229340733847696,-1,false
2025-12-18,2025-12-25,10Y,5,historical/source-original,1,0.5240454403030922,-1,false
2025-12-19,2025-12-26,10Y,5,historical/source-original,-1,0.46315718409060685,1,false
2025-12-22,2025-12-29,10Y,5,historical/source-original,-1,0.5097643489812259,1,false
2025-12-23,2025-12-30,10Y,5,historical/source-original,1,0.4723913327955565,1,true
2025-12-24,2025-12-31,10Y,5,historical/source-original,-1,0.48458219790452667,1,false
2025-12-25,2026-01-05,10Y,5,historical/source-original,1,0.5090295980916246,1,true
2025-12-26,2026-01-06,10Y,5,historical/source-original,1,0.5143567040691828,1,true
2025-12-29,2026-01-07,10Y,5,historical/source-original,1,0.5225302527463221,1,true
2025-12-30,2026-01-08,10Y,5,historical/source-original,1,0.5039051868336956,1,true
2025-12-31,2026-01-09,10Y,5,historical/source-original,1,0.5669739327389229,1,true
2026-01-05,2026-01-12,10Y,5,historical/source-original,-1,0.5500893253435228,-1,true
2026-01-06,2026-01-13,10Y,5,historical/source-original,-1,0.5513091314559011,-1,true
2026-01-07,2026-01-14,10Y,5,historical/source-original,1,0.5874426461697755,-1,false
2026-01-08,2026-01-15,10Y,5,historical/source-original,1,0.5936169968548471,-1,false
2026-01-09,2026-01-16,10Y,5,historical/source-original,1,0.6164201101382694,-1,false
2026-01-12,2026-01-19,10Y,5,historical/source-original,-1,0.6328803415050096,-1,true
2026-01-13,2026-01-20,10Y,5,historical/source-original,-1,0.6069340276375773,-1,true
2026-01-14,2026-01-21,10Y,5,historical/source-original,-1,0.6505996405802852,-1,true
2026-01-15,2026-01-22,10Y,5,historical/source-original,-1,0.6132738003197803,-1,true
2026-01-16,2026-01-23,10Y,5,historical/source-original,-1,0.5524033433361791,-1,true
2026-01-19,2026-01-26,10Y,5,historical/source-original,-1,0.5524033433361791,-1,true
2026-01-20,2026-01-27,10Y,5,historical/source-original,-1,0.5520670543502574,-1,true
2026-01-21,2026-01-28,10Y,5,historical/source-original,1,0.5521228657262197,-1,false
2026-01-22,2026-01-29,10Y,5,historical/source-original,1,0.5521228657262197,-1,false
2026-01-23,2026-01-30,10Y,5,historical/source-original,1,0.5580384118414712,-1,false
2026-01-26,2026-02-02,10Y,5,historical/source-original,1,0.5467666792131513,-1,false
2026-01-27,2026-02-03,10Y,5,historical/source-original,1,0.5417113183113897,-1,false
2026-01-28,2026-02-04,10Y,5,historical/source-original,1,0.5437695806933002,1,true
2026-01-29,2026-02-05,10Y,5,historical/source-original,1,0.5537416798018919,-1,false
2026-01-30,2026-02-06,10Y,5,historical/source-original,1,0.5542819723711094,0,false
2026-02-02,2026-02-09,10Y,5,historical/source-original,1,0.5585270758378142,-1,false
2026-02-03,2026-02-10,10Y,5,historical/source-original,-1,0.5640502646509092,-1,true
2026-02-04,2026-02-11,10Y,5,historical/source-original,-1,0.5695731104861075,-1,true
2026-02-05,2026-02-12,10Y,5,historical/source-original,1,0.5750955902951892,-1,false
2026-02-06,2026-02-13,10Y,5,historical/source-original,1,0.5750955902951892,-1,false
2026-02-09,2026-02-24,10Y,5,historical/source-original,1,0.5750955902951892,-1,false
2026-02-10,2026-02-25,10Y,5,historical/source-original,1,0.5750955902951892,1,true
2026-02-11,2026-02-26,10Y,5,historical/source-original,1,0.5750955902951892,1,true
2026-02-12,2026-02-27,10Y,5,historical/source-original,1,0.5750955902951892,1,true
2026-02-13,2026-03-02,10Y,5,historical/source-original,1,0.5750955902951892,1,true
2026-02-24,2026-03-03,10Y,5,historical/source-original,1,0.5750955902951892,1,true
2026-02-25,2026-03-04,10Y,5,historical/source-original,1,0.5695731104861075,-1,false
2026-02-26,2026-03-05,10Y,5,historical/source-original,-1,0.5695731104861075,-1,true
2026-02-27,2026-03-06,10Y,5,historical/source-original,1,0.5640502646509092,-1,false
2026-03-02,2026-03-09,10Y,5,historical/source-original,1,0.5617366428221087,1,true
2026-03-03,2026-03-10,10Y,5,historical/source-original,1,0.5566815903480266,1,true
2026-03-04,2026-03-11,10Y,5,historical/source-original,1,0.5567970083027214,1,true
2026-03-05,2026-03-12,10Y,5,historical/source-original,1,0.5615729556716171,1,true
2026-03-06,2026-03-13,10Y,5,historical/source-original,1,0.5640502646509092,1,true
2026-03-09,2026-03-16,10Y,5,historical/source-original,-1,0.5695731104861075,1,false
2026-03-10,2026-03-17,10Y,5,historical/source-original,-1,0.5750955902951892,1,false
2026-03-11,2026-03-18,10Y,5,historical/source-original,-1,0.5695731104861075,1,false
2026-03-12,2026-03-19,10Y,5,historical/source-original,1,0.5640502646509092,1,true
2026-03-13,2026-03-20,10Y,5,historical/source-original,-1,0.5617381331304278,1,false
2026-03-16,2026-03-23,10Y,5,historical/source-original,-1,0.5562628314069334,-1,true
2026-03-17,2026-03-24,10Y,5,historical/source-original,-1,0.5512081586132246,-1,true
2026-03-18,2026-03-25,10Y,5,historical/source-original,-1,0.5509735735279754,-1,true
2026-03-19,2026-03-26,10Y,5,historical/source-original,-1,0.5509735735279754,-1,true
2026-03-20,2026-03-27,10Y,5,historical/source-original,-1,0.5513774609618011,-1,true
2026-03-23,2026-03-30,10Y,5,historical/source-original,-1,0.551145434722956,-1,true
2026-03-24,2026-03-31,10Y,5,historical/source-original,-1,0.5561998263986232,-1,true
2026-03-25,2026-04-01,10Y,5,historical/source-original,-1,0.5616421032622756,-1,true
2026-03-26,2026-04-02,10Y,5,historical/source-original,-1,0.5668951816741565,0,false
2026-03-27,2026-04-03,10Y,5,historical/source-original,-1,0.5719987833679901,1,false
2026-03-30,2026-04-07,10Y,5,historical/source-original,-1,0.577053308552542,1,false
2026-03-31,2026-04-08,10Y,5,historical/source-original,-1,0.577053308552542,-1,true
2026-04-01,2026-04-09,10Y,5,historical/source-original,-1,0.577053308552542,-1,true
2026-04-02,2026-04-10,10Y,5,historical/source-original,-1,0.570834725723573,-1,true
2026-04-03,2026-04-13,10Y,5,historical/source-original,-1,0.570834725723573,-1,true
2026-04-07,2026-04-14,10Y,5,historical/source-original,-1,0.5656524898790969,-1,true
2026-04-08,2026-04-15,10Y,5,historical/source-original,-1,0.5563549989116212,-1,true
2026-04-09,2026-04-16,10Y,5,historical/source-original,-1,0.5607256088666274,-1,true
2026-04-10,2026-04-17,10Y,5,historical/source-original,-1,0.5605980758563769,-1,true
2026-04-13,2026-04-20,10Y,5,historical/source-original,-1,0.5602465644673592,-1,true
2026-04-14,2026-04-21,10Y,5,historical/source-original,-1,0.5602926631907457,-1,true
2026-04-15,2026-04-22,10Y,5,historical/source-original,-1,0.537071107030983,-1,true
2026-04-16,2026-04-23,10Y,5,historical/source-original,-1,0.5369983768649724,-1,true
2026-04-17,2026-04-24,10Y,5,historical/source-original,-1,0.5318689956975919,-1,true
2026-04-20,2026-04-27,10Y,5,historical/source-original,1,0.5318689956975919,1,true
2026-04-21,2026-04-28,10Y,5,historical/source-original,1,0.5268061620590093,1,true
2026-04-22,2026-04-29,10Y,5,historical/source-original,-1,0.5268061620590093,1,false
2026-04-23,2026-04-30,10Y,5,historical/source-original,-1,0.5217434579839123,1,false
2026-04-24,2026-05-06,10Y,5,historical/source-original,-1,0.41236465038395376,1,false
2026-04-27,2026-05-07,10Y,5,historical/source-original,-1,0.5217434579839123,-1,true
2026-04-28,2026-05-08,10Y,5,historical/source-original,-1,0.5166808772619181,0,false
2026-04-29,2026-05-11,10Y,5,historical/source-original,-1,0.5041111930933855,1,false
2026-04-30,2026-05-12,10Y,5,historical/source-original,-1,0.5040066997982053,1,false
2026-05-06,2026-05-13,10Y,5,historical/source-original,-1,0.5038771273518766,-1,true
2026-05-07,2026-05-14,10Y,5,historical/source-original,-1,0.5037341940839489,-1,true
2026-05-08,2026-05-15,10Y,5,historical/source-original,-1,0.46109481254750967,-1,true
2026-05-11,2026-05-18,10Y,5,historical/source-original,-1,0.46109481254750967,-1,true
2026-05-12,2026-05-19,10Y,5,historical/source-original,-1,0.49760057198976254,-1,true
2026-05-13,2026-05-20,10Y,5,historical/source-original,-1,0.5190098729700012,1,false
2026-05-14,2026-05-21,10Y,5,historical/source-original,1,0.5338550892595676,-1,false
2026-05-15,2026-05-22,10Y,5,historical/source-original,-1,0.485594321610726,-1,true
2026-05-18,2026-05-25,10Y,5,historical/source-original,-1,0.5307879660385666,-1,true
2026-05-19,2026-05-26,10Y,5,historical/source-original,1,0.6477305252556468,1,true
2026-05-20,2026-05-27,10Y,5,historical/source-original,1,0.5800005335641064,-1,false
2026-05-21,2026-05-28,10Y,5,historical/source-original,-1,0.5203526957161687,-1,true
2026-05-22,2026-05-29,10Y,5,historical/source-original,1,0.5332866402860382,-1,false
