month_id,V6384553,X5100205,X9143265,Y0910594,K1849787,B1749047,D8698862,G0900691,G1060820,G1060892,G0122156,G2036054,S0106010,S5105044,S5105035,M0332318,G0004041,G1254021,90000005,90000006,90000015,G1000116,G1010116,G1020116,M0000545,M0000605,M0000610,M0000612,M0001227,M0001383,M0001385,M0001428,M0009970,M0009973,M0010039,M0010040,M0017126,M0043821,M0043823,M0043829,M0061518,M0061571,M0061675,M0061676,M0061677,M0061678,M0061679,M0061680,M0061681,M0061682,M0061683,M0061684,M0061685,M0061688,M0096870,M0100610,M0110039,M0110040,M0141340,M0141341,M0141342,M0143823,M0148909,M0200610,M0209973,M0210039,M0210040,M0241340,M0241341,M0241342,M0317126,M0331299,M0331593,M0341115,M0341340,M0341341,M0341342,M0409973,M0509973,M0617126,M1786900,M2786900,M3786900,M5206731,M5440435,M5525763,M5786900,S0029657,S0029658,S0073123,S0105711,S0107396,S0123820,S0129658,S0172536,S0172558,S0173088,S0207396,S0223820,S0229658,S0252701,S0252702,S0252703,S0272536,S0272558,S0273088,S0307396,S0323820,S0329658,S0372536,S2707396,S2707412,S2707426,S2772514,S2772536,S6114596,S6114616,S6425149,S6425150,S6425151,S6623820,T2627623
201002,,,,,,,,,,,,,,,,,,,-2.82,2.82,12.98,,,,,,,,,,,,,,6.8273,6.827,55.8,14.0,0.72,,,,17.83,1.89,3.87,,15.58,22.77,81.17,145.34,25.91,29.2,,6.83,,,,,,,,,,,9.539644119119,,,,,,,,,,,,,,,,,,,,,,,,,,,,,,,,9.332925193915,,,,,,,,,,,,,,,,,,,,,,,,,
201003,,,,,0.308657,2.379545,3.982415,3.75,77.12,17.75,91.1589,30.4312,,,,,,,-2.69,2.69,9.47,101.6676,-0.0699337842,,,,,1.5,4.32,38.96,25.98,,29.31,13900.000000000002,6.827,6.8269,52.0,14.5,0.72,,16.0,,18.57,2.28,5.18,24.83,19.16,40.55,41.75,68.13,24.77,26.93,,6.83,,,-0.0043941236,-0.0014647722,4.636668853047,4.65681341914,4.554928969551,,,,8.853808274977,,,,,,-6.8100358423,,,,,,,-49.6330935252,,,,,,,,,,,,,,7.16873007859,11.552146178124,,,,9.302221953577,,,,,,,,,-3.0236682988,,,,,,,,,,,,,,,,
201004,,,,,0.331805,2.334582,3.978002,3.72,74.76,15.87,90.2837,29.9484,235.4,29164.0,3733.0,96228.9,30735415.0,-1.3,-3.51,3.51,7.44,101.5965,-0.1650647414,,29.2,44.53,139.6,2.7,5.39,34.99,25.52,14.0,27.23,7001.0,6.8264,6.8263,55.1,14.5,0.72,94.7,16.5,,18.35,2.47,6.33,26.4,19.06,28.37,53.27,20.72,22.75,22.67,6265.1,6.83,,-47.4426934097,-0.0087886334,-0.0087887621,4.644390899141,4.662495252607,4.559126247487,,30541.79,,8.538367426648,,,0.7751937984,0.5698005698,0.4206098843,5.9615384615,,,,,,,-27.0532781031,,,,,,13934.0,,,,,,105.9794,1315990.0,6.456876527412,10.988676820872,8.875591848907,,,9.855716468928,-50.9266246183,-43.0769230769,,,,,,,73.9320492413,,,,,1298.19495,,0.9,,,115.53,19.27,,,,104000.0,
201005,,,,,0.420965,2.598307,4.136908,3.63,79.3,17.11,90.5177,29.3638,222.0,29296.0,3748.0,80330.1,33039402.0,-1.1,-4.01,4.01,9.77,101.4288,-0.2366191851,,12.8,45.36,73.37,2.4,5.91,29.94,22.5,22.1,21.81,5107.0,6.8262,6.8263,55.7,14.5,0.72,94.5,16.5,,18.37,2.68,6.62,25.31,18.11,27.69,48.49,11.8,21.49,21.4,6660.0,6.82,,-200.9676979692,-0.0029298019,0.0,4.644390899141,4.655863300304,4.572646994283,,30238.87,,8.954156966584,,,0.0,-0.6610009443,1.3612565445,1.0889292196,,,,,,,51.5566869003,,,,,,6999.0,28.6199,,,31.1,7155.18,34.2274,942942.0,7.146065110641,11.082142548878,9.639581900741,,,9.883537874429,99.2098455173,9.7972972973,114.6825097342,,,,,,2.8212035009,,,,,637.068081,,0.4,,,55.27,-28.35,,,,59200.0,
201006,,,,,0.4393,2.469679,3.952308,3.68,84.18,18.06,93.3771,29.2886,235.9,29160.0,3750.0,61457.9,37308940.0,-1.1,-4.03,4.03,8.9,101.1888,-0.275524564,,18.1,42.86,-74.08,2.8,6.81,31.25,21.48,18.0,21.96,7740.0,6.8274,6.828,53.9,15.0,0.72,101.4,16.5,,17.15,3.01,6.63,25.84,18.46,33.02,46.15,78.24,21.06,21.23,6116.67,6.83,,-119.0334773218,0.0175793267,0.0249036814,4.642465970732,4.652053771887,4.576770711466,,30906.17,,8.76311532962,,,-0.1923076923,-0.3802281369,0.4132231405,-3.2315978456,,,,,,,-17.3901808786,,,,,,5107.0,22.3449,,,35.1,15360.92,64.4419,1264958.0,7.400894455563,11.002099841204,10.06101082449,,,9.794035343975,29.0241415834,-7.6923076923,52.4137877158,,,,,,-8.561404869,,,,,1269.10234,,1.3,,,63.78,34.15,,,,65000.0,
201007,,,,,0.395459,2.17582,3.618482,3.52,75.62,18.43,91.7653,30.4956,200.8,29117.0,3763.0,76280.0,39301014.0,-1.2,-3.51,3.51,6.1,100.91,-0.2641958181,,17.8,39.43,14.1,3.1,7.13,29.9,21.0,18.5,21.5,6394.0,6.8165,6.7909,52.1,15.0,0.72,99.3,17.0,,15.29,3.32,6.6,25.07,18.64,35.75,33.17,128.05,18.89,18.46,6007.69,6.81,,1279.3617021277,-0.1596508188,-0.543350908,4.637637376126,4.642465970732,4.577798989192,,30963.3,,8.705165419719,,,-0.4816955684,-0.9541984733,0.1028806584,-3.3395176252,,,,,,,-5.630278386,,,,,,7740.0,21.9999,,,36.2,23412.16,47.5655,1110874.0,6.902378082741,10.858998997564,10.315247142099,,,9.67558268412,-39.2568807054,-13.3333333333,28.9476494266,,,,,,-11.1706133378,,,,,1637.4484,,1.7,,,33.68,-12.18,,,,60000.0,
201008,,,,,0.336202,1.830641,3.25084,3.6,74.73,18.45,90.9214,31.1954,239.0,29176.0,3723.0,88221.5,38887930.0,-0.9,-1.54,1.54,5.3,100.6434,-0.2038881834,,16.5,48.37,194.49,2.9,6.41,24.56,18.46,18.65733,18.2,6034.0,6.7775,6.775,51.2,15.0,0.72,102.2,17.0,,13.33,3.36,5.7,25.46,18.45,33.84,29.91,196.38,18.62,18.61,6131.33,6.78,,3.7893979125,-0.5721411281,-0.2341368596,4.630837932737,4.636668853047,4.580877493419,,31693.21,,8.58073121222,,,-0.6776379477,-0.5780346821,0.3083247688,-1.7274472169,,,,,,,-11.7003646006,,,,,,6493.0,22.6044,,,38.2,30189.43,122.6784,1043220.0,6.904942663284,11.373663397637,10.580315546569,,,9.568993358299,0.2567871894,67.3076923077,30.3520139334,,,,,,-10.1105249937,,,,,994.637235,,-0.4,,,25.83,-6.09,,,,52000.0,
201009,,,,,0.314136,1.643345,3.186115,3.6,74.58,17.96,87.707,30.1869,245.9,29075.0,3710.0,101730.9,42049044.99999999,-0.7,-0.82,0.82,2.7,100.4382,-0.113303504,,13.7,39.09,201.86,3.3,4.84,22.9,17.6,18.3,18.4,5328.0,6.7901,6.8105,51.7,15.0,0.72,103.4,17.0,,13.04,5.4,4.46,25.12,17.96,33.95,27.27,259.38,17.48,18.41,5007.14,6.81,,41.4049341128,0.1859092586,0.5239852399,4.625952725171,4.63375764284,4.580877493419,,32941.46,,8.603737792816,,,-0.4873294347,-0.2906976744,0.0,0.9765625,,,,,,,2.3273273273,,,,,,6027.0,21.8811,,,38.1,39352.53,53.7214,1042818.0,6.897992550251,11.451050061252,10.73244561945,,,9.451402423793,-0.6926016854,8.0459770115,16.4311671956,,,,,,-11.0940338131,,,,,997.191336,,-0.3,,,19.47,-0.04,,,,87000.0,
201010,,,,,0.295436,1.371324,2.6667,3.34,75.83,18.39,85.4736,30.664,253.9,29161.0,3700.0,98539.6,40423611.00000001,-0.9,-0.73,0.73,1.91,100.3244,-0.0174434136,,13.4,30.81,285.44,3.5,4.32,21.9,19.2,17.948076,18.6,5452.0,6.7462,6.7011,53.8,15.0,0.72,104.0,17.0,,13.55,3.61,4.25,24.32,18.54,25.11,23.21,172.92,18.8,18.4,5058.33,6.7,,-30.7875560538,-0.6465295062,-1.6063431466,4.623010104116,4.628886712605,4.581901559049,,33068.53,,8.691986481789,,,-0.2938295788,-0.4859086492,0.1024590164,4.0618955513,,,,,,,9.2259721203,,,,,,5327.0,21.5947,,,37.2,45818.61,109.6214,946172.0,7.127087311679,11.324183340373,10.872455550667,,,9.473127623895,25.7461192183,-11.914893617,15.0285222533,,,,,,2.1962910577,,,,,990.284772,,-0.1,,,13.64,-9.27,,,,94000.0,
201011,,,,,0.280735,1.318878,2.734059,3.39,76.12,20.55,84.3853,30.403,253.8,29163.0,3694.0,93678.2,36480955.0,-0.9,-0.64,0.64,2.8,100.3069,0.0626078565,,13.9,34.81,197.56,3.6,4.33,20.87,18.96,18.4,18.5,5955.0,6.6732,6.6908,54.7,15.0,0.72,106.5,17.0,,13.18,3.93,4.73,24.42,18.94,22.95,29.45,218.8,19.2,18.87,4453.85,6.65,,-16.1621785787,-1.0820906584,-0.153706108,4.623991940229,4.629862798578,4.585987366571,,34370.7,,8.678801706613,,,0.0982318271,0.09765625,0.4094165814,1.6728624535,,,,,,,-1.3098236776,,,,,,5446.0,21.1273,,,36.7,52704.47,73.6508,1018977.0,7.465843844163,11.141861783579,11.053271769894,,,9.644392936936,40.3201669596,-16.6666666667,19.8194953863,,,,,,18.6805582254,,,,,1245.24467,,0.1,,,18.72,7.69,,,,82800.0,
201012,,,,,0.252449,1.230412,2.841776,3.36,81.72,23.39,81.867,30.7821,239.5,29163.0,3670.0,90853.5,39410882.0,-0.6,-0.96,0.96,2.6,100.3697,0.1085985113,,13.3,24.75,165.63,4.4,5.04,22.1,19.3,18.84,19.3,5877.0,6.6558,6.6762,55.2,16.0,0.72,104.9,17.0,,13.0,4.64,5.12,24.43,18.84,22.46,25.35,216.2,19.04,18.5,4825.0,6.6,,61.8426613536,-0.2607444704,-0.2182100795,4.628886712605,4.627909672958,4.591071261609,,34813.68,,8.637639344492,,,0.4906771344,-0.1951219512,0.5096839959,0.9140767824,,,,,,,-4.0326697295,,,,,,6004.0,19.8726,,,36.4,63150.23,41.2413,1211428.0,7.580517718821,10.963012452496,11.190355897029,,,9.791074447957,12.1507625866,-16.3768115942,14.6924631945,,,,,,15.7985098801,,,,,1747.3294,,0.5,,,19.34,18.89,,,,69000.0,
201101,,,,,0.304447,1.479744,3.028772,3.75,84.53,26.54,82.476,31.3061,250.1,29181.0,3680.0,79319.09999999999,43340335.00000001,0.2,-1.33,1.33,1.47,100.4787,0.1236082871,,13.1,24.07,268.06,5.1,6.06,22.1,19.5,18.64,19.8,5640.0,6.6515,6.6227,53.9,16.5,0.72,104.8,18.0,,13.31,4.41,5.7,24.57,18.78,23.16,25.06,199.26,18.92,19.37,4150.0,6.61,,-16.8320525256,-0.0646053066,-0.8013540637,4.632785353021,4.624972813284,4.598145571051,,35187.07,,8.477828467894,,,0.390625,-0.293255132,0.7099391481,-2.3550724638,,,,,,,-14.7695035461,,,,,,5877.0,19.4681,,,36.5,72428.5543,59.0417,1203174.0,7.482983048399,11.790557201569,11.321053732071,,,10.043727641451,-9.2929107519,128.7694974003,13.9623375031,,,,,,28.7436707975,,,,,1959.643247,,0.1,,,27.12,-0.68,,,,57700.0,
201102,,,,,0.289429,2.00539,3.552851,4.12,90.01,29.32,83.4255,30.4769,232.1,29081.0,3678.0,110216.1,41260912.0,0.1,-1.7,1.7,-3.6,100.6029,0.1209706678,-0.9275324686,13.3,36.44,222.94,4.6,5.93,21.19,19.72,18.7,19.9,4807.0,6.6027,6.5891,52.9,17.0,0.72,107.6,18.5,,,5.33,6.34,24.46,20.23,22.51,28.53,109.73,18.92,18.58,11675.0,6.59,,-43.4466672647,-0.7336690972,-0.5073459465,4.640537329825,4.620058798482,4.617098756853,0.0,35589.22,,9.249561085129,-3.2897338626,-3.4846931302,0.7782101167,-0.4901960784,1.9133937563,-1.8552875696,,,,,,,116.3511545663,-25.1798561151,-5.1971326165,,,,5689.0,19.7093,27.0,,36.5,82541.2735,59.5563,1339756.0,7.668048228852,11.790557201569,11.555497374855,,,9.790430830244,20.3296869006,128.7694974003,26.4205223342,,,,,,-22.3762548346,,,,,1777.535349,,0.3,,,29.27,11.35,,,,132000.0,
201103,,,,,0.274755,1.954953,3.657039,4.22,92.69,28.51,82.6111,29.6684,248.6,29474.0,3674.0,132894.5,44145320.0,0.0,-2.286,2.286,-1.2,100.7246,0.1053367301,-0.7537661238,13.5,21.6,126.08,4.9,6.6,13.6,17.2,19.1,18.5,10400.0,6.5831,6.5752,52.2,17.5,0.72,104.9,19.0,,13.38,4.69,6.76,,18.74,24.59,31.86,35.84,17.11,17.64,6195.0,6.55,,-54.1402284264,-0.296848259,-0.2109544551,4.632785353021,4.617098756853,4.617098756853,0.0,36585.52,-58.5816618911,8.585972706811,-3.5725794639,-3.6868857021,-0.7722007722,-0.2955665025,0.0,-1.3232514178,,,,-0.3875968992,-3.893637227,6.4143007361,-48.5,-23.4966433367,0.3846153846,,,,4807.0,18.4703,,,33.2,104349.1091,96.8733,1308575.0,7.517814494985,11.517413180096,11.555497374855,,,9.793561073158,-13.949317667,-23.9016818182,26.4205223342,,,,,,0.313514724,41.7768868227,-3.4136730769,,,2138.90272,,0.5,,,18.6,-2.33,,,,,
201104,,,,,0.269296,2.135762,3.642182,4.31,97.91,30.78,82.4978,28.9405,268.7,30008.0,3656.0,147680.7,44465366.0,-0.6,-1.927,1.927,-1.6,100.8307,0.0766631591,-0.5134636316,13.3,44.19,57.82,4.944,7.23,14.5,15.7,19.899985,17.7,5356.0,6.5662,6.5564,53.4,18.0,0.72,111.0,19.5,0.93,13.8,5.26,7.24,23.06,16.97,21.4,17.43,-4.02,15.72,17.03,6118.18,6.6,,-236.1639571083,-0.2567179596,-0.2859228617,4.63472898823,4.619073091157,4.62693167777,0.0,36374.869999999995,-207.30543819,8.823795148721,-3.811672331,-3.9538256449,0.1945525292,0.1976284585,0.9881422925,2.2988505747,,,,-0.9615384615,-4.2492917847,7.0157068063,26.8483943241,33.0330918347,-3.0852994555,,,,10263.0,,,,,,52.3002,1528965.0,6.812714315336,11.517413180096,9.004907555594,,,10.22364891573,-50.5940922888,-23.9016818182,-92.196437449,,,,,,53.7392566135,42.737599186,-3.4136730769,13.8049357249,,1840.540385,0.8,0.6,,,16.18,16.84,,,,100449.78,
201105,,,,,0.31713,2.246994,3.698471,4.39,108.65,35.81,81.7936,28.429,157.4,29950.0,3663.0,61281.1,38467412.0,-0.5,-1.476,1.476,-2.4,100.908,0.0337931581,-0.2438016856,14.9,10.82,-78.73,5.383,7.31,15.0,16.6,11.633507,17.9,6794.0,6.5292,6.499,52.9,18.5,0.72,111.4,20.0,0.99,14.69,5.15,7.06,25.0,17.86,30.61,29.86,33.44,16.66,17.28,7010.0,6.52,,-97.5866886828,-0.5634918218,-0.8754804466,4.629862798578,4.622027303055,4.622027303055,0.0,36265.93,-97.4352051836,8.908694592507,-4.3508833612,-4.7946911211,-0.4854368932,0.2958579882,-0.4892367906,-0.936329588,,,,-1.4423076923,-3.3269961977,5.0619834711,8.8607594937,-4.4444444444,-5.026929982,,,,5377.0,17.3156,,,35.2,8142.948,75.1113,967242.0,6.796888818949,11.517413180096,9.778082383963,,,10.096006934307,-1.5700931187,-23.9016818182,116.6634037206,,,,,,-11.9831560606,-29.4731213718,-3.4136730769,14.8550236574,,909.335684,0.5,0.3,,,2.58,-36.74,,,,,
201106,,,,,0.228871,1.973719,3.562809,4.54,116.24,42.7,83.347,27.5022,224.9,28846.0,3652.0,98939.3,48052991.00000001,-0.5,-1.275,1.275,-2.4,100.9421,-0.0165441377,0.0152611238,14.8,31.5,-1.9,5.344,6.82,12.9,15.3,17.437599,17.5,7396.0,6.4988,6.4845,52.0,19.0,0.72,107.5,20.5,1.32,13.26,5.49,6.46,24.45,17.42,21.91,23.28,177.59,15.61,16.7,6169.44,6.49,,-6006.315789473701,-0.4656006861,-0.2231112479,4.635699391023,4.624972813284,4.630837932737,0.0,36796.36,695.8865248227,8.615408238913,-4.8129595454,-5.0307557118,0.5853658537,0.2949852507,0.8849557522,-1.7013232514,,,,-0.6743737958,-2.6717557252,5.5555555556,-25.419145484,-13.7316233969,-3.5250463822,,,,6794.0,17.8286,,,34.1,17642.7883,53.9107,1347569.0,6.91742510317,11.517413180096,10.122539436384,,,10.106999661901,12.8101672514,-23.9016818182,41.1223491244,,,,,,1.1053369628,-38.3359666173,-3.4136730769,6.3460923725,,895.058267,0.3,0.1,,,6.53,39.32,,,,,
201107,,,,,0.201819,1.666323,3.278451,4.46,108.07,37.34,81.2572,28.0685,279.5,28816.0,3654.0,103744.7,48536724.99999999,-0.4,-0.765,0.765,-2.8,100.9254,-0.0726279014,0.2073658084,13.4,25.88,112.22,5.515,6.79,12.7,15.1,17.121601,17.1,5516.0,6.4778,6.4716,50.9,19.5,0.72,110.9,21.0,0.79,13.34,6.0,6.92,24.79,17.04,18.53,24.6,173.13,15.03,16.77,6025.0,6.46,,15.2111923008,-0.3231365791,-0.1989359241,4.63375764284,4.623991940229,4.632785353021,0.0,37229.63,-33.5235744768,8.754476306284,-4.9688256437,-4.7018804577,-0.193986421,-0.0980392157,0.1949317739,-2.1153846154,,,,-0.3872216844,-1.8304431599,5.6526207605,14.9202320522,5.0546900895,-2.3032629559,,,,7430.0,17.2896,,,34.3,24897.9173,37.387,1142320.0,7.119756512589,11.663907787995,10.402189234437,,,9.683775606524,22.4253670085,15.7768687995,32.2666530827,,,,,,-34.5068124337,24.2814331197,123.64925,9.0833510272,,1009.716728,0.3,0.1,,,2.83,-15.23,,,,,
201108,,,,,0.220232,1.74719,3.436635,4.48,105.85,35.8,80.5118,28.0758,287.8,29046.0,3659.0,126478.9,47331328.99999999,-0.4,-1.089,1.089,-3.1,100.8521,-0.1232497886,0.2883365094,13.3,23.5,129.29,6.355,7.12,13.1,15.9,16.89981,16.9,6339.000000000001,6.4614,6.4442,50.7,19.5,0.72,109.4,21.5,1.3,14.47,6.33,7.3,25.63,17.54,17.58,22.71,262.51,15.72,16.5,5578.47,6.44,,71.6528733854,-0.2531723733,-0.4233883429,4.63375764284,4.625952725171,4.63375764284,0.0,38106.02,9.9425344298,8.50228257868,-4.6639616378,-4.8826568266,0.0,0.1962708538,0.0972762646,-0.3929273084,,,,0.2923976608,-1.0658914729,5.4303278689,-22.2905821107,-7.545045045,-0.9765625,,,,5516.0,14.708,,,34.6,32931.6419,48.3584,1042862.0,7.071947117787,11.888001466229,10.701430045557,,,9.380926672552,-4.6684523354,25.1188223043,34.8834398688,,,,,,-26.1289317969,18.1759529447,67.2531034483,12.8754146176,,1236.14941,0.2,0.0,,,-0.03,-8.71,,,,116297.61,
201109,,,,,0.271265,1.333232,3.011532,4.62,107.92,37.92,79.3974,27.6796,298.3,29576.0,3655.0,116237.6,46736892.99999999,-0.4,-1.099,1.099,-2.3,100.7278,-0.1647013039,0.2367320413,15.1,18.51,221.93,6.451,7.54,11.6,14.7,17.686683,16.6,4926.0,6.409,6.3867,50.9,19.5,0.72,110.9,21.5,0.82,13.54,6.05,7.1,25.47,16.91,19.97,20.48,232.76,14.34,16.3,5067.96,6.37,,35.7905645924,-0.8109697589,-0.8922752242,4.63375764284,4.623991940229,4.63472898823,0.0,39339.97,5.5773542601,8.609772372709,-5.6125830253,-6.2227442919,0.0,-0.1958863859,0.0971817298,0.3944773176,,,,0.7835455436,-0.9718172983,5.5327868852,11.3479496549,0.6052824652,-1.5473887814,,,,6339.0,13.4003,,,32.9,44419.3314,6.4514,1109210.0,7.1264135167,11.943815665308,10.859712508339,,,9.207536444643,5.5976993843,5.7401199366,17.1497052295,,,,,,-15.9190556492,25.6614206524,63.6836808511,13.5720088409,,1178.440364,0.1,0.1,,,6.37,6.36,,,,145510.2,
201110,,,,,0.144788,0.963791,2.376866,4.15,100.49,40.33,77.2209,28.8569,278.2,29880.0,3620.0,145570.7,48950112.99999999,0.2,-0.453,0.453,-4.1,100.5619,-0.1831707635,0.0705833796,14.0,22.05,301.36,6.151,7.25,11.2,13.5,17.2,16.4,5485.0,6.3833,6.3549,51.2,19.5,0.72,110.3,21.5,0.85,13.21,6.18,6.76,25.09,16.89,20.59,23.28,167.28,13.87,15.87,5297.57,6.37,,-40.7519246084,-0.4009985957,-0.4979097186,4.631812116935,4.618086411255,4.632785353021,0.0,39665.26,-9.622393197,8.455317787698,-5.3793246568,-5.166315978,-0.1943634597,-0.5888125613,-0.1941747573,0.5893909627,,,,0.884086444,-1.07421875,5.2200614125,-14.3117593437,-21.0747271201,-4.8327137546,4.168933424682,,,4916.0,11.196,,,33.6,52037.1158,-8.9583,1011842.0,7.128252338625,11.239456834607,10.99966660328,,,9.266692349623,0.1840513595,-50.557451691,15.0220996683,,,,,,6.0940633775,0.1165705853,-8.123647343,13.56566758,,1244.405913,0.1,0.0,,,6.94,-8.78,,,,153862.66,
201111,,,,,0.181223,0.945734,2.045786,4.05,100.82,38.15,76.8375,31.8751,278.2,30053.0,3598.0,145032.7,45792060.99999999,0.2,0.495,-0.495,-4.5,100.3777,-0.1853001214,-0.1773443579,13.5,27.02,178.55,6.067,6.52,8.9,13.0,17.0,15.9,4700.0,6.3566,6.3233,50.4,19.5,0.72,109.2,21.5,0.95,13.27,5.46,5.72,24.28,17.2,16.3,20.61,258.88,13.14,15.5,4921.44,6.33,,-18.3085970316,-0.4182789466,-0.4972540874,4.629862798578,4.611152257666,4.630837932737,0.0,40321.45,-11.9362434342,8.677269139263,-4.7443505365,-5.4926167274,-0.1947419669,-0.6910167818,-0.1945525292,-1.5625,,,,0.5888125613,-1.8536585366,4.5871559633,24.8510638298,-0.1531393568,-7.8610603291,4.168933424682,,,5484.0,9.2357,,64.646465,33.2,59854.1832,-17.5595,1095170.0,7.113598913151,11.288910409006,11.174493760846,,,9.270023374137,-1.4546586523,5.0696811851,19.1040336509,,,,,,0.3336578542,-29.6892112043,15.8410289855,12.8875484697,,1246.696259,0.0,0.0,,,7.48,8.24,,,,76073.62,
201112,,,,,0.169762,1.012945,2.299288,4.25,99.85,31.97,76.772,29.8977,290.8,29773.0,3601.0,119067.3,46510964.99999999,0.0,1.505,-1.505,-4.9,100.1917,-0.1651833435,-0.4503442023,13.8,18.77,145.86,5.495,5.0,8.4,12.9,17.7,15.8,5868.0,6.3408,6.3482,49.0,19.5,0.72,109.5,21.5,0.71,12.55,4.42,3.46,24.62,16.79,11.9,19.13,155.38,12.93,15.64,5667.74,6.29,,17.4688057041,-0.2485605512,0.3937817279,4.624972813284,4.606169686321,4.622027303055,0.0,41035.29,-36.0814742968,8.634442751466,-4.7327143243,-4.9129744465,-0.487804878,-0.4970178926,-0.8771929825,-2.7777777778,,,,-0.390625,-2.1505376344,3.1440162272,-4.1922290389,-0.3191489362,-11.231884058,4.145423058542,-2.3236150654,,4693.0,9.2988,,,32.0,71288.7465,-16.5376,1319502.0,7.093345459667,11.580654952056,11.285436527375,,,9.262296946345,-2.0049729982,33.8760978157,11.7330956296,,,,,,-0.7696655676,-38.5638805511,85.4550779896,9.9747524575,,1228.561084,0.0,-0.1,,,8.92,20.48,,,,79930.31,
201201,,,,,0.163954,0.978881,2.197689,4.66,105.41,33.08,77.5794,31.3216,297.5,29850.0,3559.0,121352.8,46613480.0,-0.2,2.38,-2.38,-5.7,100.0262,-0.1291361663,-0.7016398136,13.2,21.44,171.34,4.225,2.72,7.8,12.7,17.249736,15.6,5622.0,6.3281,6.3009,50.3,19.0,0.72,109.5,21.5,0.68,12.09,4.05,1.82,24.48,17.18,13.28,18.02,89.72,13.02,15.26,5830.36,6.3,,-14.4157814871,-0.2002901842,-0.7450930973,4.61412992736,4.608165694968,4.615120516841,0.0,41054.3496,-34.2244550103,8.764834214331,-4.8620611892,-4.8590454044,-1.0784313725,0.1998001998,-0.6882989184,2.6530612245,,,,-1.8482490272,-1.6666666667,1.7119838872,13.9274279616,33.2431870189,-6.6790352505,3.968112464806,-16.2480384225,,5868.0,8.6572,,63.14433,31.1,79653.1233,-28.294,1220779.0,6.992280084263,11.580654952056,11.403042239484,,,9.391244257683,-9.6126060169,33.8760978157,12.4800528694,,,,,,13.7630182374,-38.7804108868,85.4550779896,8.5443335206,,1203.928766,-0.1,-0.2,,,1.46,-7.48,,,,107007.58,
201202,,,,,0.158029,0.871428,1.967191,4.52,104.23,30.3,77.8586,32.1961,285.9,30586.0,3553.0,146255.5,46012595.00000001,-0.5,3.77,-3.77,-9.3,99.89703,-0.083826316,-0.9047541514,12.4,17.53,146.64,4.07,1.69,7.9,13.6,17.3,15.8,6405.0,6.3168,6.3115,50.5,19.0,0.72,109.6,21.0,0.94,11.75,4.04,0.73,23.93,18.11,2.93,3.03,69.04,13.57,15.59,9946.15,6.3,,12.2476813966,-0.1785686067,0.1682299354,4.598145571051,4.607168188651,4.605170185988,0.0,41242.5053,30.5520304569,8.90666440977,-4.330046799,-4.2130184699,-1.585728444,-0.0997008973,-0.9900990099,0.3976143141,,,,-4.1505791506,-1.2807881773,-1.185770751,15.2380952381,-29.0288461538,-4.5368620038,3.968112464806,-16.2480384225,,5629.0,8.0452,18.2,52.884615,29.9,89593.8752,-33.0347,1343668.0,7.140023090146,11.911144181285,11.60774060499,,,9.469545806435,15.9214946657,39.1648797216,22.7154856898,,,,,,8.1448719019,-41.0231468592,85.4550779896,5.3631986399,,1088.199837,-0.2,-0.5,,,0.29,10.07,,,,,
201203,,,,,0.17035,0.736369,1.874908,4.52,107.07,30.65,76.9783,30.3647,299.1,30784.0,3533.0,148361.30000000002,47743724.99999999,-0.2,3.17,-3.17,-8.7,99.81329,-0.0526683371,-1.0611649031,12.8,12.58,164.6,4.5,0.73,3.1,12.4,18.1,15.0,7381.000000000001,6.3,6.2919,51.0,18.5,0.72,111.1,21.0,0.5,12.18,2.65,-1.5,17.72,15.0,8.9,-10.5,17.0,14.6,15.37,7450.0,6.35,,64.1190765492,-0.2659574468,-0.3105442446,4.591071261609,4.61412992736,4.604169685655,0.0,41736.2,367.2085783466,8.868835492827,-4.300405584,-4.3086141866,-0.7049345418,0.6986027944,-0.1,0.9900990099,,,,-4.0856031128,-0.2964426877,-1.2845849802,-3.7122341146,32.6923076923,-2.2988505747,3.968112464806,-16.2480384225,,6406.0,6.4842,,,27.9,109945.5591,-43.0439,1368891.0,6.364811796297,11.805595078933,11.60774060499,,,9.915860688599,-53.9393552593,-10.0169712021,22.7154856898,,,,,,56.2543406127,-68.4312569431,33.3999935092,5.3631986399,,1261.457516,-0.2,-0.5,,,4.61,1.88,,,,148916.97,
201204,,,,,0.225947,0.898827,2.032384,4.31,112.69,34.14,78.392,28.9503,260.7,30855.0,3456.0,108312.3,41200358.0,0.1,3.92,-3.92,-9.0,99.76072,-0.0438649601,-1.1803226702,2.8,-7.75,270.14,3.2,0.03,4.3,13.0,13.1,15.2,7107.000000000001,6.3004,6.2943,53.1,18.5,0.72,106.9,20.5,0.61,11.15,3.35,-0.24,21.3,15.22,5.44,8.99,-52.53,12.83,15.15,8169.05,6.29,,-218.4644998889,0.0063492063,0.0381442807,4.593097604754,4.613138355637,4.600157644165,0.0,41203.86,306.4778356408,9.22167588164,-4.0480034114,-3.9976206455,0.2028397566,-0.0991080278,-0.4004004004,4.1176470588,,,,-4.0776699029,-0.5917159763,-2.6418786693,42.310398199,48.8666470415,-0.5617977528,4.263420898192,34.3540687589,,7381.0,,,,,,-33.9971,1160590.0,6.824957478941,11.403110598963,8.854258652045,,,10.088181293475,58.4304773892,-33.1343283582,-93.6294345517,,,,,,18.8058669564,1.2318417936,33.3999935092,-13.9850358863,,581.035465,-0.1,-0.4,,,-24.09,-15.22,,,,134000.0,
201205,,,,,0.246267,1.079121,2.325969,3.96,117.79,32.95,82.4348,29.3282,218.5,31161.0,3406.0,84410.6,46316184.0,0.3,4.1,-4.1,-9.7,99.71696,-0.0351093736,-1.2483889279,21.3,29.61,-320.02,3.6,-0.32,4.4,13.4,16.4,15.7,10114.0,6.2966,6.2787,53.3,18.5,0.72,105.1,20.5,1.25,12.03,3.35,-0.49,20.42,15.2,8.92,11.86,77.47,13.22,15.47,7800.77,6.28,,-116.1958627586,-0.0603136309,-0.2478432868,4.591071261609,4.610157727499,4.595119850135,0.0,42031.97,-2827.8947368421,8.827321452698,-3.5624578815,-3.3897522696,-0.2024291498,-0.2976190476,-0.5025125628,0.3766478343,,,,-3.8048780488,-1.1799410029,-2.6548672566,-32.5884912003,-7.8150351541,0.7561436673,4.135166556742,-12.0370375583,,7107.0,-2.3599,,71.052632,27.8,7004.1538,6.613,1213123.0,7.278397475921,12.018537521683,9.631623171524,,,9.771554881275,57.3716464694,85.0446428571,117.5730607172,,,,,,-27.1397098558,61.8514344162,,-13.6239037681,,920.537261,-0.1,-0.2,,,25.42,4.53,,,,89600.0,
201206,,,,,0.224643,0.849361,2.002084,4.12,113.67,31.53,81.4895,29.3627,190.5,31329.0,3313.0,62337.4,47329816.99999999,0.5,4.4,-4.4,-9.7,99.68195,-0.0170141134,-1.2488531133,11.9,7.07,51.83,3.4,-0.7,3.1,12.8,15.2,15.4,6818.0,6.3062,6.3355,50.4,18.0,0.72,102.1,20.5,0.33,9.72,3.16,-1.19,20.35,14.2,7.88,4.39,188.07,12.74,15.67,7328.4,6.31,,257.9972988617,0.1524632341,0.9046458662,4.583946549536,4.604169685655,4.584967478671,0.0,42069.98,65.344858314,8.97866048964,-2.9636240537,-2.2977870306,-0.7099391481,-0.5970149254,-1.0101010101,-5.4409005629,,,,-5.0436469447,-2.0588235294,-4.4834307992,16.3391023761,43.7998549674,-3.0769230769,3.82650082449,-26.5573776,,10114.0,1.8135,,62.5,23.5,15239.1518,-25.4,1399966.0,7.150922366524,11.719939634355,9.97867219737,,,9.435801236246,-11.9684672859,-25.8142340169,41.4886089658,,,,,,-28.5200821543,26.3009371476,,-13.3997288199,,1448.664644,-0.3,-0.1,,,3.89,15.4,,,,165800.0,
201207,,,,,0.250432,0.69516,1.585079,4.14,104.09,28.72,79.7155,32.4509,207.2,31619.0,3193.0,67268.4,46094754.0,0.4,4.28,-4.28,-8.9,99.66499,0.0017759496,-1.1753250552,9.3,2.58,185.55,3.0,-1.4,3.5,13.2,14.078876,15.7,7931.999999999999,6.3178,6.3249,50.2,18.0,0.72,104.8,20.0,0.89,9.61,2.38,-1.87,19.83,13.61,10.6,11.87,221.06,13.3,15.68,8889.58,6.3,,-1.9940716788,0.1839459579,-0.167311183,4.579852378004,4.601162164591,4.575741375297,0.0,43077.25,40.6527960399,9.1267413481,-2.469974374,-2.2668273688,-0.4085801839,-0.3003003003,-0.9183673469,-0.3968253968,,,,-5.2478134111,-2.2571148184,-5.5447470817,15.9606656581,45.1017510648,-1.3752455796,3.978468114122,16.4122156945,,6818.0,3.2718,,45.901639,18.7,21561.6639,-36.3498,1276038.0,7.427682412663,11.785240060291,10.269950328977,,,9.330343164371,31.8849869945,6.7479674797,33.8136710312,,,,,,-10.0087796313,36.060016483,12.8999985468,-12.3868342562,,1275.28169,-0.3,-0.2,,,11.71,-8.85,,,,123000.0,
201208,,,,,0.27209,0.762767,1.675225,4.15,90.73,27.98,79.3214,32.8169,281.3,31415.0,3140.0,91961.8,46872356.99999999,0.2,4.67,-4.67,-9.3,99.66676,0.0200668708,-1.0335180556,9.6,14.18,181.85,2.2,-2.08,4.7,13.6,13.793596,16.0,9198.0,6.3235,6.332,50.1,18.0,0.72,102.9,20.0,0.83,9.71,1.75,-2.31,19.89,13.8,9.42,9.77,328.18,13.72,16.07,6626.4,6.33,,74.0390431674,0.0902212796,0.1122547392,4.577798989192,4.597138014291,4.570578741218,0.0,43142.8114,42.6080295589,8.594339400593,-2.1342123998,-1.7411005245,-0.2051282051,-0.4016064257,-0.5149330587,-0.1992031873,,,,-5.4421768707,-2.8403525955,-6.1224489796,-41.2807131985,9.6427121397,-1.1834319527,3.70172758723,-24.1748782612,,7932.0,4.6259,,53.435115,18.5,28852.454,-54.1868,1281907.0,7.516256281263,11.867798786962,10.595743766303,,,9.240675571772,9.2614959568,8.6062452399,38.5129223324,,,,,,-8.5764966741,55.9412524502,-1.9999972511,-10.0293139487,,1681.905091,-0.1,-0.1,,,22.92,0.46,,,,131300.0,
201209,,,,,0.197405,0.619829,1.52318,4.02,96.75,27.43,78.983,32.1881,277.3,31305.0,2957.0,100174.9,47162604.99999999,-0.2,5.48,-5.48,-9.0,99.68676,0.0400153441,-0.8305829544,9.5,8.76,316.49,1.8,-2.87,4.6,13.9,13.7,16.0,5401.0,6.3404,6.3449,49.2,18.0,0.72,102.9,20.0,0.59,9.05,2.03,-3.12,20.46,13.22,3.51,3.84,193.32,13.83,15.92,5876.59,6.31,,-20.0575057664,0.267257057,0.2037271004,4.573679518897,4.598145571051,4.565389315976,0.0,44418.5284,-16.0439341651,8.859221393608,-1.0703697925,-0.6544851019,-0.4110996917,0.1008064516,-0.5175983437,-1.7964071856,,,,-5.8309037901,-2.5515210991,-6.6990291262,30.3277170894,28.3318140383,-3.3398821218,3.950489280218,28.243638307,,9198.0,8.2596,,40.517241,16.6,39964.3772,-40.6704,1284175.0,7.605801396133,11.873393207148,10.791239520353,,,8.750366278368,9.367667328,0.5610098177,21.5913631203,,,,,,-38.7563057819,61.5085472517,-6.7999994281,-6.6181315914,,1837.674663,0.0,0.1,,,15.77,0.18,,,,142600.0,
201210,,,,,0.211223,0.626146,1.57921,3.9,105.27,28.8,78.6648,32.2934,241.6,31165.0,2797.0,100234.8,44667680.99999999,-0.4,5.45,-5.45,-7.5,99.72665,0.0640550946,-0.5849606038,9.2,2.61,253.01,2.0,-3.48,4.5,13.5,13.1,16.1,7039.000000000001,6.3395,6.341,49.8,18.0,0.72,101.1,20.0,0.61,8.95,1.91,-3.51,20.4,13.33,5.51,2.07,216.17,13.76,16.23,6747.83,6.33,,4.414845263,-0.014194688,-0.0614666898,4.572646994283,4.604169685655,4.563305981889,0.0,45009.5223,47.9585550266,8.736489351002,-0.686165463,-0.2187288549,-0.1031991744,0.6042296073,-0.2081165453,1.2195121951,,,,-5.7448880234,-1.3820335637,-6.7120622568,-11.5499360705,32.4680851064,-2.734375,3.852430907875,-9.3404017922,-27.1306822423,5401.0,9.3767,,51.960784,15.4,48593.231,-22.4204,1120206.0,7.538071581951,11.728036844587,10.958057763262,,,8.764990330169,-6.5487068389,-13.5285913529,18.153949261,,,,,,1.4731506415,50.6545442357,62.9999992113,-4.0755074576,,2009.821912,0.1,0.1,,,10.71,-12.77,,,,143400.0,
201211,,,,,0.218482,0.644437,1.6405,3.67,106.28,33.61,78.1678,30.9169,245.4,31454.0,2729.0,117342.8,43045180.99999999,-0.4,4.46,-4.46,-8.0,99.79053,0.0981255436,-0.302669782,8.9,0.21,264.18,1.9,-3.55,7.3,14.8,13.2,16.3,6225.999999999999,6.3144,6.3002,50.2,18.0,0.72,101.3,20.0,0.89,9.39,1.9,-2.77,20.18,13.93,8.91,3.65,266.85,14.51,16.17,5827.27,6.33,,3.9594216065,-0.3959302784,-0.6434316354,4.576770711466,4.609162207258,4.558078578454,0.0,46067.1403,88.2901412313,8.527935287948,-0.6638769153,-0.3653155789,0.4132231405,0.5005005005,-0.5213764338,0.8032128514,,,,-5.1707317073,-0.1988071571,-7.0175438596,-18.8242852554,-13.8718473074,-0.3968253968,3.814167214303,-3.7540886855,-27.1306822423,7039.0,10.2491,,47.107438,15.6,57414.8215,-48.7456,1218884.0,7.465626539257,11.650075303117,11.133733321014,,,8.740656691541,-6.9883138028,-7.5,19.205124412,,,,,,-2.4039962535,42.1947806056,43.5000064431,-3.994090568,,1878.204567,0.1,0.1,,,11.3,8.81,,,,124000.0,
201212,,,,,0.236908,0.746968,1.720504,3.47,103.41,33.19,78.9686,32.5669,214.5,30992.0,2673.0,116596.2,45412538.0,-0.3,4.2,-4.2,-8.4,99.88845,0.1306957912,-0.0071981141,9.2,6.22,274.64,1.7,-2.76,6.1,14.1,14.2,15.9,5054.0,6.2953,6.2892,50.6,18.0,0.72,99.0,20.0,0.76,9.85,2.1,-2.03,20.59,14.45,8.11,3.37,229.43,14.08,15.75,5298.35,6.31,,16.7710457326,-0.302483213,-0.1745976318,4.580877493419,4.609162207258,4.559126247487,0.0,46624.66,87.1717053811,8.560252680877,-0.7175750694,-0.9293973095,0.4115226337,0.0,0.1048218029,0.796812749,,,,-4.3137254902,0.2997002997,-6.0963618486,3.2845271072,-7.1504802561,3.2653061224,4.100075243788,33.0970039624,-4.4334970377,6226.0,12.5541,,45.338983,15.4,68441.4094,-47.756,1315572.0,7.50674662907,11.635143097694,11.273943886636,,,9.021839764106,4.1977228884,-1.4821272886,15.0516032477,,,,,,32.4696097249,51.1951452948,5.5999958134,-1.1426852612,,1746.949738,0.0,0.0,,,-0.3,7.93,,,,114700.0,
201301,,,,,0.233989,0.651466,1.611954,3.37,101.17,32.77,80.792,31.0565,229.9,30955.0,2665.0,109578.6,47087760.0,-0.4,4.44,-4.44,-7.3,100.019,0.1570701567,0.2793576546,9.6,7.19,320.7,2.0,-2.2,5.5,13.9,14.5,15.7,5220.0,6.29,6.2855,50.6,18.0,0.72,99.3,20.0,0.86,10.13,2.36,-1.83,20.78,14.77,4.73,4.14,183.81,13.82,15.11,5386.64,6.27,,-39.2547552229,-0.0841897924,-0.0588310119,4.58700621536,4.609162207258,4.562262684977,0.0,47160.1015,32.8491543917,8.422003004412,-0.6020764526,-0.2444095288,0.6147540984,0.0,0.3141361257,0.0,,,,-2.6759167493,0.0997008973,-5.1485148515,-12.9118773946,-29.0241998439,0.5964214712,4.026903289954,-7.0559004659,6.055337644,5054.0,14.1302,,60.344828,15.4,78742.9388,-48.0213,1298931.0,7.670490395277,12.451369001486,11.426332034084,,,9.187583384854,17.7912455444,126.1946902655,16.4612189963,,,,,,18.0270466071,97.0348264259,5.5999958134,2.3563119636,,1820.281847,0.1,0.0,,,6.4,-1.26,,,,113000.0,
201302,,,,,0.209384,0.746423,1.78196,3.08,101.19,31.87,83.5778,30.3727,231.1,30728.0,2677.0,84622.4,47805246.0,-0.2,3.6705,-3.6705,-0.6,100.1761,0.1668062542,0.5309012457,10.1,1.52,194.81,2.5,-1.94,6.5,13.8,14.9,15.0,4546.0,6.2787,6.2795,50.4,18.0,0.72,99.5,20.0,0.9,,1.92,-1.67,20.57,,16.58,22.28,226.96,14.1,15.27,9933.22,6.31,,59.0832092808,-0.1796502385,-0.0954577997,4.588024027153,4.612145799725,4.563305981889,0.0,47290.3826,88.2806804374,9.279959713856,-0.6031534954,-0.5070110116,0.1018329939,0.2988047809,0.1043841336,-0.395256917,,,,-1.0070493454,0.499001996,-4.1,135.833699956,45.2513209592,-0.198019802,4.15888308336,14.1085261588,6.055337644,5220.0,13.9514,19.1,56.086957,16.7,91704.9864,-20.6348,1461303.0,7.645688475896,12.013700752883,11.620017298632,,,9.193397651246,-2.4496878845,-35.4460093897,21.3714223941,,,,,,0.5831202046,65.8088421901,10.7999981466,1.2352361579,,2144.13266,0.3,0.0,,,8.75,12.5,,,,255600.0,
201303,,,,,0.189486,0.889741,2.051703,3.02,105.1,31.06,89.16,30.0277,265.3,30289.0,2698.0,117908.8,44875311.00000001,-0.1,4.8498,-4.8498,-5.7,100.3432,0.1431088504,0.7278215314,10.3,10.35,309.91,2.0305,-1.64,15.3,15.9,15.2,15.4,10721.0,6.2842,6.2779,50.1,18.0,0.72,101.8,20.0,0.61,10.41,2.93,-1.62,,14.94,8.18,-8.45,-37.19,14.9,15.27,7634.21,6.29,,-9.3640089058,0.0875977511,-0.0254797356,4.585987366571,4.613138355637,4.567468318804,0.0,47815.056,3.9794180795,8.732304571033,-0.2507936508,-0.2225083043,-0.2034587996,0.0993048659,0.417101147,-0.5952380952,,,,-0.5070993915,-0.0991080278,-3.6036036036,-42.1695737338,-12.7620655692,-1.7647058824,4.01210646589,-13.651315625,,4546.0,13.7024,,64.0,16.2,111303.6464,-27.8012,1462874.0,7.561474980774,12.267638001188,11.620017298632,,,9.175955945114,-8.076501704,28.9090909091,21.3714223941,,,,,,-1.7290480065,230.9056768161,58.7313432836,1.2352361579,,2091.608102,0.3,0.2,,,6.87,0.11,126.77,0.0,,165000.0,
201304,,,,,0.201884,0.781363,1.921487,3.12,107.64,30.33,93.1661,30.6202,224.9,30234.0,2712.0,94526.5,45673108.99999999,-0.3,3.9896,-3.9896,-3.8,100.4868,0.1059840695,0.8788274332,17.7,27.05,280.89,3.2198,-1.63,9.5,15.2,,15.0,6199.999999999999,6.2743,6.2689,50.9,18.0,0.72,100.7,20.0,0.78,10.03,2.4,-1.86,20.73,12.96,10.11,5.23,129.43,14.38,14.53,8719.57,6.26,,-47.0148456691,-0.1575379523,-0.1433600408,4.578826210648,4.607168188651,4.565389315976,0.0,47896.19,-146.5064683457,9.270964993793,-0.4142594121,-0.4035397105,-0.7135575943,-0.5952380952,-0.2076843198,1.5968063872,,,,-1.4170040486,-0.5952380952,-3.4170854271,71.3709677419,5.0524026102,-4.143126177,4.355954388326,41.0364134456,9.6949877944,10721.0,,,55.263158,,,-24.8,1725525.0,6.906885712018,11.842229212113,9.256378600661,,,9.835048099314,-48.0344542507,-34.6497414198,-90.5922719168,,,,,,93.3036638377,8.5377912801,55.1339285714,49.499064398,,1922.679338,0.6,0.2,,,48.68,17.95,122.11,-3.68,,212700.0,
201305,,,,,0.193716,0.777369,1.884679,3.0,102.52,28.79,94.7884,31.0834,197.2,30264.0,2723.0,58667.0,42331836.99999999,-0.7,5.0061,-5.0061,-4.2,100.5933,0.0691894987,0.984079866,2.2,1.11,148.83,2.0696,-1.92,11.9,15.7,12.2999,14.9,10625.0,6.2471,6.2208,50.6,18.0,0.72,99.8,20.0,0.72,9.67,2.27,-2.25,21.17,12.95,10.31,14.35,146.66,15.42,15.0,7946.26,6.27,,-106.0874823624,-0.4335144956,-0.767279746,4.582924577041,4.605070180988,4.568506201617,0.0,47830.3541,-117.4802238086,8.977525200965,-0.786138551,-0.9221654164,0.4106776181,-0.2095808383,0.3121748179,-0.5893909627,,,,-0.8113590264,-0.5074626866,-2.6262626263,-25.4305882353,16.207098856,-5.0656660413,3.874282674368,-38.2250172874,-22.9629632,6200.0,23.1971,,77.941176,22.8,10471.1444,-53.2,1111892.0,7.69098845521,12.099044072772,9.947407873482,,,9.869879061362,119.0440670936,29.2805755396,99.576866689,,,,,,3.5444664561,51.0726980923,8.3835946924,37.1334978106,,999.130811,1.1,0.6,,,-8.34,-35.56,130.07,6.52,,139000.0,
201306,,,,,0.167048,0.680301,1.702189,2.79,98.85,25.36,97.6995,31.2559,231.3,30202.0,2685.0,62054.9,47312704.0,-0.9,4.9681,-4.9681,-4.5,100.6629,0.0451010253,1.0468169414,8.9,12.01,-9.06,2.3861,-2.62,11.9,16.1,12.60029,14.9,7923.0,6.197,6.1796,50.8,18.0,0.72,99.1,20.0,0.8,9.27,2.44,-2.47,20.72,12.9,6.84,5.4,204.84,15.71,14.83,8391.25,6.18,,-2126.710816777,-0.8019721151,-0.6622942387,4.582924577041,4.601162164591,4.564348191468,0.0,48041.16,-1.0401509027,8.808966881771,-1.7316291903,-2.4607371162,0.0,-0.3900390039,-0.4149377593,0.395256917,,,,-0.102145046,-0.3003003003,-2.0408163265,-15.5118010854,-15.6076651538,0.7936507937,4.163337429265,33.5164833339,40.0510208361,10625.0,25.5961,,48.148148,20.2,20897.9819,-22.2925,1585451.0,7.481068950789,12.263504694151,10.30093811312,,,9.680656452404,-18.9350502955,17.8757150807,42.4086050146,,,,,,-17.2397745488,39.117203745,72.2135447154,38.0251757843,,2188.536764,1.1,0.6,,,13.25,42.6,126.69,-2.6,,179700.0,
201307,,,,,0.174394,1.046243,2.225229,2.65,99.37,23.04,101.082,31.5893,263.4,30538.0,2682.0,98424.2,46157924.99999999,-0.7,5.3684,-5.3684,-4.9,100.7083,0.0370376622,1.0824471469,9.3,15.53,183.62,2.0981,-2.87,11.3,15.8,12.8,14.5,6694.000000000001,6.1718,6.1787,50.1,18.0,0.72,99.9,20.0,0.74,9.16,2.47,-2.61,20.51,13.0,3.07,7.0,244.08,15.18,14.28,8066.67,6.17,,12.5095305522,-0.4066483782,-0.0145640495,4.580877493419,4.603168183317,4.564348191468,0.0,49109.53140000001,13.6046191916,9.062768007509,-2.3109310203,-2.311498996,-0.2044989775,0.2008032129,0.0,-1.3779527559,,,,0.1025641026,0.2008032129,-1.1328527291,28.8915446669,-6.1969993477,-0.1992031873,4.101265010584,-6.0185175823,13.0654757644,7923.0,24.0363,,64.285714,21.1,29760.5245,6.863,1441400.0,7.461485234195,12.115861244831,10.574341280468,,,9.255600503381,-1.9393201309,-13.7261329831,31.4430073301,,,,,,-34.6266791628,3.4380629032,39.1832444783,35.5799004133,,1774.136227,1.0,0.5,,,12.96,-9.09,115.53,-8.81,,211822.66,
201308,,,,,0.186317,1.404841,2.634689,3.01,99.74,21.11,97.3311,32.709,281.3,30729.0,2669.0,102882.9,48307560.0,-0.3,4.9441,-4.9441,-4.8,100.7456,0.0364283899,1.0989824526,9.2,0.24,206.59,2.6684,-2.7,9.1,14.0,12.892196,14.2,8628.0,6.1725,6.1788,50.3,18.0,0.72,99.1,20.0,0.62,8.95,2.75,-2.22,20.19,13.45,2.9,2.4,264.4,14.13,14.1,6508.4,6.24,,31.9860593446,0.01134191,0.0016184634,4.581901559049,4.604169685655,4.563305981889,0.0,50233.0631,-13.8456191349,8.853236764746,-2.3879180833,-2.4194567277,0.1024590164,0.1002004008,-0.1041666667,0.3992015968,,,,0.4110996917,0.7056451613,-0.7246376812,-18.9035697728,29.5500833179,0.3992015968,4.167956374404,6.8965505826,59.3971637901,6694.0,24.125,,60.416667,20.6,39118.1284,23.7436,1397111.0,7.474699984102,12.096257779523,10.848041712094,,,9.147294070259,1.3302450603,-1.9412566841,31.4820864487,,,,,,-10.2647424257,-4.0704671782,25.6661991585,28.6979430271,,1739.730046,0.9,0.5,,,9.04,-3.09,102.72,-11.09,,182747.6,
201309,,,,,0.131672,1.38472,2.749682,3.07,105.26,19.71,99.7505,32.8901,261.6,30400.0,2685.0,112234.0,46690983.00000001,0.2,4.1866,-4.1866,-4.8,100.7823,0.0350259917,1.0939402858,8.9,-2.08,272.67,2.6741,-2.27,9.7,14.5,13.31247,14.3,6997.000000000001,6.1708,6.1709,51.0,18.0,0.72,99.3,20.0,0.9,9.88,2.6,-1.75,20.01,13.25,5.76,10.38,197.85,14.37,14.13,7025.0,6.18,,-34.8736568013,-0.0275415148,-0.1278565417,4.585987366571,4.604670060946,4.564348191468,0.0,50583.7,-29.8130508676,8.871785969151,-2.6749101003,-2.7423600057,0.4094165814,0.0500500501,0.1042752868,1.3916500994,,,,1.2383900929,0.6545820745,-0.1040582726,1.8722309561,1.2643841455,3.6585365854,4.066173679541,-9.6774194048,12.2641509797,8628.0,23.6527,,64.583333,20.3,51433.3314,-7.1771,1403516.0,7.418303888383,12.35683413138,11.020811712077,,,8.983565234428,-5.483531395,29.7677790179,18.8592697303,,,,,,-15.1027798488,-17.0968815669,62.1644769874,25.8061685587,,1762.872719,0.8,0.4,,,9.29,0.47,106.76,3.93,,179200.0,
201310,,,,,0.140087,1.635793,2.944845,3.12,108.16,21.89,97.87,33.2474,269.6,30598.0,2674.0,86740.2,45829520.99999999,0.7,4.3919,-4.3919,-5.3,100.8176,0.0238053673,1.0532762979,9.7,7.77,177.58,2.5666,-1.62,9.9,14.7,13.212343,14.1,7128.0,6.1588,6.148,51.1,18.0,0.72,97.7,20.0,1.09,10.1,2.88,-1.43,20.18,13.39,6.54,6.8,277.68,14.21,14.04,6655.42,6.15,,58.424372114,-0.194464251,-0.3710965986,4.589040804058,4.604169685655,4.564348191468,0.0,51464.1841,6.4917859036,8.970813341411,-2.8503825223,-3.0436839615,0.3058103976,-0.0500250125,0.0,0.1960784314,,,,1.652892562,0.0,0.1042752868,10.4096520763,26.4053967234,2.6104417671,4.068183732328,0.2012074297,24.0795646751,6997.0,23.8737,,58.333333,20.5,61133.2821,-13.1613,1237625.0,7.47296280568,11.775289729438,11.168205953478,,,9.17460956202,5.6180308397,-44.0965674174,15.8810724151,,,,,,21.0513110024,-6.3034461783,4.8387096774,23.3860892522,,1666.20504,0.7,0.3,,,10.48,-11.82,101.15,-5.25,,232543.86,
201311,,,,,0.117618,1.413273,2.784323,3.23,108.76,22.56,99.2789,32.3451,276.9,30436.0,2694.0,137418.9,46311340.99999999,0.9,4.7158,-4.7158,-5.4,100.8416,0.0005949925,0.9548150962,10.4,7.15,281.33,3.0519,-1.34,8.9,14.2,13.370123,14.3,7870.0,6.1393,6.1425,51.4,18.0,0.72,97.9,20.0,0.54,9.99,3.29,-1.39,20.27,13.33,3.24,8.28,252.52,14.18,14.2,5804.33,6.15,5.72,-47.559805211,-0.3166201208,-0.089459987,4.590056548178,4.601162164591,4.567468318804,0.0,52287.01,-46.2824060588,8.529121762282,-2.7730267325,-2.5030951398,0.1016260163,-0.3003003003,0.3125,0.5870841487,,,,1.3374485597,-0.796812749,0.9433962264,-35.7052096569,0.1187178472,2.390438247,4.257768880065,20.8748041769,55.8309633897,7128.0,24.7443,,58.450704,19.3,70841.9029,18.8637,1353235.0,7.554305872023,11.990845675233,11.343124880217,,,9.162619635765,8.4742971545,24.0551384615,19.1149642311,,,,,,-1.1918333506,9.273019737,40.6030340017,23.2927668202,,1759.812953,0.8,0.3,,,11.02,9.34,114.26,12.97,,130000.0,
201312,,,,,0.136006,1.331635,2.712486,3.03,105.43,21.92,97.8214,32.0613,268.5,29939.0,2667.0,151037.6,44650486.0,1.1,4.438,-4.438,-4.8,100.8422,-0.0342118677,0.7885501755,10.2,3.22,147.53,3.2058,-1.51,8.9,14.3,13.3,14.2,5060.0,6.1372,6.1325,51.4,18.0,0.72,100.7,20.0,0.85,10.0,3.17,-1.44,20.14,13.26,7.49,7.0,226.29,14.19,14.11,5596.46,6.12,5.73,110.363993764,-0.0342058541,-0.1628001628,4.589040804058,4.601162164591,4.566429357672,0.0,52345.82,-3.2273152479,8.739696537843,-2.5113973917,-2.4915728551,-0.1015228426,0.0,-0.1038421599,0.0,,,,0.8196721311,-0.796812749,0.7329842932,23.4387351779,19.6551724138,1.581027668,4.262505974597,0.4748332302,17.6366829648,7870.0,24.2067,,70.652174,19.7,84383.3073,41.8345,1593512.0,7.59844513028,11.960172107093,11.471384324426,,,9.456184308811,4.5127887443,-3.0207907551,13.6847913047,,,,,,34.119991609,9.6034319239,38.407079646,21.828049933,,1908.944732,0.7,0.4,,,21.12,17.76,121.29,6.15,,161271.68,
201401,,,,,0.144555,1.394664,2.938063,2.9,102.63,20.76,99.7883,33.1916,290.7,29848.0,2679.0,142373.9,50480484.0,1.1,3.8587,-3.8587,-4.3,100.8077,-0.0721175069,0.5579175073,10.3,6.46,310.35,3.018,-1.42,9.4,14.2,13.320159,14.2,6246.0,6.116,6.0969,51.0,18.0,0.72,100.1,20.0,0.73,9.77,2.63,-1.28,20.03,13.6,4.69,5.05,306.38,13.82,14.14,5706.67,6.08,5.73,8.7578540358,-0.3454344001,-0.5805136567,4.588024027153,4.600157644165,4.563305981889,0.0,52867.54000000001,73.2611262256,8.481358738407,-2.7662957075,-3.0005568372,-0.1016260163,-0.1004016064,-0.3118503119,-0.7782101167,,,,0.1018329939,-0.8964143426,0.1043841336,-22.7665706052,6.1152661681,0.790513834,4.46502355513,22.4481611972,54.9791282134,5060.0,23.1384,,70.987654,19.2,95930.9868,40.2471,1605748.0,7.594678922448,12.311783099952,11.615543410619,,,9.519147726043,-0.3759124566,42.1355498721,15.5067849255,,,,,,6.4987878314,-7.3009046931,-13.0281690141,20.8296330983,,1995.091375,0.6,0.4,,,23.62,0.77,125.77,3.69,,156400.0,
201402,,,,,0.130807,1.756028,3.23487,2.96,105.48,19.67,103.4116,32.7292,270.3,29412.0,2700.0,166345.5,47905028.0,1.5,4.1261,-4.1261,-12.0,100.735,-0.1079068844,0.2821317239,10.0,9.2,337.53,2.4987,-1.36,9.3,13.6,13.721251,14.1,4824.0,6.1043,6.105,50.5,18.0,0.72,97.8,20.0,0.51,,2.36,-1.66,19.83,,0.26,3.36,232.31,13.2,14.34,11542.11,6.09,5.76,-25.2540514917,-0.1913015043,0.1328544014,4.58700621536,4.598145571051,4.563305981889,0.0,53355.64,-18.5924945952,9.487214245711,-2.7776450539,-2.7788836691,-0.1017293998,-0.2010050251,0.0,-0.9803921569,,,,-0.1017293998,-1.3902681231,0.0,173.4245439469,23.0295681373,0.1984126984,4.288258472848,-16.2023383042,13.811728125,6246.0,23.232,17.5,86.923077,19.5,110806.7986,44.5349,1696278.0,7.580145327641,12.154779351143,11.77951611414,,,9.519147726043,-1.4428491908,-14.5299145299,17.818215443,,,,,,6.4987878314,-6.3441364983,15.1515151515,17.2922872902,,1987.591578,0.6,0.4,,,16.08,5.64,123.86,-1.52,,222300.0,
201403,,,,,0.11629,1.522447,2.834705,2.83,102.1,19.88,103.935,35.2448,289.2,29708.0,2736.0,226776.50000000003,47981456.0,1.6,3.9511,-3.9511,-6.4,100.6263,-0.1267064376,0.011941867,9.7,6.06,252.29,2.4861,-1.64,1.2,13.2,13.6,14.3,13190.000000000002,6.1128,6.1214,50.2,18.0,0.72,100.1,20.0,0.55,,2.05,-1.89,,,8.8,11.2,139.04,13.17,14.32,7215.24,6.1,5.76,26.9279797059,0.1392461052,0.2686322686,4.583946549536,4.598145571051,4.559126247487,0.0,53784.95,14.004272135,8.771525284186,-2.7274752554,-2.4928718202,-0.3054989817,0.0,-0.417101147,-0.5940594059,,,,-0.2038735984,-1.4880952381,-0.8307372793,-51.1144806672,4.0,0.1996007984,4.272305890911,-1.5826013427,29.7188752767,4824.0,21.2062,,72.839506,19.8,130550.5927,30.691,1776937.0,7.401965503951,12.690348934063,11.77951611414,,,9.519147726043,-16.3208065056,70.8421052632,17.818215443,,,,,,6.4987878314,-14.743811222,52.6093088858,17.2922872902,,1958.913629,0.4,0.3,,,21.47,4.76,118.94,-3.97,-6.18,190000.0,
201404,,,,,0.105161,1.531987,2.809127,2.64,104.83,20.85,102.1561,36.0501,260.7,29855.0,2752.0,206954.5511,45559632.0,1.4,4.6867,-4.6867,-6.7,100.4988,-0.1319418739,-0.2257605626,8.5,10.26,320.2266,1.9511,-2.0,6.9,13.3,,14.2,6447.999999999999,6.1358,6.1521,50.3,18.0,0.72,98.7,20.0,0.58,8.94,2.45,-2.1,18.96,12.18,4.49,4.3,11.35,12.87,13.8,10054.2,6.12,5.77,-170.4781239285,0.3762596519,0.5015192603,4.580877493419,4.598145571051,4.562262684977,0.0,53692.71,-251.6426123765,9.258844781036,-2.2074175605,-1.8631657867,-0.3064351379,0.0,0.3141361257,0.1992031873,,,,0.205338809,-0.8982035928,-0.3121748179,62.7946650124,-1.2047058824,-1.1787819253,4.202510135026,-6.7415724695,-14.2251420482,13190.0,,,71.686747,,,,1846846.0,6.897753378319,12.011472636109,9.255850744457,,,9.661861751843,-39.6018750638,-49.2813401109,-91.9834767629,,,,,,15.3399911881,-0.9090760589,18.4408417266,-0.0527716913,,1639.203126,0.4,0.2,,,7.03,3.93,119.23,0.24,-2.36,324600.0,
201405,,,,,0.098965,1.755393,2.866349,2.49,104.04,20.72,102.2725,35.6871,272.5,30210.0,2786.0,94388.3199,42911735.00000001,1.5,3.8056,-3.8056,-7.7,100.3662,-0.1231490283,-0.4175321792,8.8,-4.95,-225.6897,2.3848,-2.3019,5.4,12.1,11.8246,13.9,10497.0,6.1553,6.158,50.4,18.0,0.72,99.2,20.0,0.92,8.85,2.09,-1.85,18.07,12.16,-2.31,-1.34,160.21,12.27,13.86,8524.36,6.18,5.77,-135.3788852571,0.3178069689,0.0959022123,4.571613402459,4.603168183317,4.558078578454,0.0,53659.11,-981.3079470199,8.954802752851,-1.4694818396,-1.0095164609,-0.9221311475,0.5035246727,-0.4175365344,0.1988071571,,,,-1.1247443763,-0.1900190019,-1.0373443983,-26.2170143851,-2.2466237536,-0.395256917,4.1571454652,-4.4351078044,32.6923083314,6448.0,18.7691,,66.853933,19.3,10465.6186,,1312197.0,7.335192093566,12.110662460726,9.909031143403,,,9.690974793578,54.873538186,10.4275898413,92.1642711115,,,,,,2.9540968995,-29.9384722148,1.1686143573,-3.7649673723,,990.047952,0.3,0.2,,,18.01,-28.95,119.45,0.18,-8.16,164632.77,
201406,,,,,0.078508,1.711251,2.797572,2.36,104.87,19.74,102.5638,35.6983,310.6,29439.0,2785.0,139167.9166,49064392.0,1.6,3.9237,-3.9237,-7.7,100.2426,-0.1073395941,-0.5692678756,8.8,-9.06,79.8465,1.8014,-2.0042,5.5,13.2,12.2404,13.7,7745.0,6.1636,6.1695,50.8,18.0,0.72,96.6,20.0,0.57,8.79,2.44,-1.6,17.68,12.14,6.33,5.68,224.5,13.11,13.69,7540.85,6.15,5.77,133.7442467735,0.1348431433,0.1867489445,4.573679518897,4.602165676968,4.566429357672,0.0,53498.57,1.6428493628,9.071997422354,-0.5389704696,-0.1634409994,0.2068252327,-0.1002004008,0.8385744235,0.7936507937,,,,-0.9202453988,0.1004016064,0.2083333333,12.4338282763,30.0866447565,0.0,4.027535892914,-12.1561669354,-12.6984122787,10497.0,20.8828,,63.888889,16.8,20111.1797,-16.7,1710067.0,7.258491530543,12.323855681187,10.229521824073,,,9.373394158412,-7.3832859221,23.7623762376,37.780366012,,,,,,-27.2092016573,-19.954696692,6.220930282,-6.8925784557,,1533.322293,0.2,0.1,,,7.86,30.29,120.72,1.06,-4.71,181800.0,
201407,,,,,0.080019,1.557344,2.586033,2.22,105.71,19.34,101.79,34.7352,306.6,29624.0,2754.0,195001.9622,50267448.0,3.4,3.4453,-3.4453,-5.8,100.135,-0.0887801468,-0.6943231268,8.7,0.77,186.6366,2.4773,-1.4464,5.7,13.4,11.93653,13.9,8708.0,6.1636,6.1528,51.0,18.0,0.72,96.7,20.0,0.58,8.95,2.4,-0.98,17.19,12.36,10.64,5.18,367.74,13.68,13.94,9360.56,6.19,5.76,94.1708646643,0.0,-0.2706864414,4.576770711466,4.604169685655,4.567468318804,0.0,54149.23,75.4169611307,9.286653054825,-0.132862374,-0.4191820286,0.3095975232,0.2006018054,0.103950104,0.3937007874,,,,-0.4098360656,0.1002004008,0.3125,23.9435002297,25.0927213723,1.7964071856,4.007333185232,-2.0000000356,-8.9655177436,7745.0,20.8539,,56.122449,16.4,27709.257,-15.0,1609035.0,7.322654453349,12.563747089802,10.49320568706,,,8.953122840328,6.6266103676,27.1111111111,30.1716610445,,,,,,-34.3131424688,-12.9624699831,56.5000032832,-7.7931343464,,1420.112724,0.1,0.1,,,11.63,-5.91,113.2,-6.23,-2.02,225000.0,
201408,,,,,0.109863,1.639399,2.634543,2.08,108.37,19.89,102.0524,33.6306,293.5,29798.0,2753.0,276436.20889999997,47577183.00000001,3.7,3.154,-3.154,-6.8,100.0461,-0.0652899014,-0.7952983808,8.8,2.97,362.3939,2.3361,-1.1092,8.9,14.7,12.514318,14.0,10793.0,6.1569,6.1675,51.7,18.0,0.72,98.8,20.0,0.55,9.02,2.32,-0.86,17.2,12.44,7.07,1.41,290.73,14.37,13.88,7406.75,6.17,5.76,-11.9903232367,-0.1087027062,0.2389156157,4.577798989192,4.603168183317,4.569543008345,0.0,54989.37,16.9698536693,8.256347772918,-0.2527339004,-0.1828834078,0.1028806584,-0.1001001001,0.2076843198,1.3725490196,,,,-0.4094165814,-0.1001001001,0.6256517205,-64.3102010562,-44.9478347863,2.7833001988,3.940193874062,-6.4935072727,-20.3686638471,8708.0,23.016,,55.0,14.7,36069.6001,-25.5,1590354.0,7.229881911279,12.819364600841,10.786536485395,,,8.950403159833,-8.8599217943,29.1258741259,34.0886280023,,,,,,-0.2715985515,-21.7153053578,106.0825892857,-5.965196919,,1514.218061,-0.2,-0.1,,,13.85,-1.16,109.11,-3.62,6.22,286000.0,
201409,,,,,0.111317,1.801253,2.664238,1.95,105.23,20.92,102.78,35.7271,261.8,29786.0,2762.0,188628.839,47827708.99999999,3.6,3.1947,-3.1947,-7.1,99.98078,-0.0388274626,-0.8685388266,9.2,6.36,318.9417,2.2852,-0.8688,6.7,13.5,12.42793,13.4,3852.0,6.1606,6.1647,51.1,18.0,0.72,98.5,20.0,0.76,8.73,2.2,-1.13,17.35,12.09,10.46,2.36,436.59,13.43,13.22,6788.39,6.16,5.76,48.4691089312,0.0600951778,-0.0453992704,4.574710978503,4.607168188651,4.566429357672,0.0,55263.71000000001,166.6572249127,8.857230494202,-0.1652946133,-0.1004715682,-0.3083247688,0.4008016032,-0.310880829,-1.1605415861,,,,-1.121304791,0.2501250625,0.2083333333,82.3727933541,-1.4450056117,0.1960784314,4.009397162855,7.1654042264,-5.519480603,10793.0,22.8365,,51.428571,14.1,48365.2319,-22.9,1564117.0,7.302846761274,12.487862392277,10.941634588146,,,8.720297287393,7.5692725645,-28.215542919,16.7772517183,,,,,,-20.5550512255,-10.9041230604,13.999999828,-7.6123730645,,1380.059525,-0.5,-0.3,,,11.45,-1.65,101.5,-6.97,-4.93,369300.0,
201410,,,,,0.106666,1.665267,2.429745,1.77,100.05,19.74,102.9571,36.9316,280.0,30054.0,2754.0,328793.4457,48204544.99999999,3.4,3.4271,-3.4271,-8.1,99.94196,-0.0186508249,-0.9106162536,9.0,6.8,473.5299,1.9909,-1.2038,5.7,12.8,12.22174,13.3,7025.0,6.1528,6.1525,51.1,18.0,0.72,99.2,20.0,0.13,7.64,1.74,-1.51,16.88,11.73,12.43,-1.6,410.87,12.82,13.13,7403.36,6.16,5.76,5.3283435745,-0.1266110444,-0.1979009522,4.570578741218,4.603168183317,4.560172820057,0.0,56253.896400000005,77.2868872854,9.056256356593,-0.0974215756,0.0731945348,-0.412371134,-0.3992015968,-0.6237006237,0.0,,,,-1.8292682927,-0.1001001001,-0.4166666667,22.0213523132,8.9199491741,0.0,4.06357290043,5.5670106759,-0.4600218331,3852.0,22.6099,,55.113636,13.7,56479.5886,-14.7,1357948.0,7.399724822607,12.158254778527,11.081950204227,,,8.983941527941,10.1726022427,-28.0794115428,15.0636901063,,,,,,30.166503428,-7.0620372914,46.6626769231,-8.2640412811,,1484.519992,-0.9,-0.8,,,9.72,-13.18,97.96,-3.49,-3.15,265100.0,
201411,,,,,0.135617,1.825002,2.601641,1.66,95.85,18.37,107.2442,39.3866,307.3,30109.0,2765.0,260999.3451,46108370.0,3.3,3.8439,-3.8439,-9.4,99.92332,0.0074857401,-0.903788295,6.9,3.95,498.7612,1.6275,-1.7996,4.8,12.9,11.901354,13.2,8572.0,6.1441,6.1461,50.8,18.0,0.72,100.5,20.0,0.9,7.98,1.56,-2.03,16.23,11.54,9.79,6.18,405.63,12.97,13.29,6440.95,6.14,5.76,-37.4183276486,-0.1413990378,-0.104022755,4.567468318804,4.604169685655,4.553876891601,0.0,56775.97,111.5726292957,8.609407675404,0.0781848093,0.0586080586,-0.3105590062,0.1002004008,-0.6276150628,-0.5870841487,,,,-2.2335025381,0.3012048193,-1.3499480789,-36.0359309379,8.3596837945,-1.1673151751,3.977405757602,-8.2559125258,-24.4490650776,7025.0,21.5681,,58.181818,13.2,64987.4988,-19.6,1468166.0,7.476815522737,12.538967060804,11.253271177396,,,9.028338763993,8.0140040792,46.3326519861,18.6871641843,,,,,,4.5397542012,-7.4564044529,72.9999960315,-8.5935099394,,1635.534306,-1.2,-0.8,,,8.5,8.12,98.09,0.13,-14.15,190661.48,
201412,,,,,0.13387,1.665144,2.453045,1.61,86.08,17.16,108.0614,43.3943,260.5,30560.0,2754.0,171269.9999,47446216.99999999,3.2,4.1321,-4.1321,-9.1,99.9308,0.0367654417,-0.8334283988,8.0,11.25,312.1331,1.6011,-2.2428,3.2,12.6,11.567603,13.2,5483.0,6.1432,6.1345,50.3,18.0,0.72,102.1,20.0,0.43,7.47,1.65,-2.43,15.89,11.45,8.68,4.19,439.67,12.54,13.08,6543.67,6.14,5.51,46.4099449882,-0.0146481991,-0.1887375734,4.566429357672,4.599152113663,4.546481189639,0.0,57385.490000000005,47.2511358144,9.050992878742,0.0977644528,0.0326131268,-0.1038421599,-0.5005005005,-0.7368421053,-0.9842519685,,,,-2.2357723577,-0.2008032129,-1.9750519751,55.5170527084,36.5193723983,-2.140077821,3.962284848052,-1.5007162638,-25.9345575781,8572.0,20.9464,,53.378378,12.5,77131.8194,-14.5,1696001.0,7.606018944978,12.341040505941,11.390687923468,,,8.986946789407,13.7921579181,-17.9569892473,14.7306184249,,,,,,-4.0547024952,0.7602568579,46.3554987212,-7.752628893,,1766.606092,-1.0,-1.0,,,6.44,15.52,100.2,2.15,-17.39,279000.0,
201501,,,,,0.144382,1.534288,2.260991,1.54,76.99,15.97,116.2122,49.322,269.8,30423.0,2750.0,170231.2605,51630656.99999999,2.9,4.8208,-4.8208,-9.0,99.96754,0.0670817747,-0.6952896213,7.7,8.33,456.9939,1.4393,-2.6928,3.2,12.3,11.520769,13.4,8527.0,6.1238,6.119,50.1,18.0,0.72,101.9,20.0,0.35,7.36,1.54,-3.03,15.72,11.7,5.93,-6.21,490.96,12.45,13.61,7743.13,6.15,5.51,19.836522982,-0.3157963276,-0.2526693292,4.566429357672,4.597138014291,4.542230386214,0.0,58378.79,62.2509406571,8.849800827221,0.1275343362,0.3624792928,0.0,-0.2012072435,-0.4241781548,-0.3976143141,,,,-2.1363173957,-0.3015075377,-2.0855057351,-18.224463469,44.548092869,-1.7647058824,3.986130980439,2.4132724909,-38.053097223,5483.0,21.38,,52.57732,12.4,88493.8134,-9.3,1708861.0,7.645257296459,12.468436909998,11.529945514682,,,9.094817280721,4.0018344023,13.5867190913,14.9420142403,,,,,,11.3903475869,5.1879300125,16.9590643275,-8.2036726219,,2010.259194,-0.8,-0.8,,,6.43,0.76,102.9,2.7,-18.18,228900.0,
201502,,,,,0.272031,1.683923,2.24124,1.34,60.7,16.3,119.3126,56.2584,283.7,30097.0,2765.0,172562.0277,46605342.0,2.4,5.084,-5.084,-0.2,100.0346,0.0815717762,-0.5069251279,7.2,-0.55,547.6456,1.5056,-3.3152,3.2,12.2,11.720801,13.6,6972.999999999999,6.1272,6.137,49.8,18.0,0.72,99.5,20.0,0.74,,1.02,-3.62,15.83,,5.02,-1.96,429.34,12.14,13.38,13130.89,6.12,5.51,-8.8532437766,0.0555210817,0.2941657134,4.55702981066,4.593097604754,4.531846521569,0.0,59075.66,97.8521542669,9.5960788499,0.3751453893,0.5241605242,-0.9355509356,-0.4032258065,-1.0330138445,-0.5988023952,,,,-2.9531568228,-0.5035246727,-3.0969760167,110.913523591,11.5011372252,-1.3861386139,4.062305206617,7.915057406,-20.224461709,8527.0,20.878,14.3,53.846154,11.9,101716.5716,-37.3,1775320.0,7.849137397779,12.480289467028,11.700636981465,4.605170185988,,9.094817280721,22.615113074,1.1923076923,18.6124733681,,,,,,11.3903475869,30.8644763633,38.4736842105,-7.5848382571,,2090.706438,-0.6,-0.4,,,4.66,3.89,104.86,1.9,-15.34,260000.0,
201503,,,,,0.193858,1.216684,1.762615,1.12,47.11,17.24,118.3078,68.9291,293.4,30252.0,2779.0,230842.9141,49461376.99999999,2.4,6.2287,-6.2287,-6.9,100.1162,0.0902950771,-0.2907497403,7.9,3.96,499.1612,0.7638,-4.3202,10.6,10.8,11.889118,13.9,14707.0,6.1339,6.1475,49.9,17.5,0.72,100.2,20.0,0.45,7.62,1.0,-4.35,,11.48,14.47,-10.54,98.48,11.18,13.8,7675.7,6.15,5.3,18.828907375,0.1093484789,0.1710933681,4.552823705616,4.593097604754,4.533674184283,0.0,59543.35,85.2275232601,9.230142999272,0.3451773328,0.4263730519,-0.4197271773,0.0,0.1829333907,0.2008032129,,,,-3.064351379,-0.5035246727,-2.5130890052,-30.6452709594,58.1885856079,-0.5976095618,4.021507238862,-3.9976934028,-22.1820959459,6973.0,20.2926,,58.108108,10.5,120648.5414,-33.7,2061044.0,7.487399455843,12.93217092623,11.700636981465,3.762826699066,-38.6646021375,8.817001443666,-30.3535141839,57.1265678449,18.6124733681,,,,-56.93,,-24.256369963,8.9189620054,27.3567467652,-7.5848382571,,2563.522063,-0.4,-0.3,100.0,100.0,15.99,16.09,107.93,2.93,-9.26,263100.0,
201504,,,,,0.257314,1.537661,2.086835,1.02,54.79,16.79,118.5633,61.2718,271.2,30158.0,2776.0,226911.9155,45105388.99999999,2.4,5.9361,-5.9361,-8.7,100.2066,0.0945047532,-0.0646632033,9.6,-10.89,593.1478,1.4311,-4.7976,5.6,12.5,,14.3,10200.0,6.1507,6.1422,50.1,17.5,0.72,100.4,19.5,0.42,6.82,1.36,-4.68,14.33,10.81,14.45,-11.19,496.75,12.28,13.94,10303.0,6.26,5.3,1.9342902393,0.2738877386,-0.0862139081,4.543081993675,4.591071261609,4.528721013825,0.0,59105.54,-367.899243962,9.375854810454,0.2428371199,-0.1609206612,-0.9694415174,-0.2024291498,-0.4940923738,0.4008016032,,,,-3.7090163934,-0.7049345418,-3.2985386221,15.6862745098,12.4130704011,-0.3976143141,4.045554395553,2.4338621171,-14.5258110693,14708.0,,,55.785124,,,,2038003.0,6.802618352771,12.582452172743,9.078395685582,4.265071381311,78.7525398682,9.343646739284,-49.5799414545,-29.511369134,-92.7360127207,,,,65.2426282795,,69.3242442205,-9.0749845822,76.9999982385,-16.2601367873,,1785.40303,-0.5,-0.4,37.72,43.07,10.35,-1.12,109.76,1.69,-7.94,413400.0,
201505,,,,,0.275743,1.405271,2.018027,0.89,52.83,16.24,120.3868,58.4643,246.5,29973.0,2783.0,154028.8615,41472191.00000001,2.2,6.0816,-6.0816,-6.4,100.3013,0.074475605,0.1330771548,3.6,10.67,604.621,1.3758,-4.5603,2.9,11.6,10.7142,14.0,11800.0,6.1302,6.1137,50.1,16.5,0.72,96.7,19.5,0.28,5.95,1.64,-4.35,13.88,10.4,-1.98,-11.28,322.12,11.74,14.08,9232.37,6.15,5.05,-95.8386493357,-0.3332953973,-0.4640031259,4.553139777894,4.590462557116,4.536462987978,0.0,58800.310000000005,-68.4890383423,8.864887933774,-0.4077786623,-0.7193894121,1.0108533731,-0.060851927,0.7772020725,0.0,,,,-1.8304033092,-1.2625250501,-2.1383647799,-40.0084745763,-8.5990961911,-0.5952380952,4.052604959328,0.7075477518,-9.9261688523,11437.0,20.7935,13.0,57.142857,10.4,8763.8947,-39.7,1396733.0,7.401424256167,12.926834993123,9.812163660917,4.579954936847,45.6467524594,9.286653054825,81.9944313052,41.1118737131,108.2914209364,,,,37.0099761135,,-5.5399964992,6.847474825,126.1826182618,-9.2323718832,,900.201253,-0.5,-0.4,63.59,71.17,6.42,-31.47,114.99,4.77,-3.73,291400.0,
201506,,,,,0.257659,1.461687,2.140869,0.89,57.54,16.34,119.5495,51.7029,289.0,30847.0,2779.0,89075.9428,46822771.00000001,2.3,5.8378,-5.8378,-6.1,100.376,0.0153423129,0.2560543267,5.6,-13.87,25.1604,1.5091,-4.5725,3.7,10.1,10.244532,14.1,7079.0,6.1143,6.1196,50.2,16.5,0.72,99.7,18.5,0.52,6.02,1.3,-4.46,13.49,10.11,-4.96,-10.56,434.09,10.37,13.96,8838.29,6.13,5.05,1219.5946805297,-0.2593716355,0.0965045717,4.545632473272,4.591679595806,4.527965115079,0.0,59183.48,77.8939929253,9.105868350379,-0.7998572263,-0.8088175703,-0.7479195196,0.1217779582,-0.8461868038,0.1996007984,,,,-2.7657378741,-1.0431293882,-3.7733887734,27.2496115271,3.4451079467,-1.1811023622,4.099539379099,4.8053275252,7.4659090518,9920.0,22.8262,,57.54717,8.5,18254.4408,-23.7148,1870357.0,7.50589963235,12.672946381767,10.180534584137,4.654817125878,-12.8112953196,9.131621787265,11.0128057939,-22.4221789883,44.5378063841,,,,7.773561686,,-14.3611600111,28.0701662807,41.7777777778,-4.7806720332,,1638.316151,-0.2,-0.1,84.77,97.51,9.38,33.91,113.65,-1.16,-5.86,411200.0,
201507,,,,,0.27852,1.514726,2.230405,1.3,62.51,16.83,120.6894,52.9716,243.9,30941.0,2844.0,130481.5604,46221931.00000001,0.6,6.2044,-6.2044,-7.5,100.3914,-0.0591684148,0.2857682608,5.9,-11.06,332.0153,1.2308,-4.607,4.7,10.8,10.002445,14.0,9008.0,6.1161,6.1136,50.2,16.5,0.72,98.5,18.5,0.51,6.01,1.27,-4.58,12.01,10.13,0.09,-15.82,571.11,10.89,13.78,10204.76,6.19,4.8,72.1443861171,0.0294391836,-0.0980456239,4.548705649007,4.592490132831,4.527640983479,0.0,59543.54,57.7139405492,9.457669090079,-0.7706535142,-0.6371083084,0.3077902781,0.0810865599,-0.0324079075,0.0,,,,-2.7674897119,-1.1611611612,-3.9044652129,42.1625222025,18.6509774854,-1.568627451,4.010757841669,-8.4954545078,0.3430527273,8045.0,20.318,,60.3125,6.0,26384.5683,-31.0792,1668824.0,7.656100212152,12.723973182968,10.491173681829,4.590462557116,17.7453480171,8.809564253354,16.2067306584,5.2351097179,36.4296754478,,,,-6.2327528785,,-27.5343503192,39.576933629,17.3776223776,-0.2029942106,,1818.740727,0.3,0.1,84.33,105.09,3.72,-10.78,103.4,-9.02,-8.66,319000.0,
201508,,,,,0.297101,1.667469,2.463555,1.62,61.31,16.08,123.7505,55.524,266.7,31095.0,2836.0,176989.2979,42327311.00000001,0.5,7.0165,-7.0165,-6.7,100.332,-0.1120280668,0.23886591,6.1,-9.72,571.5457,1.3909,-4.8135,4.3,11.8,10.130209,13.4,12806.0,6.1167,6.1172,50.0,16.5,0.72,97.7,18.5,0.71,6.52,1.54,-5.01,11.29,10.53,-2.31,-7.88,552.87,11.82,13.8,7486.5,6.12,4.8,-20.9194470363,0.0098101731,0.0588851086,4.549146774848,4.593745168319,4.525477417079,0.0,59951.1,41.7128898479,9.602382459752,-0.6529259855,-0.8155654641,0.0441223151,0.1255823375,-0.2161227577,-0.3984063745,,,,-2.8245632066,-0.9378757515,-4.310880829,15.5708261752,284.2159916926,-3.2882011605,3.8836523165,-11.9359262069,-5.4972789347,8510.0,18.6609,11.9,55.188679,5.1,35996.3809,-17.7962,1609274.0,7.726585144864,13.215853720492,10.825037215957,4.764649500533,19.4249907851,8.749573948083,7.302840168,63.5388739946,39.63525761,,,,19.0278059671,,-5.822633622,64.3294771651,48.6596263201,3.9251487596,,2113.499138,0.1,0.2,91.41,98.54,1.2,-3.57,99.37,-3.9,-8.93,335700.0,
201509,,,,,0.329659,1.575477,2.278554,1.32,54.34,15.05,123.2433,58.9906,255.2,31559.0,2823.0,143539.3571,46554512.0,0.4,7.8781,-7.8781,-4.0,100.2196,-0.1262228147,0.1512277726,6.8,-2.26,451.9815,1.6473,-5.3692,6.6,13.3,10.631952,15.5,14800.0,6.3056,6.3893,49.7,16.5,0.72,100.5,18.5,0.2,6.48,1.86,-5.46,11.44,10.49,-4.92,-6.52,484.47,13.22,14.8,8868.0,6.12,4.55,-7.3645270879,3.088266549,4.448113516,4.548705649007,4.588979826589,4.528721013825,0.0,60863.899999999994,-11.5799868182,8.999125391527,2.3536668506,3.6433240871,-0.0441028559,-0.4754005503,0.3248862898,-0.6,,,,-2.5670103093,-1.8023952096,-3.7006237006,-45.2972972973,15.2455516014,-2.7397260274,3.854864586882,-2.8377310703,-14.3184419914,13240.0,19.1886,,48.601399,4.6,50263.6392,-10.2626,1511439.0,7.690803321696,12.796633237315,11.000672504711,4.74996293089,5.600308642,8.627660644442,-3.5149221393,-34.2440801457,19.2003242376,,,,-1.4579248018,,-11.477488903,47.3965754447,36.1750282912,6.0815462455,,2267.844602,0.2,0.3,117.04,117.29,-3.36,-6.08,103.77,4.42,2.23,549000.0,
201510,,,,,0.423572,1.604091,2.307503,1.38,45.69,14.94,123.2338,66.4779,240.1,31540.0,2853.0,147317.31410000002,45695747.00000001,0.2,7.5406,-7.5406,-1.7,100.0931,-0.1140937787,0.0556226514,6.0,-8.91,418.6952,1.9554,-5.9227,9.3,13.3,10.512323,15.4,8096.0,6.3691,6.3613,49.8,16.0,0.72,99.3,18.5,0.5,6.01,1.84,-5.92,11.11,10.78,-6.25,-15.05,454.87,13.2,15.18,8451.27,6.41,4.55,42.5576170923,1.0070413601,-0.4382326702,4.543720223672,4.590300173321,4.530554392607,0.0,61582.2026,19.6728815313,9.259130536146,3.5154726303,3.3937423811,-0.4973018728,0.1321218774,0.1835060449,0.2012072435,,,,-2.6501035197,-1.2785571142,-2.9184100418,29.6936758893,22.4918338777,-2.5440313112,3.886047524814,3.1674218973,-16.2660248946,5890.0,18.6299,,47.222222,4.3,59914.4209,-15.5103,1268597.0,7.615013730082,12.745485726148,11.151596250986,4.819636196109,14.3466220462,8.788288460264,-7.2988763021,-4.9861495845,16.2907978637,,,,7.215781277,,17.4247851003,24.0220154086,79.8999986783,7.2128630684,,2188.13163,0.2,0.3,117.57,115.58,-6.58,-16.07,102.8,-0.9,4.9,361000.0,
201511,,,,,0.340633,1.412411,2.13732,1.37,46.28,14.75,120.285,66.2367,246.2,31491.0,2859.0,160619.013,39107399.00000001,0.2,7.1674,-7.1674,0.5,99.9789,-0.0918193739,-0.0437302613,6.1,-9.31,596.8819,1.5956,-5.945,11.4,13.1,10.792317,15.4,10500.0,6.3486,6.3495,49.8,15.5,0.72,96.5,18.0,0.52,5.66,1.41,-5.85,10.62,10.83,-3.76,-15.63,638.32,13.15,15.48,7594.12,6.4,4.3,-0.1384696035,-0.3218665118,-0.1854966752,4.540964409485,4.587820547653,4.529470948443,0.0,61681.2458,90.9619325858,8.54402984537,3.3283963477,3.309415727,-0.2752020417,-0.2476553936,-0.1082857451,0.0,,,,-2.615576324,-1.6216216216,-2.4110526316,-51.0857142857,-6.3286521977,-1.968503937,3.940193874062,5.5639082836,-3.6528030132,7756.0,18.7944,12.5,48.717949,3.5,69674.9581,-5.4521,1418462.0,7.645098174422,12.950388112665,11.325486838277,4.853825526471,0.2220553701,8.649623978597,3.0541553681,22.7405247813,18.9925365739,,,,3.4780503551,,-12.9479945097,18.3271016933,50.8960573477,7.4887130174,,2028.422609,0.2,0.2,129.18,123.92,-3.39,11.81,105.3,2.4,7.4,343000.0,
201512,,,,,0.442533,1.567476,2.245127,1.19,46.96,15.81,120.0619,64.3742,226.1,31627.0,2869.0,153479.1896,43432312.0,0.0,7.3856,-7.3856,2.0,99.8871,-0.0783284328,-0.1587315243,5.7,-11.54,596.0554,1.2674,-5.9,14.0,13.5,10.9,15.4,5136.0,6.3666,6.3962,49.6,15.5,0.72,101.1,17.5,0.4,5.62,1.38,-5.86,10.13,11.05,-4.74,-13.33,643.92,13.33,15.3,7156.94,6.4,4.3,2.819687566,0.2835270768,0.7354909835,4.541886344078,4.588352559142,4.528778222896,0.0,62003.52,34.1073261591,8.866299565855,3.6365412163,4.2660363518,0.0922359705,0.0532153032,-0.0692485668,-0.4016064257,,,,-2.4244282744,-1.0741448692,-1.754718982,38.0257009346,-16.8640788085,-1.3916500994,4.034818577308,9.924623416,7.5229072155,10417.0,18.0714,,51.428571,2.6,82908.0,-14.9656,1751215.0,7.70097382824,12.492003184943,11.460559187774,4.723752901815,7.9992348891,8.806124483268,5.7466183678,-36.7695961995,14.4619594008,,,,-12.1968338142,,16.9411352488,9.9609243225,16.2953254696,7.2370120056,,2090.373787,0.2,0.2,130.76,128.23,3.26,23.41,107.82,2.39,7.6,421000.0,
201601,,,,,0.662092,1.692582,2.319502,1.17,43.11,14.45,122.5329,66.2393,234.9,32070.0,2876.0,119188.6534,43352046.0,0.3,7.5,-7.5,1.9,99.80886,-0.0769871532,-0.3024753435,5.6,-12.17,612.8623,1.4856,-5.9,15.7,13.7,11.023401,14.9,7089.0,6.4476,6.4936,49.7,15.5,0.72,101.3,17.5,0.58,6.09,1.53,-5.68,10.18,11.16,-7.27,-12.03,552.92,13.38,14.52,6847.06,6.43,4.3,-11.9272143188,1.272264631,1.5227791501,4.5431713704,4.586216698071,4.526729610881,0.0,62073.91,-1.4390145744,8.695841342844,5.2875665436,6.1219153456,0.1285852322,-0.2133581743,-0.2046515042,0.2016129032,,,,-2.298960499,-1.0861895161,-1.5381256656,-15.6721681478,-14.2693245375,-0.7984031936,3.977405757602,-5.5795797201,-0.8687268547,5574.0,17.4085,,56.532663,2.0,94898.1213,-29.6958,1936875.0,7.786466336829,12.960079714347,11.601419157038,4.56090476969,4.312044679,8.89164911265,8.9253401269,59.6919609316,15.1263424432,,,,-15.0279776179,,8.9288389513,15.1665367379,63.5,7.4089839851,,2210.499591,0.1,0.1,134.92,112.59,13.34,10.6,105.03,-2.59,2.07,266200.0,
201602,,,,13.73,0.772321,1.790146,2.383991,1.2,36.57,14.13,121.924,72.8827,208.1,32426.0,2876.0,119504.3213,44285052.0,0.3,7.1,-7.1,4.6,99.73202,-0.0712509383,-0.4547116251,6.2,-7.91,539.7649,1.6,-5.9,15.2,13.3,11.172228,14.3,5978.0,6.5527,6.5516,49.4,15.5,0.72,101.0,17.5,0.49,,1.9,-5.31,10.14,,-0.88,-2.33,603.88,13.38,14.5,18235.0,6.46,4.3,10.4750975842,1.6300638997,0.8931871381,4.593132017117,4.60299381942,4.597842403247,0.0,63343.69,19.4615687277,10.13062312512,6.9444444444,6.7557438488,5.1229726222,1.6918647609,7.3702324465,-0.6036217304,,20460.0,,3.6761804827,0.994534413,6.8222317874,319.8728671797,70.6670293058,-0.8032128514,4.018082584684,4.151546156,-4.3259057755,8873.0,18.0083,12.4,53.378378,1.3,109252.7361,-14.0,2196773.0,7.931866416263,12.861258319803,11.763645007453,3.916612457762,-9.0539928689,8.89164911265,15.6502170457,-9.409550694,17.6125839836,,,,-47.4966029058,142.747082593754,8.9288389513,8.6247415691,46.3702014443,6.5035387158,-49.77,2407.794198,0.2,0.2,148.34,95.67,23.74,13.42,101.34,-3.51,-3.36,425100.0,
201603,,,,17.84,0.626006,1.369494,2.023492,1.15,29.78,14.11,118.3061,75.1723,226.3,32208.0,2887.0,162476.3272,42379843.00000001,0.2,7.2,-7.2,4.1,99.66096,-0.0488054701,-0.5930547489,5.9,-4.52,596.3058,1.8,-5.3,18.6,14.0,11.1,15.3,25100.0,6.5311,6.5452,49.0,15.5,0.72,97.1,17.5,0.45,5.53,1.87,-4.82,,10.68,-13.82,-10.79,501.14,13.6,14.83,12706.25,6.52,4.3,-4.6596897095,-0.3296351122,-0.0976860614,4.593097604754,4.609162207258,4.590056548178,0.0,63777.56999999999,-4.1520848598,8.890961212781,6.4754886777,6.469296462,-0.0034411771,0.618745152,-0.7755623809,-0.8097165992,,20000.0,,4.1095890411,1.6194331984,5.8002148228,-71.0517928287,-28.7647058824,-1.8036072144,4.043359009951,2.5598582706,2.2092269617,8323.0,17.2895,13.1,55.594406,1.0,128494.966,-16.3,2442126.0,7.644718821506,13.441544116915,11.763645007453,4.210199814973,5.0814443736,8.89164911265,-24.9599034585,78.6548948325,17.6125839836,,,,34.1230340434,315.880795517518,8.9288389513,17.0369329999,66.4247701984,6.5035387158,56.4197817506,2784.619216,0.2,0.2,138.29,50.23,18.27,10.85,98.54,-2.76,-8.7,385100.0,
201604,,,,17.62,0.655358,1.262597,1.840597,1.03,31.03,15.17,115.0932,75.0903,204.7,32439.0,2944.0,130634.1717,36260420.0,-0.1,6.601391,-6.601391,8.7,99.61232,-0.0201882659,-0.7069599297,5.865724,-17.18,568.5198,2.3,-4.9,17.4,13.3,,14.7,7266.000000000001,6.5064,6.4612,50.2,15.0,0.72,93.9,17.5,0.39,5.92,2.44,-4.63,9.04,10.39,1.66,-11.75,262.3,13.46,14.3,10789.47,6.58,4.3,-50.4871070453,-0.3781905039,-1.2833832427,4.594109238629,4.615120516841,4.583946549536,0.0,64170.72,-53.4434629297,9.525151111816,5.7830816005,5.193578848,0.1012145749,0.5976095618,-0.6091370558,2.4489795918,,15450.0,,5.2351564163,2.4340770791,5.6778929188,88.5494082026,16.1016949153,0.1996007984,4.075841090658,3.3015382073,3.0750002577,25370.0,,12.7,57.017544,,,,2228705.0,7.0599095015,12.838407686693,9.326749851403,4.676932552215,34.266661929,9.281730368063,-44.2787899117,-45.2906976744,-91.2568107143,108.97,108.0,109.7,59.4775122458,212.381162335694,47.7100811443,29.3421650014,29.1695264242,28.1913861882,50.9624841928,2089.580948,0.3,0.3,130.27,67.37,9.27,-8.74,96.27,-2.3,-12.29,688000.0,
201605,,,,21.56,0.590139,1.241201,1.859773,0.92,37.34,15.47,113.0705,67.6076,213.8,32241.0,3148.0,101236.3228,35924541.0,0.2,5.727865,-5.727865,10.1,99.59221,0.0045385076,-0.7763509205,4.906937,-22.41,281.4906,2.301391,-4.3,22.1,13.4,10.2,14.7,13700.0,6.4762,6.4589,50.1,15.0,0.72,93.9,17.0,0.62,6.52,2.32,-3.72,10.24,10.53,-0.48,-4.2,390.41,13.63,14.7,8547.06,6.55,4.3,-11.5053575501,-0.4641583671,-0.0355971027,4.596129441336,4.618086411255,4.574710978503,0.0,63144.34,890.0641484237,8.622633703874,5.6441877916,5.6463352798,0.2022244692,0.297029703,-0.9193054137,-0.1992031873,,12675.0,,4.3927104182,2.8008930384,3.8988860326,-59.4452554745,-21.5143381834,0.0,4.118467386498,4.3547843803,6.8079768301,8105.0,15.7101,13.4,58.9,3.0,11234.5581,,1376681.0,8.004294175324,12.64915461721,10.098198966244,4.850623024222,2.831686662,9.351232110674,157.1230746138,-17.2422954304,116.2898271896,124.44,119.3,114.2,18.9687267312,120.551994891564,7.1973929236,82.7355645107,-24.2461089494,33.1139450736,31.0839913855,1164.33979,0.4,0.4,190.4,107.44,-1.53,-38.45,96.86,0.61,-15.77,376400.0,
201606,,,,21.38,0.576566,1.308815,1.893085,0.92,40.75,16.36,109.9652,64.3334,224.3,32275.0,3236.0,94305.7944,43002468.0,0.0,4.838999,-4.838999,11.9,99.59673,0.0266474612,-0.7651352606,6.8,-0.23,249.1041,2.327865,-3.4,22.9,12.8,10.5,14.4,5556.0,6.5315,6.579,50.1,15.0,0.72,96.3,17.0,0.42,5.95,2.2,-3.34,10.92,10.17,-3.4,-5.14,584.27,12.48,14.3,7539.47,6.5,4.3,60.0113366259,0.8538958031,1.8594497515,4.598145571051,4.647271362007,4.572646994283,0.0,63284.81,20.0531421293,9.195734219587,6.8233485436,7.507026603,0.2018163471,2.9615004936,-0.206185567,0.0,,10250.0,,5.3916365952,5.7166024731,4.5695149617,77.3758099352,9.4027531083,-0.1992031873,4.131651618579,1.3271527287,3.2633401036,13176.0,19.2456,13.1,61.464968,6.2,24299.2063,-6.7,2055706.0,7.914180966989,12.656511119281,10.491614251287,5.005488739943,-9.3506047868,9.231220849556,-8.61722735,0.7383627608,48.2033727991,125.12,123.6,100.55,16.7501173525,129.306135734823,-11.3089550942,50.4230293733,-1.6300940439,36.4897954385,42.0020934437,2993.786267,0.9,0.8,189.71,127.82,9.76,49.32,105.14,8.54,-7.49,311500.0,
201607,,,,22.63,0.705494,1.399175,1.915492,0.9,45.94,16.95,109.0622,66.0825,208.1,32620.0,3457.0,127429.0682,41081552.99999999,-0.3,4.479503,-4.479503,12.8,99.62327,0.0537324262,-0.653031934,6.0,-7.87,398.5948,2.038999,-2.8,23.7,11.8,10.1,14.4,9855.0,6.5874,6.6312,50.0,15.0,0.72,97.4,17.0,0.45,5.9,1.83,-2.53,10.51,10.0,-4.54,-4.51,454.72,11.6,14.0,10342.11,6.59,4.3,12.5017687135,0.8558524076,0.7934336525,4.597138014291,4.647271362007,4.568506201617,0.0,64344.27,-21.5414970316,9.532423871145,7.705891009,8.4663700602,-0.1007049345,0.0,-0.4132231405,-0.1996007984,,11210.0,,4.9624378373,5.6309499696,4.1711692241,40.0304414003,7.7619865688,-0.3984063745,4.093666832615,-3.7272412247,8.6442927906,5642.0,19.7336,12.6,62.280702,7.2,36012.2433,5.5,1779130.0,7.848547272067,12.868760618605,10.778001990942,4.361313593076,-28.3677959686,9.021356672309,-6.3526163407,23.6456341619,33.1608672654,117.81,117.7,94.16,-47.4904509817,39.501935127165,-18.9305650769,21.2212327384,15.5793863569,33.2195468017,-20.4789933022,2735.804898,1.1,0.7,189.02,149.23,6.5,-13.45,102.83,-2.2,-0.56,313800.0,
201608,,,,23.93,0.487003,1.030822,1.537011,0.81,47.69,17.29,105.4918,64.2575,196.6,32617.0,3560.0,144835.6701,39733794.0,-0.5,3.465113,-3.465113,15.2,99.6768,0.0814331921,-0.4606184818,6.0,-4.33,448.4262,1.879503,-2.6,24.6,11.8,10.0,14.3,13799.999999999998,6.6774,6.6511,49.9,15.0,0.72,96.7,17.0,0.5,6.24,1.46,-1.98,9.44,10.44,-3.05,-7.25,469.64,11.06,13.9,8302.38,6.65,4.3,1.114163267,1.3662446489,0.3000965135,4.597138014291,4.647271362007,4.564348191468,0.0,65820.13,0.3187962339,8.44160720446,9.1667075384,8.7278493428,0.0,0.0,-0.4149377593,-0.2,,10313.64,,4.9161464046,5.4984625344,3.9636127355,-66.4057971014,-68.6756756757,-0.2,4.008790559111,-8.1374064262,13.3305113295,9374.0,19.7506,12.4,59.95935,7.0,47954.2155,10.8,1793035.0,7.824789771398,13.017002861747,11.071353685524,4.197652973754,5.5024358022,9.013717030471,-2.3477512903,15.9793814433,34.0914299807,103.05,106.2,87.47,-15.0969882593,23.238811728395,-0.7610533945,10.3188503654,-18.0327868852,27.9304370385,-43.2773467474,2562.009709,0.9,0.5,136.34,78.36,11.27,0.52,101.27,-1.52,1.91,388000.0,
201609,,,,24.22,0.559993,1.048245,1.500516,0.61,44.13,19.99,103.9711,67.0512,197.8,33059.0,3617.0,149564.8532,45209071.00000001,-0.4,2.139773,-2.139773,13.9,99.75797,0.0998416467,-0.2353109255,6.2,-7.79,453.4224,1.765113,-1.7,25.4,10.2,10.6,12.9,4636.0,6.6474,6.6908,50.4,15.0,0.72,97.7,17.0,0.51,6.7,1.6,-0.88,8.84,10.6,8.0,12.0,486.0,9.1,13.1,9500.0,6.65,4.3,6.6270215146,-0.4492766646,0.5968937469,4.597138014291,4.615120516841,4.560172820057,0.0,66253.11,15.4708245999,9.157677719393,5.4205785334,4.7188267885,0.0,-3.1639501438,-0.4166666667,1.002004008,,14000.0,,4.9624378373,2.6485354798,3.195164076,104.6376186368,17.1813241107,1.4084507042,4.039421495191,3.1104890043,20.268542213,13141.0,20.3117,12.2,55.080214,6.1,64302.4933,19.8,1784053.0,7.786091710152,12.912629513,11.235328226537,3.927108642846,-7.7170629393,8.925055424124,-3.7958857198,-9.9111111111,17.8184319332,95.07,95.7,92.26,-23.7035923643,7.697029037396,-8.4844796105,9.9976029778,12.2991689751,26.4473363207,-56.0823671916,2501.860093,0.7,0.5,148.6,66.53,17.72,-0.5,101.48,0.21,-2.2,450000.0,
201610,,,,24.7,0.651901,1.228375,1.624472,0.57,44.88,19.59,101.2691,64.9072,210.8,33175.0,3623.0,139247.02620000002,40881700.0,-0.4,1.820226,-1.820226,13.2,99.85757,0.1150939283,-0.0064013507,6.0,-9.14,483.4708,1.339773,-0.8,25.3,11.4,10.2,13.0,9487.0,6.6715,6.6778,50.4,15.0,0.72,98.1,17.0,0.56,6.25,1.73,-0.43,8.2,10.53,-4.12,0.5,505.93,11.79,12.9,10356.37,6.71,4.3,3.6187087204,0.362547763,-0.1942966461,4.598145571051,4.615120516841,4.561218298459,0.0,67733.8,-16.069460307,9.409191230721,4.7479235685,4.9753981104,0.1008064516,0.0,0.1046025105,0.0,,13875.45,,5.5933645257,2.5130932565,3.1138885896,28.5970275113,16.1904761905,1.2048192771,4.049224123865,0.9850831816,17.7244571605,4550.0,18.7122,12.3,56.793478,5.3,75760.1893,27.1,1604530.0,7.840958982017,12.344529388677,11.378831339184,3.986944931945,1.6778386887,9.081938657172,5.6400391316,-43.3399111988,15.4310403762,93.99,93.3,98.86,6.1662726556,-4.235027237727,16.9859005055,25.3507036314,-33.0320699708,25.512489831,-56.5122659781,2406.892343,0.7,0.5,133.58,50.76,26.26,-10.06,96.89,-4.53,-5.74,405400.0,
201611,,,,22.98,0.649405,1.186869,1.645338,0.62,45.04,19.36,101.9442,63.1581,227.5,33227.0,3647.0,156832.5673,40124791.00000001,-0.5,0.895947,-0.895947,12.3,99.9725,0.1155317712,0.2011270725,6.3,-1.52,500.9662,1.920226,0.1,24.7,11.5,10.6,13.0,12200.0,6.7442,6.7641,51.2,15.0,0.72,99.1,17.0,0.45,6.2,2.11,0.83,8.15,10.6,-5.4,-0.43,508.11,11.4,13.1,6943.16,6.68,4.3,-19.2955532729,1.0897099603,1.2923417892,4.651099117876,4.63375764284,4.590056548178,0.0,68148.03,-32.170398926,8.781555458546,6.2312950887,6.5296480038,5.4380664653,1.8811881188,2.9258098224,1.5873015873,,9855.56,,11.6428452611,4.7008547009,6.2458539848,-46.6147540984,26.8107476636,2.8112449799,4.123867004579,7.7499286392,20.1622985014,7969.0,18.3242,12.5,57.352941,5.4,87450.7747,34.0,1795512.0,7.914218337742,12.742566016045,11.563471523797,3.935739532045,0.8240750008,9.13626316858,7.6009569972,48.8898563343,20.2785581498,95.56,90.8,101.67,-4.9916496567,-3.659780668197,5.5827174531,30.8812402841,-18.7648456057,26.8689763352,-60.0717460813,2542.642013,1.3,0.9,140.45,53.89,26.34,11.9,99.51,2.71,-5.5,229700.0,
201612,,,,22.67,0.696715,1.359445,1.890098,0.73,49.29,17.66,103.8175,62.9037,213.2,33447.0,3668.0,124337.7743,40846252.0,-0.5,-1.047742,1.047742,11.3,100.088,0.1044081209,0.3843746938,6.1,-6.79,404.302,2.095947,1.2,23.9,11.6,10.7,13.1,6513.0,6.8375,6.8865,51.7,15.0,0.72,96.9,17.0,0.5,6.01,2.18,2.22,8.17,9.96,-5.2,-1.5,460.46,11.42,13.0,6878.95,6.8,4.3,19.1315897522,1.3834109309,1.8095533774,4.608165694968,4.640537329825,4.558078578454,0.0,69976.28,-21.4095238033,8.980423936375,7.3964125279,7.665488884,-4.2024832856,0.6802721088,-3.1472081218,0.9765625,,9355.14,,6.8525168935,5.3570393452,2.9733834312,22.0021495471,12.0891522076,4.2338709677,4.162781723775,3.9681814968,13.6511117476,12628.0,17.9175,12.7,61.797753,5.8,105184.5309,34.0,2268338.0,7.787690868,12.447056114973,11.69806204337,3.87099265587,7.8190463523,9.28489110324,-11.8850055751,-25.5847953216,14.4068214882,100.78,97.5,105.46,-6.26953125,-4.285182954908,16.0241223347,9.0588043,-4.3951915853,26.8078617906,-57.3763211653,2735.907139,1.8,1.5,143.63,51.2,28.94,25.95,108.14,8.67,0.3,342000.0,
201701,,,,20.9,0.835912,1.897338,2.477607,1.0,45.26,17.41,107.6244,64.9449,210.7,32955.0,3709.0,161475.66199999998,41983328.99999999,0.1,-3.423455,3.423455,10.1,100.1925,0.082042069,0.5441381815,6.1,-5.44,481.6514,2.252258,3.3,22.7,11.4,10.0,13.1,7946.0,6.9182,6.937,51.4,15.0,0.72,98.7,17.0,0.54,6.08,2.2,4.47,8.4,10.67,-4.08,2.57,465.89,11.53,12.97,6509.44,6.9,4.3,-10.5495592871,1.1802559415,0.7333188122,4.630837932737,4.651099117876,4.58700621536,0.0,70386.94,-20.1801932656,9.249561085129,7.2988398784,6.828261673,2.2931206381,1.0617760618,2.9350104822,-0.580270793,,11283.33,,9.1624072758,6.7033554995,6.2130295915,30.8834633778,73.9712278354,3.4205231388,4.194109094531,3.1823237354,24.1975599184,6010.0,17.585,13.3,64.25,6.6,120338.2785,62.9,2344128.0,7.52945123503,12.923668506492,11.819155591305,3.56416620994,-9.2751075542,9.385972940619,-22.7589885002,61.0609037328,12.8730497836,99.1,104.3,98.33,-26.4221712857,-16.752504386213,10.6367180249,-22.6643465398,-3.5756292637,24.3259343873,-63.0918783318,2410.744423,1.1,0.6,147.83,47.99,20.29,3.34,116.77,7.98,11.18,254500.0,
201702,,,,19.7,0.876754,1.972523,2.556295,1.04,52.62,16.43,115.8995,60.6569,214.2,33374.0,3719.0,163141.83870000002,45309140.99999999,0.5,-4.350945,4.350945,3.8,100.2747,0.0602345357,0.6764333797,6.2,1.42,430.8393,2.076545,5.5,21.4,11.3,10.8,13.5,10400.0,6.8918,6.8588,51.3,15.0,0.72,97.9,17.0,0.49,,2.52,6.45,8.23,,2.13,14.58,420.29,11.31,,23840.91,6.93,4.3,-8.0255213487,-0.3816021508,-1.1272884532,4.625743104769,4.649974321251,4.571626846009,0.0,71413.36,-33.5471498013,9.91837616503,5.1749660445,4.6889309482,-0.5081871345,-0.1124164279,-1.5261710794,-0.1945525292,,31600.0,,3.3148656828,4.8101572819,-2.5874912738,95.1923076923,-19.1235059761,3.8461538462,4.204692619391,1.0639728462,20.5157223912,8463.0,17.2138,12.8,66.294643,6.5,135829.485,61.4,2590157.0,7.613200464135,13.088179716974,11.966221547213,3.25963381734,-31.5793051873,9.385972940619,8.7356182333,17.8816784582,15.8430365837,101.33,107.7,102.25,-26.2531860663,-37.371065855594,10.6367180249,-27.2881598904,25.4731238639,22.455380859,-48.1584710332,1862.083377,0.6,0.3,143.24,35.31,17.24,10.5,116.84,0.06,15.3,409900.0,
201703,,,,17.3,0.854151,1.952781,2.532621,1.1,53.59,16.9,114.75,60.1618,226.0,33029.0,3725.0,180002.1602,45068880.0,0.3,-7.0,7.0,11.0,100.3351,0.041660396,0.7675556598,6.0,-2.09,396.2622,2.549055,6.9,14.5,10.7,10.9,12.6,20300.0,6.8713,6.875,51.6,15.0,0.72,102.1,17.0,0.58,6.3,1.58,7.69,,10.51,13.02,20.37,262.49,11.3,13.1,9966.26,6.89,4.3,22.8403819491,-0.2974549465,0.23619292,4.631734217114,4.650619537758,4.576845811527,0.0,72345.61,-14.379411236,9.367344120786,5.2089234585,5.0388070647,0.6009094952,0.0645424704,0.5232608041,0.5847953216,,15930.56,,3.9392712551,4.2328685259,-1.3123857868,-42.3645320197,61.0239471511,5.306122449,4.279747782477,7.794361194,26.6666659651,9943.0,15.7147,16.411026,67.0,6.9,157349.0,65.4,2672264.0,7.160016138589,13.310143343275,11.966221547213,3.241028629509,87.5670707472,9.385972940619,-36.4399034667,24.852596353,15.8430365837,104.51,105.2,103.14,-1.8433179724,11.790676189461,10.6367180249,-38.4119718726,-12.313372093,22.455380859,-62.0602642126,2024.747872,0.3,0.3,101.51,26.04,9.09,3.17,118.78,1.66,20.54,483197.0,
201704,,,1.4,20.21,0.897882,1.934987,2.440408,1.24,54.35,17.93,113.0716,57.9371,214.9,32026.0,3780.0,196015.1488,40257000.0,0.4,-6.7,6.7,8.7,100.3769,0.026300872,0.814411087,2.93725,10.61,486.77,0.8,7.8,21.4,10.4,,13.0,11700.0,6.8932,6.8993,51.8,15.0,0.72,104.1,17.0,0.57,6.19,0.99,7.5,8.97,9.45,2.18,18.67,45.53,11.13,12.4,12372.86,6.99,4.3,-122.4726256754,0.3187169822,0.3534545455,4.636818066721,4.651011243911,4.581561685536,0.0,73512.4017,-138.860977951,9.230142999272,5.9449157752,6.7804742153,0.5096794298,0.039178288,0.4727011243,0.3875968992,,17128.57,,4.3633973711,3.6542574257,-0.2382022472,-12.8205128205,-25.5474452555,3.187250996,4.168983186412,-10.4850554169,9.7617691002,23132.85478,,16.383288,72.222222,,,,2218215.0,6.984575233314,12.660962636966,9.550686474054,4.004966751071,16.3388824877,9.867445781189,-16.0913018677,-47.752633917,-91.0680466352,110.3,101.22,105.54,114.6713615023,-3.136026817219,61.8456375839,-7.2566576978,-16.2592986185,25.0991732376,-48.9296351452,1286.931702,0.2,0.3,139.8,25.56,-1.1,-16.99,109.79,-7.56,14.05,603284.0,
201705,,,1.4,17.13,1.035828,1.960791,2.473383,1.27,50.9,17.63,113.0145,56.3779,238.6,32086.0,3819.0,83118.1909,43166536.0,0.3,-5.2,5.2,8.7,100.4033,0.0169317144,0.8269046584,10.322581,15.5,-109.39,0.9,7.6,18.8,10.1,9.5,12.4,10200.0,6.8845,6.8931,51.2,15.0,0.72,106.7,17.0,0.76,6.97,1.1,6.74,8.67,10.52,11.91,17.31,368.35,10.74,12.5,7376.66,6.92,4.3,-307.5783892495,-0.1262113387,-0.0898641891,4.640088387367,4.649909298574,4.58537555866,0.0,73359.9929,-8.8453381538,9.305650551781,6.3046230814,6.7225069284,0.3275673979,-0.1101338418,0.3821155193,-1.1583011583,,12174.55,,4.4939455096,3.2334649556,1.0721649485,7.8431372549,97.9841612671,2.1956087824,4.293818368971,13.2961705829,19.1664396539,10317.318248,21.2626,15.710338,64.649682,8.9,14054.3393,,1632748.0,7.600710682654,13.102142302571,10.276252059952,3.669951444228,-21.6702335959,9.834994556091,85.1757983705,55.4539974619,106.5899213064,108.58,87.25,98.44,-28.4672863131,-26.216007549112,-3.1930333817,-33.2077742142,57.3004815409,19.4888760626,-69.2927554373,1079.847637,0.3,0.4,194.47,54.87,18.29,-26.39,107.83,-1.79,11.32,315200.0,
201706,,,-1.3,18.47,1.103869,1.840987,2.354575,1.14,52.16,18.03,110.062,56.9838,284.9,31770.0,3792.0,136530.7832,48637832.0,0.2,-4.0,4.0,7.9,100.4203,0.0174267553,0.8176101828,7.6,17.7,227.07,1.2,6.4,18.5,9.8,10.9,12.9,11000.0,6.8827,6.8633,51.2,15.0,0.72,104.5,17.0,0.46,6.32,1.58,5.62,9.17,10.52,7.3,8.86,445.04,10.45,12.8,9491.18,6.9,4.3,60.7962302374,-0.0261456896,-0.4323163743,4.641723884278,4.647530197154,4.587538660145,0.0,71934.69,-8.3982028867,9.3147003873,5.3770190615,4.3213254294,0.1636835066,-0.2376273601,0.2165442676,0.0,,10999.09,,4.4541792548,0.0258868648,1.5003099174,0.9090909091,12.6331811263,2.1956087824,4.167474802981,-11.8687994069,3.6472565772,11586.056281,18.6758,15.501043,73.245614,9.1,29034.8485,79.6,2096286.0,7.358833991331,12.802984218209,10.637180373434,4.261975403606,2.0613882107,9.721665870784,-21.4847012241,-25.8557810245,43.4660611368,103.54,82.75,95.36,80.7643312102,-16.927226270465,-10.7142857143,-42.6126893351,15.7743785851,15.6694215159,-52.4559404945,1999.616483,0.7,0.8,166.44,39.25,1.7,28.39,106.26,-1.45,1.07,489991.0,
201707,,,-0.4,15.88,1.175196,1.782251,2.266786,1.13,49.89,16.75,112.2574,56.5168,252.2,31974.0,3792.0,154004.4527,50843799.00000001,0.4,-4.0,4.0,5.9,100.4378,0.0224019244,0.7860404828,6.5,8.69,365.12,1.5,5.5,17.0,9.1,10.7,12.9,11100.0,6.8019,6.7744,51.7,15.0,0.72,106.9,17.0,0.51,6.5,1.62,5.53,8.81,10.57,8.52,12.89,423.68,9.55,12.75,12392.92,6.9,4.3,9.3421340929,-1.1739578944,-1.2952952661,4.640458176114,4.646996156356,4.589345635641,0.0,73276.24,-10.970857635,9.642122788402,3.2562164132,2.1594884787,-0.1264907494,-0.0533898224,0.1808609061,0.9765625,,13062.5,,4.4272177419,-0.0275167785,2.1058091286,38.7387387387,11.5942028986,3.4,4.25980899945,9.6731284565,18.0740951995,10805.688056,18.2135,15.503387,64.552239,9.3,41655.1535,62.7,1722243.0,7.366229651659,12.879624077393,10.911819481453,5.168493378712,1.1314833168,9.597641509457,0.7423075767,7.9653179191,31.6055635229,100.57,85.37,97.13,147.5687103594,17.283461316159,-11.664167916,-38.2649052639,1.0922680412,14.3184158648,124.1577335375,1570.004856,0.7,0.7,157.16,70.95,-3.68,-17.84,106.31,0.04,3.39,363300.0,
201708,,,0.1,14.2,1.245691,1.894947,2.361476,1.01,46.17,16.93,110.9059,59.0855,199.7,32215.0,3774.0,150685.22,44926979.00000001,0.4,-4.1,4.1,6.4,100.4603,0.0217001144,0.725886864,6.5,10.33,399.23,1.5,5.5,15.0,9.1,10.7,12.9,15400.000000000002,6.7654,6.7283,51.4,15.0,0.72,105.4,17.0,0.76,7.03,1.5,5.54,8.43,10.78,10.78,16.95,463.45,9.49,12.9,7661.13,6.75,4.3,3.2437442076,-0.5366147694,-0.6805030704,4.640348122738,4.645715022104,4.587764583531,0.0,73873.42,-9.0958011779,9.018574356354,1.3178782161,1.1607102585,-0.011004732,-0.128031395,-0.1579802906,-0.580270793,,9975.0,,4.4157258065,-0.1555129434,2.3692708333,-46.3961038961,78.0629853322,3.006012024,4.216512193696,-4.2372881356,23.0870490082,11780.358958,16.6561,14.917823,70.79646,8.8,54820.4995,63.8,1751294.0,7.443060587305,13.066305064114,11.220722555584,5.510844765399,4.0683741429,9.592263871501,7.9859495212,20.5242735278,36.1930357822,97.84,94.94,97.29,40.8255052662,15.689263856497,-0.5363204345,-31.7320091248,5.0537777778,16.1101205698,271.8021944987,1581.659121,0.8,0.6,157.0,175.65,-2.64,1.69,106.99,0.69,5.65,392238.0,
201709,,,1.2,14.9,1.225293,1.848153,2.35072,1.18,47.66,16.15,112.3937,59.5436,167.0,32697.0,3817.0,166385.4521,51272452.0,0.4,-4.5,4.5,5.4,100.4821,0.0113453043,0.636837047,7.6,13.13,412.18,1.4,5.5,15.3,8.9,11.0,13.2,8255.0,6.6736,6.601,51.7,15.0,0.72,105.1,17.0,0.4,6.53,1.64,5.76,8.61,10.43,6.84,10.34,481.06,9.1,13.1,9463.89,6.69,4.3,8.8116842156,-1.3569042481,-1.8920083825,4.639289447297,4.644990719213,4.58900726691,0.0,74300.03,-7.2332806862,9.296518068217,0.3941390619,-1.342141448,-0.1058115242,-0.0724040646,0.124345583,0.5836575875,,13159.09,,4.3052419355,3.0320792079,2.92541841,32.0411871593,14.8940655634,2.5793650794,4.11404963574,-9.7388055243,7.7483403992,14474.354311,16.8496,15.542253,67.79661,8.5,74661.7025,78.7,1831847.0,7.291247706811,13.454110181018,11.366174375357,5.55725268196,17.4773780145,9.554709914058,-14.0850970757,47.374254879,15.656200982,94.66,99.57,96.75,4.7501617076,47.273936170213,-3.6857552386,-39.0333994261,71.8549580661,13.9792409415,410.4609929078,1707.96962,0.7,0.6,158.02,247.36,2.32,4.6,105.06,-1.81,3.52,472742.0,
201710,,,3.3,13.33,1.221274,1.719965,2.159801,1.06,49.94,16.95,109.9145,58.7306,150.7,32808.0,3830.0,156604.4868,48830440.0,0.4,-5.3,5.3,5.0,100.4935,-0.0089558031,0.5121408387,6.4,8.44,448.5,1.8,6.3,14.0,8.6,10.4,13.2,10900.0,6.5634,6.6369,52.4,15.0,0.72,104.0,17.0,0.47,6.54,1.55,6.32,8.08,10.09,8.76,13.34,384.94,8.94,13.0,11527.78,6.76,4.3,-10.7112597547,-1.651282666,0.5438569914,4.637345949347,4.644677396559,4.585014416344,0.0,75796.84,-20.0624712805,9.449357272447,-1.6203252642,-0.6124771631,-0.194161058,-0.0313273574,-0.3984889737,1.3539651838,,14818.18,,3.9978851964,2.9998019802,2.4081504702,16.5137614679,4.0983606557,3.9682539683,4.295203062775,19.8599062686,27.8872638807,9151.560003,16.6674,15.112273,61.19403,7.9,86350.8887,66.1,1678433.0,7.344572536311,12.602722345184,11.498207927382,5.584060059619,6.5934951859,9.631547587033,5.4772210608,-57.3177838381,14.1146606404,93.81,99.81,99.1,2.716992783,54.393954559103,7.9866770604,-39.1273644073,29.4588593818,12.6794175787,393.8764149193,1467.400441,0.5,0.4,184.13,259.11,4.27,-8.37,104.0,-1.0,7.35,696700.0,
201711,,,2.2,13.5,1.321063,1.933584,2.366924,1.06,52.95,17.43,110.7232,58.0169,201.6,32651.0,3833.0,162781.5,47105568.99999999,0.7,-5.0,5.0,4.1,100.4845,-0.0329404037,0.3630804892,6.0,8.69,400.46,1.6,6.9,14.0,9.0,10.1,13.1,12700.0,6.6154,6.6397,51.6,15.0,0.72,102.9,17.0,0.55,6.22,1.82,6.46,7.77,10.36,7.34,16.05,398.95,9.17,13.2,7544.44,6.68,4.3,-31.6386155921,0.7922722979,0.0421883711,4.635418071146,4.643098718482,4.579979549404,0.0,76343.25,-32.288239979,8.799661696815,-1.9097891522,-1.839121243,-0.1926021038,-0.157743262,-0.5022213243,-1.5267175573,,10683.33,8960.222600000001,-1.5558739255,0.938483965,-1.0026395939,-47.7795275591,1.8271150008,0.78125,4.201656298011,-8.9304572026,8.0894883023,11466.15297,16.0914,14.888994,73.347107,7.9,98539.0236,69.7,1875193.0,7.346922337669,13.087564871862,11.661398597988,5.453439003415,-4.8951411624,9.68607753307,0.2352564306,62.3919264747,17.7261137384,97.78,102.32,104.23,-12.2449746384,46.343020549312,5.6044100276,-43.2943311239,41.1988304094,10.2882353588,356.171875,1547.773207,0.2,0.3,207.21,266.15,4.12,11.72,103.89,-0.11,4.4,297367.0,
201712,,,1.6,12.75,1.428762,2.015939,2.403191,1.08,54.92,16.94,112.9567,57.8716,204.8,32721.0,3835.0,132642.04859999998,55115240.0,0.7,-4.1,4.1,3.6,100.4514,-0.0575402633,0.2007136263,6.6,12.88,273.76,1.9,6.9,13.0,8.9,10.3,13.0,6632.0,6.6186,6.6034,51.8,15.0,0.72,102.7,17.0,0.51,6.06,1.83,5.8,7.33,10.21,5.51,13.04,373.57,8.89,13.0,7850.0,6.62,4.3,34.7859438925,0.0483719805,-0.5467114478,4.634827041675,4.644935942886,4.578546910868,0.0,77092.67,-23.390651413,9.323669057283,-3.2014625229,-4.1109416975,-0.0590854848,0.1838913135,-0.14316128,0.3875968992,,12166.67,9213.3166,2.7019940179,0.4408301158,2.0679245283,68.8781664656,40.9514220992,0.1934235977,4.215209259493,1.3645219181,5.3826194553,11884.843722,15.8842,14.955353,66.796875,8.1,116006.163,59.0,2342567.0,7.287447445121,12.571632005902,11.777240870877,5.469451577701,5.6367470099,9.896865676227,-5.7740808979,-40.3056533444,12.2818759207,98.1,97.34,100.33,1.6141462579,43.380981018026,23.4650758141,-39.3616965758,13.2667976424,8.2397867275,394.5405292769,1551.414443,0.2,0.2,196.66,233.56,3.27,24.92,104.08,0.18,-3.76,482900.0,
201801,,,1.5,12.33,1.619405,2.141864,2.453104,0.95,59.93,16.98,112.9947,58.3311,207.5,32560.0,3815.0,159324.94400000002,44791239.00000001,0.2,-3.1,3.1,3.7,100.3936,-0.0797859625,0.0386937084,6.2,10.93,368.99,1.7,5.8,12.7,9.1,10.0,13.3,11200.0,6.5942,6.5342,51.6,15.0,0.72,102.3,17.0,0.45,6.08,1.84,4.83,7.14,10.02,9.91,13.8,349.67,9.18,13.08,9933.33,6.65,4.3,4.1572942356,-0.3686580244,-1.047944998,4.636214292386,4.647209039835,4.578154527214,0.0,79286.5445,-10.7950458558,8.673170772871,-4.683299124,-5.8065446158,0.1388213389,0.2275682392,-0.0392306681,-0.3861003861,,15000.0,9366.2566,0.5390838207,-0.388252149,-0.8812627291,-47.8214285714,-43.8076923077,0.3891050584,4.325651422875,11.6771756883,14.0586185825,6635.249415,15.8539,14.492229,67.708333,7.8,130253.896,56.5,2352462.0,7.345368145124,13.138846776663,11.89524694208,5.440337626568,-8.9112105308,10.043684183029,5.9630963646,76.3348874643,12.5250942974,98.13,99.02,100.03,-2.8694223233,43.956081310762,15.8143748742,-16.8133318769,24.008294706,7.9061142726,552.8462192014,1461.834518,0.3,0.2,210.01,237.33,0.36,0.42,104.5,0.4,-10.51,288264.0,
201802,,,2.2,13.0,1.74404,2.1868,2.436219,0.91,61.19,16.17,112.9495,57.6002,200.5,32330.0,3820.0,163710.8147,49707196.99999999,0.6,-2.8,2.8,6.4,100.3135,-0.088721857,-0.1102306172,6.1,14.3,384.33,1.8,4.9,11.8,8.1,10.2,12.7,5844.0,6.4364,6.3339,51.3,15.0,0.72,103.1005,17.0,0.52,,1.45,4.42,7.15,,9.89,9.61,541.97,8.24,12.5,21142.86,6.39,4.3,40.1139645617,-2.3930120409,-3.0654096906,4.637858068131,4.650079496042,4.577599585962,0.0,80961.8214,35.8948696091,10.275051108969,-6.6078528106,-7.6529422056,0.1645127485,0.2874579911,-0.0554787301,-0.5813953488,,26714.29,9741.4506,1.2188646788,0.0105180322,0.5990612329,396.2354551677,42.8571428571,0.0,4.146862594645,-16.3717519996,-5.6189641791,11428.461319,15.8284,14.081822,75.614754,7.5,146568.3193,63.9,2589477.0,7.513037308009,13.112611986761,12.040064195909,5.193512252182,-19.3180476517,10.043684183029,18.2545316043,-2.5893647577,15.5828327766,97.89,96.61,99.76,-21.8722887385,69.753577106518,15.8143748742,-9.5310199689,2.473318336,7.6637381871,591.6282642089,1549.005119,0.4,0.3,213.92,230.52,-0.03,10.08,103.12,-1.32,-11.75,508310.0,
201803,,,-0.4,11.67,1.896015,2.520975,2.731449,1.05,66.23,17.13,110.77,56.2914,206.3,32299.0,3822.0,206541.7012,49040139.00000001,1.0,-0.8,0.8,-0.3,100.2245,-0.0947872027,-0.2464710506,6.2,8.09,538.5,1.5,4.3,15.0,8.6,9.4,13.2,28999.999999999996,6.3162,6.3294,50.3,15.0,0.72,100.4417,17.0,0.57,6.18,2.53,3.73,,9.89,13.36,10.88,-36.88,8.62,12.8,9335.0,6.33,4.3,-65.9814298979,-1.8675035734,-0.0710462748,4.641544544422,4.648625191092,4.578771794384,0.0,81556.9968,-62.3662099143,9.035153304083,-8.0785295359,-7.936,0.3693279702,-0.1453247961,0.1172895726,-1.9493177388,,10406.0,10371.501,0.9858606318,-0.1992359278,0.1927838753,-71.0586206897,-28.264957265,-2.519379845,4.19970508288,5.4263573124,-7.6923069467,5769.490608,14.9312,13.433579,63.235294,7.0,169407.8154,89.0,2653255.0,7.301229936086,13.829908409661,12.040064195909,4.697658205423,-32.0094825568,10.043684183029,-19.0879458109,104.8886393563,15.5828327766,100.97,96.61,103.15,-39.0949472515,-38.466632232773,15.8143748742,15.167084601,68.1632531279,7.6637381871,329.1471048513,1831.768748,0.5,0.3,174.19,180.1,-0.71,2.46,102.48,0.0,-13.73,495148.0,
201804,6.0,11.0,-0.8,10.07,2.033837,2.650263,2.903078,1.19,63.46,16.58,107.9,55.6717,210.1,32274.0,3816.0,174967.80990000002,49221291.00000001,1.4,-1.0,1.0,-1.1,100.1295,-0.0993713141,-0.3718005285,15.434501,22.04,183.19,2.9,3.7,8.5,8.8,,12.8,8393.0,6.322,6.2881,51.5,15.0,0.72,100.516,17.0,0.57,6.21,2.51,3.1,7.04,9.78,12.14,12.26,288.8,8.8,12.83,11909.44,6.36,4.31,75.7956220318,0.0918273646,-0.6525105065,4.643188253176,4.64639849795,4.578831344106,0.0,81463.0606,-394.396197093,9.323669057283,-8.2864272036,-8.8588697404,0.1645060383,-0.2224215899,0.0059551495,2.3856858847,,16190.0,10662.7846,0.6390519244,-0.4602123587,-0.2726617438,33.4445371143,9.8039215686,-0.5791505792,4.244156844799,4.5454544773,7.8071350761,26850.254631,,13.388316,66.666667,,,,2456157.0,6.600195124068,13.145732187325,9.591009833186,5.485294734878,43.2547027679,10.214715238563,-50.392830286,-49.5494341066,-91.3624772473,106.35,96.42,105.33,119.8194912936,-24.230453986613,18.6527596697,-31.9127427974,62.3800761421,4.1147384282,339.4386732276,1482.121722,0.3,0.2,118.68,109.69,10.73,-7.43,99.57,-2.84,-9.31,1014502.0,6.0
201805,8.5,10.9,-1.0,7.18,2.088245,2.560939,2.744533,1.07,64.17,16.47,106.0,57.2649,195.0,32086.0,3810.0,153156.8803,44523530.0,1.5,-1.6,1.6,-1.1,100.03,-0.1119764071,-0.5002076273,-2.119883,24.24,322.04,2.1,3.1,7.1,8.2,9.7,12.8,11200.0,6.2975,6.3393,51.4,14.0,0.72,98.1,17.0,0.37,6.44,1.96,3.5,7.53,10.06,7.25,16.83,262.42,8.49,12.8,11464.29,6.3,4.31,-117.9915538442,-0.38753559,0.8142364148,4.640507406598,4.641814506166,4.577270586508,0.0,81424.34300000002,-125.5163605936,9.375854810454,-8.5263998838,-8.0341210776,-0.2677256318,-0.4573501329,-0.1559540249,-0.1941747573,,13275.0,10869.6819,0.0419107032,-0.80621178,-0.8072215422,5.3571428571,7.2727272727,0.390625,4.232588672113,-1.1501518646,-5.9392839549,10199.485838,11.34,12.690308,69.69697,9.9,14632.6386,,1475512.0,7.16060350617,12.875423936324,10.311895054222,5.832058414885,46.4577292327,10.158982120735,75.1387589617,-23.6855781893,105.625264332,115.05,105.96,108.18,41.4482415395,41.670735960935,-5.4208482895,-35.6032600777,-20.2854746312,3.6285820468,768.9426751592,735.238638,0.2,0.2,182.75,241.12,-9.63,-39.93,98.03,-1.54,-9.08,511822.0,4.1
201806,9.6,10.5,-0.3,7.0,2.24025,2.793666,2.94092,0.99,68.79,16.65,107.52,61.9997,233.5,31887.0,3813.0,105798.44610000002,51309932.0,1.1,-2.3,2.3,-2.3,99.91799,-0.1346404186,-0.6514877865,6.0,5.3,-57.94,1.8,3.4,7.2,8.3,10.1,12.7,11800.0,6.3758,6.4144,51.9,14.0,0.72,102.7,16.0,0.65,6.95,1.78,3.95,7.44,9.49,10.46,17.19,339.05,8.53,12.8,11650.0,6.39,4.31,-552.4853296514,1.2433505359,1.1846733867,4.637502807536,4.640470725291,4.575151087827,0.0,80305.457,-28.1962094654,9.350102314351,-7.3648422857,-6.5405854327,-0.3000089771,-0.1342878406,-0.211725413,0.9727626459,,12428.57,11533.9193,-0.4212180519,-0.7034612325,-1.2311162181,-2.5423728814,3.6036036036,1.3671875,4.160350131718,-6.9691046924,-0.7099350961,11424.568351,8.34,12.652969,68.895349,10.4,30088.4018,21.8,2168570.0,7.170512758438,12.977293673753,10.64998727378,6.089044875447,-0.3342196617,10.151050508391,0.9958511482,10.7239230505,40.2269814145,107.09,103.43,93.08,29.3027619774,38.345408564301,-0.7900240105,-17.1651428319,19.04238921,1.2889259909,521.5644820296,1287.687826,0.4,0.4,247.09,341.06,3.45,46.97,98.13,0.1,-7.65,390594.0,3.9
201807,9.5,10.5,1.2,5.43,2.22933,2.681443,2.833233,1.08,73.43,16.49,109.7,62.5937,226.6,32156.0,3823.0,135097.3,49850235.00000001,0.6,-2.8,2.8,-1.4,99.78346,-0.1614696464,-0.8341205431,7.0,16.5,262.17,1.8,4.1,6.0,8.3,9.4,12.6,11500.0,6.4556,6.6166,51.5,14.0,0.72,100.2,16.0,0.52,6.49,1.92,4.54,7.02,8.94,9.92,21.55,279.77,8.25,12.45,15161.54,6.45,4.31,-10.6877217073,1.2516076414,3.1522823647,4.633312451434,4.639790912329,4.574843959352,0.0,82035.1593,-41.3495979761,9.820105943597,-5.0912245108,-2.3293575815,-0.418158881,-0.0679581941,-0.0307081316,-0.7707129094,,14850.0,12087.7102,-0.7120254692,-0.7179348488,-1.4397033425,60.0,19.4805194805,-0.3868471954,4.170994968697,1.0701694824,-8.4984277462,10987.350539,7.63,12.199076,64.09396,10.3,42192.0576,35.8,1914369.0,7.332074342971,12.787329705552,10.940385642577,5.971363875401,-23.512943235,10.110542371501,17.5344838993,-17.3011068694,33.6959985094,104.19,103.6,97.29,-11.1020408163,4.632432660762,-3.9698649387,-3.3578600657,-8.8163309011,2.8978086929,123.1938514091,1300.51128,0.6,0.5,262.61,441.0,11.16,-11.72,99.25,1.14,-6.64,432481.0,3.9
201808,9.5,10.0,0.8,6.67,2.311172,2.72565,2.874159,1.12,71.98,16.54,110.03,62.7565,217.5,32129.0,3822.0,140841.2,50687750.0,0.7,-2.5,2.5,-3.4,99.62234,-0.1784941008,-1.0326018266,6.8,18.19,234.15,1.9,4.7,6.6,8.0,8.5,12.7,18400.0,6.7034,6.8165,51.2,13.5,0.72,100.6,16.0,0.4,6.34,1.91,4.41,6.11,9.08,10.31,16.95,375.52,8.21,12.7,11937.84,6.69,4.31,74.6999786462,3.8385277898,3.0211891304,4.629171828206,4.638560473657,4.577302463066,0.0,81170.6899,-0.7569508467,9.581903928409,-0.9164277057,1.310880906,-0.4132062667,-0.1229681992,0.2461528312,-0.5825242718,,10830.0,12958.557,-1.1114071774,-0.7129015593,-1.0407582842,-21.1956521739,75.651120533,-0.3891050584,4.239156269279,7.0537972951,2.2902398807,11396.18357,5.02,11.76127,64.779874,10.2,56409.0927,51.6,1889414.0,7.392276387821,13.453746974547,11.253419771692,6.003640123038,20.3310411648,9.950275714035,6.2051106825,94.7248341288,36.7568204124,100.98,103.21,96.92,3.2802775227,20.983244577218,-14.8083411243,-4.9516236712,47.3207373155,3.3237644159,63.6885510996,1528.549221,0.8,0.6,222.26,392.04,7.89,-1.3,98.51,-0.74,-7.93,357657.0,5.0
201809,9.0,9.7,-0.7,5.25,2.428388,2.833104,2.957507,1.03,72.67,15.72,111.42,62.7805,205.8,32282.0,3793.0,139480.19999999998,51079375.00000001,0.7,-1.8,1.8,-4.3,99.44452,-0.1810054491,-1.2229447676,6.0,12.06,409.06,2.1,4.6,5.1,8.5,9.0,13.2,14499.999999999998,6.8433,6.8246,51.3,13.5,0.72,100.4,15.5,0.46,5.98,2.2,3.99,6.0,8.74,10.27,18.15,275.22,8.45,13.15,12681.82,6.83,4.31,-32.8020339315,2.0870006265,0.1188293112,4.624867905821,4.635988389026,4.581988556288,0.0,81487.4594,-38.7112597547,9.457200449908,2.5428554304,3.3873655507,-0.4294673784,-0.2568779656,0.4697090128,0.1953125,,12314.29,13540.7745,-1.431804915,-0.8961930534,-0.6994136998,-11.724137931,17.4311926606,-0.7736943907,4.101493348649,-12.8607629362,-1.2477785823,16787.341877,3.31,11.485086,69.349315,9.7,77143.2816,67.1,1874181.0,7.448510780599,13.434785866182,11.407448611434,5.954748694171,7.6155903877,9.771326648934,5.784560605,-1.8782477346,16.652452856,98.37,103.92,97.42,-4.7715485305,10.827152531441,-16.3851512549,17.0303449568,-1.9138797187,4.213785816,48.8093859751,1623.397392,1.1,0.7,226.59,404.9,2.31,-0.81,97.36,-1.17,-7.32,696447.0,6.5
201810,9.5,10.4,1.5,4.07,2.442257,2.739279,2.857222,1.14,71.08,14.99,111.06,68.0821,237.0,32288.0,3747.0,120455.9,51810255.00000001,0.9,-1.1,1.1,-4.3,99.26452,-0.1712797281,-1.3832979216,6.0,18.25,274.88,2.3,4.1,3.9,8.2,8.8,13.2,12800.0,6.8445,6.8792,50.8,13.5,0.72,101.0,15.5,0.5,6.04,2.47,3.5,5.43,9.06,8.78,15.85,192.27,8.21,12.6,12771.43,6.84,4.31,-4.3327997672,0.0175353996,0.8000468892,4.620720648376,4.631698186394,4.586577406531,0.0,82486.1104,-34.3330170304,9.532423871145,4.2828412103,3.6508008257,-0.4138669449,-0.428101286,0.459939514,-0.9746588694,,15000.0,14120.8414,-1.6487863356,-1.289534345,0.1564212292,7.8125,8.6614173228,-3.0534351145,3.76184846361,-28.7976872062,-41.3366255877,12861.152048,1.8,11.516139,60.430464,10.2,89989.5302,57.4,1589544.0,7.488184186855,12.644379188033,11.537359770056,5.50500627979,-4.9028879028,9.886087037856,4.0470907408,-54.6339735954,13.8727212735,97.17,103.58,98.78,-36.2207583381,-1.125841409787,12.1604656471,15.4435696986,4.253666345,3.9928377167,-7.6009768927,1717.303798,1.2,1.1,252.34,385.58,-5.3,-15.19,95.66,-1.74,-8.02,683366.0,7.0
201811,9.0,9.8,1.9,4.4,2.604772,2.929365,3.050696,1.17,75.36,14.27,111.95,65.5906,251.3,32637.0,3609.0,121554.2,51180448.99999999,1.3,-0.8,0.8,-5.3,99.0945,-0.1593933064,-1.5080426953,6.1,14.48,262.97,2.5,3.6,4.0,8.3,9.0,13.2,13799.999999999998,6.9264,6.9646,50.2,12.5,0.72,104.1,15.5,0.45,5.82,2.45,3.27,5.27,9.12,11.3,14.91,353.85,8.28,13.2,8492.31,6.92,4.31,15.0815682397,1.1965811966,1.2414234213,4.616001316942,4.625831268236,4.590920134571,0.0,83307.62610000002,10.5457334892,8.849370503755,4.7011518578,4.8932933717,-0.4708212888,-0.5849741402,0.4352171348,-1.1811023622,,10412.5,14422.9842,-1.9229463186,-1.7119222226,1.1000652225,-49.4927536232,5.0965018094,-2.7131782946,3.813863235395,5.3391302869,-32.1447253333,13139.998715,0.66,11.208433,43.027888,10.1,102473.5269,33.2,1789871.0,7.41396968802,12.806953758272,11.689503682823,5.218516296344,-3.9223699883,9.971379818579,-7.1527483793,17.6536049752,16.4327786009,101.6,103.91,104.56,-24.910540013,-0.114516304941,8.9035868736,6.934611089,-24.4677987161,2.8503758891,-20.9368042473,1786.804641,1.5,1.4,240.76,245.92,-4.55,12.6,95.51,-0.16,-8.06,310016.0,7.3
201812,9.7,10.6,1.6,3.1,2.681222,2.979398,3.154971,1.3,76.73,14.6,112.78,65.7742,211.9,32761.0,3451.0,94202.9,50650208.0,1.2,-0.5,0.5,-6.5,98.93655,-0.1375325903,-1.5868740637,5.8,14.12,302.63,2.5,3.3,2.7,8.0,9.2,13.1,6970.0,6.9351,6.9357,50.0,12.5,0.72,107.0,14.5,0.47,5.9,2.38,2.67,5.43,8.79,9.53,13.04,353.09,8.08,12.7,11306.67,6.97,4.31,8.9581336946,0.1256063756,-0.4149556328,4.610495978743,4.620230212361,4.593841255303,0.0,84417.3612,-10.6371446381,9.43348392329,4.7819780618,5.0322561105,-0.5490211596,-0.5585399206,0.2925391362,-0.3984063745,,13870.0,14425.5154,-2.4037448755,-2.4403041803,1.5411901476,79.3400286944,11.6071428571,-3.4749034749,3.929660152509,12.2767834046,-24.8398568608,14340.999238,0.26,10.789977,45.325203,9.9,119312.7747,48.1,2060478.0,7.339016607067,12.830692025013,11.798982619958,4.585477552642,-6.2824152427,10.135868309203,-7.221298381,2.4022262128,11.5696570922,107.81,109.9,106.11,-46.9024152496,-11.384754366343,17.8790002336,5.2922005909,29.571156995,2.197982316,-58.6862175031,1658.999001,1.0,0.9,219.91,184.66,-12.04,15.12,95.34,-0.18,-8.39,364745.0,8.5
201901,9.6,9.9,-1.4,2.0,2.699989,2.847672,2.998445,1.24,62.32,14.35,113.38,66.6342,211.1,32358.0,3330.0,118010.3,54860310.0,1.4,1.0,-1.0,-6.6,98.80048,-0.1014772398,-1.6082381733,5.9,17.01,329.74,2.2,2.7,1.5,8.0,8.6,13.1,12500.000000000002,6.8853,6.8632,49.4,12.5,0.72,109.4,14.5,0.33,5.49,2.04,1.42,5.75,8.14,4.69,7.25,504.07,8.18,12.95,7438.46,6.91,4.31,26.9454721902,-0.7180862569,-1.0453162622,4.605464142779,4.616740985351,4.595666165524,0.0,86008.0323,8.914214347,9.287301413112,4.4144854569,5.0350463714,-0.5019197485,-0.3483146731,0.1826576383,-1.2,,11712.5,14242.5979,-3.0282172809,-3.0008581551,1.7665865992,-13.6,84.8049281314,-4.2635658915,3.889229986966,-3.9623770478,-35.3654724579,7141.282611,0.92,10.307183,50.88968,9.7,133116.8536,51.1,2046840.0,7.526761913089,12.988127736855,11.909039855062,4.880374736929,3.1656108158,10.268894263398,20.652618126,17.0505505921,11.6341962578,107.05,109.09,99.3,34.298827129,0.364117216463,14.2279644895,19.888716972,-13.9910684425,1.3888474056,-42.8769737984,1539.197733,1.0,0.5,219.58,98.05,-12.99,-0.66,96.7,1.42,-7.47,373507.0,8.5
201902,9.5,9.65,-3.7,2.25,2.569075,2.502994,2.699723,1.09,53.96,14.77,112.57,69.4706,199.4,32312.0,2921.0,63867.3,51479530.0,0.8,1.6,-1.6,-8.0,98.70022,-0.0453697064,-1.5655453507,5.4,3.43,418.59,1.9,0.9,1.5,8.1,8.1,13.5,10800.0,6.7897,6.7025,49.5,11.5,0.72,107.5,14.5,0.49,,1.83,0.2,5.95,,-0.74,-10.3,386.31,8.21,11.65,29872.73,6.85,4.31,35.6936381662,-1.3884652811,-2.3414733652,4.602587854639,4.615424431051,4.595893288328,0.0,86622.0845,5.47818013,10.382822509211,5.489093282,5.8194793097,-0.2872155586,-0.1315688023,0.0227148599,0.2024291498,,35100.0,15069.5133,-3.4655468106,-3.4061455179,1.8462057183,199.0740740741,11.3793103448,-3.5087719298,3.858913177932,-2.9861863667,-25.0200481396,12302.328936,1.19,10.259731,48.873239,9.7,148603.9296,40.1,2173485.0,7.699972063393,12.726944635142,12.053238208409,4.994776878162,-20.363643208,10.268894263398,18.9115971912,-22.986010723,15.5113206374,102.73,104.94,95.96,12.120291616,-0.936548817607,14.2279644895,20.5548626927,-32.0003312141,1.3261172129,-18.0233203776,1857.082363,1.0,0.5,212.05,131.68,-16.06,6.19,96.59,-0.11,-6.33,437192.0,8.75
201903,,9.9,-1.9,1.83,2.507064,2.43706,2.614579,1.01,56.58,15.62,108.92,66.0987,200.9,31591.0,2724.0,39122.3,48206792.99999999,0.3,1.4,-1.4,-6.0,98.65544,0.0132278565,-1.459120439,5.7,-5.94,568.0,1.7,0.1,0.4,8.4,8.160814,13.4,32300.0,6.7364,6.6901,49.2,11.5,0.72,105.3,13.5,0.45,5.56,1.35,0.23,,8.01,-7.54,0.06,193.69,8.41,13.5,9550.0,6.69,4.31,-32.5035211268,-0.7850125926,-0.1850055949,4.603368564041,4.616821050312,4.595430912861,0.0,88617.1293,109.2799825318,9.089076284483,6.6527342389,5.6988024141,0.0781014236,0.1397594988,-0.0462268588,-0.6060606061,,13462.5,15081.689600000002,-3.7456462792,-3.1303708399,1.6798655368,-72.5758513932,5.5403312284,-2.1868787276,4.077179295032,24.3918051441,-11.5316909423,9281.464384,1.79,10.851788,47.413793,9.5,171654.3616,29.1,2233108.0,7.305124668347,13.92030471327,12.053238208409,5.15051317178,9.4850508154,10.268894263398,-32.6217145995,229.8144633634,15.5113206374,105.02,104.01,102.23,16.8518016798,59.521759717619,14.2279644895,0.3902326586,9.4607994859,1.3261172129,57.2796061628,2208.286299,0.8,0.3,203.75,147.64,-15.84,2.74,96.55,-0.04,-5.78,336699.0,
201904,7.0,10.4,0.3,3.5,2.526161,2.542048,2.721176,0.94,61.13,15.82,110.35,65.757,217.9,30793.0,2731.0,72277.9,46168934.0,0.2,1.9,-1.9,-4.0,98.66849,0.0557118083,-1.3061481556,6.797753,4.48,383.38,1.5,0.1,2.0,8.0,,13.4,8858.0,6.7093,6.7335,50.5,11.5,0.72,103.2,13.5,0.47,5.98,2.33,0.46,5.76,8.19,8.42,-0.86,153.09,8.21,13.4,12736.61,6.68,4.31,-92.2818091711,-0.4022920254,0.6487197501,4.602314111287,4.616283206992,4.594987518147,0.0,89381.02249999998,-90.8117004099,9.735068900911,6.1262258779,7.0832206867,-0.1053897015,-0.0537698709,-0.0443296429,2.6422764228,,18444.44,15124.6511,-4.0050060168,-2.9666343598,1.6287390722,90.7879882592,50.8928571429,-1.9417475728,4.158099072979,8.4283909596,-8.2458778337,35668.359532,,10.645691,58.978873,,,,2021089.0,6.804289265399,12.934193552781,9.554082192456,5.481138798384,-2.0804943535,10.43049159703,-39.3975826199,-62.6975493524,-91.7845693704,109.26,102.74,104.04,39.1838627406,9.038597334696,17.5386857262,22.6413604232,-19.0661987957,-3.6254131227,-0.4147312541,1487.905445,0.6,0.2,191.81,172.52,-17.71,-9.49,96.68,0.13,-2.9,1110482.0,8.0
201905,11.0,10.17,0.8,4.22,2.368804,2.235791,2.410946,0.84,63.79,15.3,111.21,64.7347,210.3,30556.0,2726.0,42831.9,39481803.00000001,0.2,1.6,-1.6,-5.6,98.72346,0.0710368133,-1.1253228773,3.360717,-13.34,29.59,2.3,0.4,4.6,8.6,8.2,13.7,16900.0,6.7151,6.7286,50.1,11.5,0.72,109.6,13.5,0.83,6.54,2.55,0.63,6.29,8.71,1.82,-4.57,380.36,8.51,13.67,12846.15,6.68,4.31,960.0540723217,0.0864471703,-0.072770476,4.600190809444,4.611281473969,4.595936688149,0.0,89609.49949999999,-641.370383155,9.230142999272,6.6312028583,6.1410565835,-0.2121049232,-0.4989245185,0.0949620606,-0.7920792079,,17720.0,15152.498200000002,-3.9514695903,-3.0071607328,1.8841402344,-39.6449704142,-13.5593220339,-2.5291828794,4.17993257393,2.2073596021,-5.129378182,7640.641862,2.5,11.162117,63.949843,11.6,14102.145,,1219497.0,7.445464589474,13.061691504472,10.303234375705,5.479096067084,3.7227695487,10.336081328033,89.871116934,13.5982541395,111.5205949166,116.46,101.23,106.59,-0.2040646343,-22.777818811499,-9.0090621956,32.9577314805,20.4744568529,-0.8623282876,-29.7396352548,901.706668,0.5,0.3,231.23,240.12,-17.35,-39.66,96.93,0.25,-1.13,414237.0,5.5
201906,11.0,10.6,0.4,3.67,2.351041,2.283825,2.521399,0.77,68.58,15.06,111.66,64.6917,211.7,30053.0,2718.0,69353.90000000001,47003206.0,0.5,2.1,-2.1,-5.1,98.79359,0.0671501056,-0.9255341517,8.5,3.25,313.67,2.5,0.9,2.9,8.5,8.7,13.5,10200.0,6.8524,6.8992,49.4,11.5,0.72,102.2,13.5,0.25,5.54,2.67,0.59,6.37,8.56,-2.66,-3.36,249.93,8.54,13.5,12078.57,6.85,4.31,-58.3192527178,2.0446456494,2.5354457094,4.597566349961,4.608172674006,4.598167725891,0.0,87936.4276,-50.1315940039,9.375854810454,7.4751403745,7.5579945123,-0.2621018599,-0.3103972648,0.2233528359,-1.3972055888,,13925.0,15339.7019,-3.9149508017,-3.1782039537,2.3283564864,15.6862745098,2.6086956522,-4.816955684,4.035044827979,-13.4880599184,-11.7772485894,19584.395529,2.95,10.805548,65.361446,11.8,29828.941,27.5,2019443.0,7.443869297435,12.816984299278,10.647457399381,5.571431337637,9.069460976,10.094479743833,-0.1594020237,-21.7066256381,41.0893263023,116.23,108.53,99.8,9.6732462546,-15.491740003088,-21.4630981346,31.4368785021,-14.8119801795,-0.2526676964,-40.4058956916,1712.080522,0.6,0.5,215.26,239.63,-6.88,65.6,97.89,1.0,-0.25,470566.0,4.25
201907,11.5,10.5,0.1,3.13,2.17727,1.939174,2.160669,0.7,66.83,14.66,109.85,65.0583,231.7,30123.0,2597.0,100076.2,48781156.0,0.9,2.7,-2.7,-4.1,98.85993,0.0619259997,-0.7038481529,5.4,0.67,130.74,2.7,0.6,3.4,8.5,7.2,13.4,11800.0,6.882,6.8747,49.4,11.5,0.72,103.9,13.5,0.5,5.31,2.7,0.14,6.14,8.27,-2.25,-2.5,403.76,8.57,13.4,16833.33,6.9,4.31,214.7085819183,0.4319654428,-0.3551136364,4.593475063872,4.603033905766,4.597981408534,0.0,88699.9827,75.7206918642,9.717157974345,6.6051180371,3.9007949702,-0.4082928181,-0.5125587359,-0.0186300001,0.0,,19914.29,16106.1926,-3.9054311832,-3.6089669222,2.3407196363,40.6779661017,-9.7826086957,-4.0776699029,3.954796821904,-7.7112563689,-19.4424336176,8732.827504,2.97,11.025001,56.545455,11.9,42085.4519,20.6,1574877.0,7.443845391006,12.939252709344,10.924463529724,5.504355449959,-4.55763422,9.970117634834,-0.0023906143,13.0057379852,31.9174458003,116.03,111.36,99.83,-6.4875765762,5.45141365343,-11.6939980999,11.8256804241,16.4070603959,-1.579602609,-37.3125191307,1709.351431,0.6,0.5,234.92,262.81,-17.73,-22.01,98.2,0.31,-1.06,368422.0,2.5
201908,10.5,10.85,-1.8,4.46,1.929995,1.764643,2.015464,0.43,59.76,15.04,108.06,63.0756,262.6,29945.0,2367.0,89647.0,45703948.0,0.7,3.1,-3.1,-5.0,98.92115,0.0493726569,-0.477180643,5.0,-3.27,411.45,2.7,0.0,4.4,8.5,8.6,13.0,16600.0,6.8752,6.8841,49.7,11.5,0.72,103.4,13.5,0.67,5.8,2.67,-0.13,5.51,8.39,-1.83,-8.26,396.22,8.46,13.0,12423.53,6.84,4.31,20.6683679669,-0.0988084859,0.1367332393,4.590214911272,4.599525283463,4.596060821424,0.0,89647.511,21.3733926563,9.2686092801,2.5628785392,0.9917112888,-0.3254844072,-0.350247428,-0.1918743963,0.6072874494,,14757.14,16452.3768,-3.8207854791,-3.8283134453,1.8935401643,-36.1445783133,-26.8965517241,-2.9296875,3.934641096955,-1.9953956197,-26.2519161148,11855.458761,2.6,11.193424,52.18509,11.2,55518.0532,-4.4,1561172.0,7.511928722565,13.25519527544,11.235663457254,5.518215657697,-7.0335111406,9.668587665523,7.0454507405,37.1551479807,36.5062107401,114.38,113.27,98.58,1.3956705729,-18.529353874783,-26.0314341847,12.7104928231,-18.0082619352,-1.7599600015,-38.4564089899,1709.310567,0.7,0.4,224.36,245.76,-17.37,-0.87,98.07,-0.13,-0.45,416338.0,2.5
201909,10.5,11.0,-0.4,3.4,2.032014,1.841685,2.013562,0.22,61.48,15.79,108.24,63.3791,274.3,29865.0,2260.0,81570.3,44008404.0,0.7,3.6,-3.6,-4.8,98.96999,0.0305547166,-0.2662482023,6.3,-3.84,496.49,2.8,-0.3,3.1,8.1,9.8,12.6,10600.0,7.0214,7.0879,49.5,11.5,0.72,105.1,13.5,0.36,5.36,2.62,-0.88,5.77,7.91,2.03,-5.93,440.23,8.07,12.4,11571.43,6.99,4.25,-11.3476605773,2.1264835932,2.9604450836,4.58898389187,4.597994502239,4.593124932316,0.0,89290.8094,60.1244179278,9.400960731585,2.6025455555,3.8581015737,-0.1230262009,-0.1529610176,-0.29315836,-0.4024144869,4.85,16070.0,16986.1978,-3.5247815212,-3.7281173822,1.1198616292,14.1509433962,-5.46875,-3.5087719298,3.84149285293,-8.8941568684,-22.8948796422,16736.899827,2.95,10.848681,51.143791,10.9,75785.5907,-12.0,1727910.0,7.502544351921,13.564441956608,11.393949503936,5.454850919363,3.9335405159,9.772239265926,-0.9340474856,36.2398407086,17.1501250831,109.81,111.63,96.0,-6.1398932541,-21.316858743206,10.9213937899,5.5520036764,13.843679668,-1.3408403148,-39.3407334405,1829.739201,0.7,0.3,214.17,249.19,-7.8,10.68,98.08,0.01,0.73,571029.0,3.0
201910,10.3,10.5,-4.9,3.64,1.751543,1.395419,1.514826,-0.03,57.67,17.22,106.27,66.4897,308.7,29616.0,2218.0,92545.8,46078220.99999999,0.5,4.2,-4.2,-5.0,99.00023,0.0141615833,-0.0809833038,4.8,-0.45,440.15,2.8,-0.8,3.4,8.2,7.6,12.4,12100.0,7.0785,7.0729,49.8,11.0,0.72,103.8,13.5,0.45,5.23,2.84,-1.31,5.63,7.77,-2.57,-4.71,333.35,8.19,12.45,14214.29,7.1,4.2,-21.1268885607,0.8132281311,-0.2116282679,4.589191199252,4.598608706486,4.588903599524,0.0,91141.6105,32.0150587519,9.735068900911,3.4188034188,2.8157343877,0.0207328872,0.0614392909,-0.421243549,0.6060606061,4.85,18109.09,17238.7438,-3.1037579061,-3.2548011799,0.2328900679,39.6694214876,22.4637681159,-1.968503937,3.896871194301,5.6940423327,14.4562800758,8086.072901,2.91,10.676172,46.594982,10.6,88782.9143,-22.7,1527912.0,7.390236681021,12.672149826356,11.531242294898,5.415566926598,-24.170320672,9.996841274269,-10.623077159,-59.0284445781,14.7163978599,110.73,113.95,100.84,-3.8522382316,-37.258690212106,25.1824401368,-9.3303501219,2.8159836912,-0.6098801504,-8.5556278465,1812.648568,0.6,0.4,231.87,233.89,-3.88,-11.57,98.06,-0.02,2.51,777969.0,3.5
201911,10.3,10.5,0.5,3.7,1.802483,1.558771,1.686947,-0.07,60.04,18.16,107.48,64.4156,294.8,29809.0,2193.0,91111.6,44020064.99999999,0.3,5.4,-5.4,-5.1,99.01425,0.0097763706,0.0883192309,4.4,-3.08,347.16,3.0,-1.2,3.4,8.4,7.5,12.5,16900.0,7.0702,7.0533,49.3,11.0,0.72,103.0,13.0,0.8,5.33,3.35,-1.58,5.45,7.94,-2.89,-8.23,419.17,8.41,12.3,8178.57,7.15,4.2,12.5648116142,-0.1172564809,-0.2771140551,4.585697824148,4.598475828695,4.5846480399,0.0,92679.6479,29.127978059,8.796792687675,2.0761145761,1.2735835511,-0.3487280368,-0.0132868963,-0.4246517561,-1.0040160643,4.85,9791.67,17945.452699999998,-2.9848944989,-2.6984668069,-0.6252466143,-60.8698224852,-5.1219512195,-1.7928286853,3.961678604525,6.6953520256,15.9298834249,13045.181985,3.19,10.666387,49.24812,10.5,101848.5612,6.8,1652908.0,7.496989960003,13.61358896935,11.688377923435,5.343434125351,2.8856470064,10.122181217777,11.2659704077,156.3668249955,17.0154309455,111.62,109.86,100.8,-6.9592671647,-32.812869647504,13.3533725008,8.6563835128,124.0356961713,-0.1125125959,13.3055344958,1620.089512,0.6,0.3,187.92,224.88,-7.65,7.87,98.03,-0.03,2.64,318746.0,2.8
201912,10.3,10.8,,3.56,1.590957,1.525699,1.691612,0.02,57.27,17.65,108.12,63.8734,286.5,28716.0,2163.0,84288.3,44629052.99999999,0.2,5.9,-5.9,-4.7,99.02393,0.0267208138,0.2529441153,5.8,-5.51,390.78,3.8,-1.6,3.3,8.4,7.8,12.4,6613.000000000001,7.0177,7.0298,50.2,11.0,0.72,102.0,13.0,0.38,5.15,4.31,-1.36,5.4,7.83,0.6,-1.77,449.24,8.44,,12562.5,7.03,4.15,8.2655202416,-0.7425532517,-0.333177378,4.573537093894,4.595346087167,4.581885182251,0.0,92699.2808,28.3071510887,9.539644119119,1.191042667,1.3567484176,-1.2087087393,-0.3124848992,-0.275904447,1.8255578093,4.8,15718.75,18061.3011,-3.6284242147,-2.4577067577,-1.1884883209,110.1920459701,11.2,0.4,4.031606215354,7.2430546086,10.7323744225,17612.440695,3.44,10.581898,52.545455,10.5,119178.5328,18.1,1930637.0,7.388364156383,12.760739062655,11.799987439201,5.229556610977,5.0159127844,10.172751039464,-10.2933966436,-57.380142665,11.8076184271,112.66,104.5,100.93,-10.763274865,-24.712978470351,5.187030415,5.058541754,-6.7562321456,0.1005324242,90.4232534421,1802.608317,0.5,0.3,185.0,209.23,-6.3,16.8,97.66,-0.38,2.43,817159.0,2.5
202001,10.1,10.8,,3.8,1.673735,1.642684,1.798233,0.17,60.4,17.17,108.79,64.0817,278.1,29753.0,2147.0,59489.2,46648756.0,0.2,5.0,-5.0,-4.3,99.05039,0.0543561716,0.4093303946,4.7,-3.25,423.08,4.5,-1.4,3.5,8.2,7.2,12.4,13900.000000000002,7.0128,6.9762,50.2,11.0,0.72,101.1,13.0,0.84,5.74,4.66,-0.31,5.19,7.84,4.85,9.99,489.64,8.36,12.35,11250.0,7.12,4.15,-12.1300935993,-0.0698234464,-0.762468349,4.548667557074,4.588295607769,4.581176629001,0.0,94716.9905,-11.1875582312,9.341368634383,1.8517711647,1.6464622916,-2.4562837638,-0.7025683078,-0.0708302285,0.0,4.8,16114.29,18706.0419,-5.5213767152,-2.804461675,-1.4385068362,-17.9856115108,5.5555555556,1.6194331984,3.883140121902,-13.7970764889,-0.607135942,5469.638534,3.26,10.669227,56.351351,10.3,133250.6792,23.1,1927669.0,7.47147597766,12.91557042355,11.911063915217,5.149991357012,-26.1990811639,10.265349023162,8.6663313834,16.7461064915,11.7480364033,114.64,107.09,101.76,-7.6482245193,-46.142408101037,9.7020626432,-5.3785446995,-6.9987556954,0.2026109947,30.9462332928,1617.058693,0.5,0.1,207.09,186.71,-5.82,-0.15,98.24,0.59,1.59,348272.0,2.6
202002,9.65,10.8,,3.9,1.618423,1.7045,1.953884,0.23,63.35,17.14,109.15,61.9057,291.4,29595.0,2107.0,90199.3,44040722.0,0.5,5.3,-5.3,-8.4,99.10423,-1.7758475092,-1.3290194641,6.2,-0.25,371.76,4.5,-0.5,4.4,8.7,8.0,12.3,11400.0,6.9172,6.8876,50.0,10.5,0.72,101.4,13.0,0.6,,4.79,0.17,5.24,,-6.9,-3.23,252.0,8.6,11.9,28211.11,,4.15,27.0927480095,-1.3632215378,-1.2700323959,4.512865186104,4.579699545813,4.583221056604,0.0,95884.6681,-16.8169014085,10.416311178965,1.8778443819,2.7616560985,-3.5169046752,-0.8559221453,0.2046518869,-0.3984063745,4.8,42862.5,18769.7302,-8.5815317704,-3.5094283223,-1.2592277087,192.9824561404,3.4055727554,1.0101010101,4.094344562222,23.5164846747,26.5454548216,13633.173244,3.47,10.692756,48.576512,10.2,148905.0175,17.0,2056669.0,7.656728365682,12.91557042355,12.052675909083,4.818263401449,-19.178548962,10.265349023162,20.3522156376,16.7461064915,15.2129528476,117.37,114.25,102.38,-28.2317462159,-45.340935948948,9.7020626432,-4.2322022304,-6.9987556954,-0.0562141265,-16.1812516933,1757.198358,0.3,0.1,141.99,172.43,-5.37,6.69,98.34,0.11,1.81,406594.0,2.5
202003,,10.6,,2.82,1.475486,1.319181,1.519335,0.18,61.63,17.97,109.28,63.0359,293.0,29415.0,2093.0,87481.1,45668340.99999999,0.8,5.6,-5.6,-4.0,97.34429,-7.1832359145,-8.4289016686,6.9,11.72,472.48,5.4,0.1,0.0,8.4,8.0,12.1,33400.0,6.9923,7.0066,35.7,10.5,0.72,98.6,12.5,-2.32,1.42,4.9,-0.28,,1.79,-6.73,-5.83,322.19,8.47,12.2,11960.0,6.95,4.05,15.7022519472,1.0856994159,1.7277426099,4.477629953327,4.573590763668,4.587414482314,0.0,99468.8921,42.5922061662,9.111293218375,3.7987649189,4.7308709885,-3.4621699072,-0.6090161471,0.4202230422,-28.6,4.75,18750.0,18858.8516,-11.8154678421,-4.2309178734,-0.7984384656,-72.8832335329,2.2465567848,-27.4390243902,3.190073841367,-59.5162983333,-58.8153863164,10769.815772,3.33,10.7,60.0,9.9,171557.8676,13.0,2213089.0,7.106011668442,12.91557042355,12.052675909083,4.597944140896,-7.829306524,10.265349023162,-42.3463539815,16.7461064915,15.2129528476,121.76,115.94,103.74,-19.7737373737,-53.984915741328,9.7020626432,-18.0542710495,-6.9987556954,-0.0562141265,-42.4530489219,2114.827157,0.4,0.1,107.1,123.75,-0.9,7.61,97.03,-1.33,0.5,,
202004,2.0,10.0,-2.2,4.57,1.053612,0.9139,1.138252,-0.01,53.35,17.88,109.97,66.9909,332.1,28360.0,2082.0,115113.1,43103060.99999999,0.7,5.8,-5.8,-5.1,90.35182,-2.5603911465,-10.8231619921,-4.313519,-7.34,546.67,5.2,-0.4,4.8,8.8,,12.1,9057.0,7.0119,7.0851,52.0,10.5,0.72,,12.5,-22.1,-4.03,4.79,-1.12,1.69,-6.74,-11.99,-8.31,189.79,8.72,12.38,19352.94,6.99,4.05,-213.3993085408,0.2803083392,1.1203722205,4.458628815131,4.57375175571,4.591822500656,0.0,99878.0737,-2195.032105441,10.257659366257,4.5101575425,5.2216529294,-1.8821754531,0.0161005001,0.4417747946,45.6582633053,4.75,31392.86,19516.0159,-13.3839710855,-4.1639676614,-0.3160014103,214.6737330242,68.6390532544,2.9702970297,3.42558884322,26.5560366865,-51.9299195152,34924.0,,10.7,24.290221,,,,1606851.0,5.671815433367,12.91557042355,9.044870032526,5.375972611114,59.308019352,10.344995251991,-76.1693170271,16.7461064915,-95.0600050475,129.03,118.09,105.97,117.7175664786,-25.136755080951,8.2903899721,-67.7764885953,-6.9987556954,-39.9031140298,-9.9825087456,1219.274963,0.3,0.1,81.91,99.28,-20.6,-27.39,98.17,1.17,1.54,,1.5
202005,-18.0,10.95,-7.8,5.82,0.25422,0.442976,0.773617,0.17,32.2,14.88,107.29,77.7325,296.3,27813.0,2070.0,24185.300000000003,40911819.00000001,0.4,6.4,-6.4,-5.6,88.03846,4.8350345974,-6.5777951788,-25.867052,-16.79,-619.92,4.3,-1.5,5.0,10.1,-20.5,12.7,28500.000000000004,7.0686,7.0571,50.8,10.0,0.35,98.7,12.5,36.56,1.79,3.72,-2.59,-12.84,-7.03,-16.92,-12.75,65.44,10.08,12.7,12433.33,7.05,3.85,-132.2122209317,0.8086253369,-0.3951955512,4.463984430472,4.582277128227,4.595027926718,-51.3888888889,98728.4303,-36.3375522045,9.740968623038,5.2642551861,4.8821448741,0.5369982285,0.8561817,0.3210568933,-2.3076923077,4.65,21618.18,19578.1652,-12.7337485289,-2.8587757049,-0.0908348632,-40.350877193,66.6666666667,1.3972055888,3.573774055386,15.9727672147,-45.455784439,7202.0,-26.86,11.5,30.740741,-16.3,8474.95,,223605.0,7.042056188328,12.91557042355,9.997811969363,5.643182852527,2.5657071339,10.683316889232,293.6298264735,16.7461064915,159.3327854442,135.73,116.55,105.19,30.6315058987,-25.97187978235,40.2591556542,-33.1960784377,-6.9987556954,-26.3187925445,17.8316571381,290.561551,0.0,-0.1,139.51,216.15,-81.68,-86.08,98.41,0.25,1.54,,-30.0
202006,-5.25,11.73,-2.8,5.92,0.177095,0.390712,0.684036,0.33,21.04,15.07,107.93,73.6894,253.3,28578.0,2025.0,73669.6,46167204.0,0.4,6.1,-6.1,-4.3,92.29515,5.2422364555,-1.7463597233,-1.1,-4.36,199.69,3.3,-3.1,5.5,11.1,-15.8,13.1,17000.0,7.0986,7.1316,50.6,9.5,0.35,101.2,12.5,1.89,4.91,2.71,-3.26,-9.65,-1.5,-9.71,-9.69,265.01,11.19,13.2,14178.57,7.06,3.85,125.0338023937,0.4244121891,1.0556744272,4.489456258251,4.597537128183,4.596836557567,-51.3888888889,100525.1349,243.7127122533,9.602382459752,3.592901757,3.3685064935,2.5799006827,1.5377028281,0.1810267408,-0.3937007874,4.65,28363.64,20011.3639,-10.2471219488,-1.0579188381,-0.1330282713,-12.9411764706,25.4237288136,2.4291497976,3.659320640122,8.9312305489,-31.3208267579,30390.0,-16.36,12.0,35.650888,-7.7,21978.3239,2.3,1042689.0,7.272269801664,12.91557042355,10.43330903413,5.73146249043,11.5224491261,10.607079990958,25.8868892394,16.7461064915,54.5731196545,129.35,111.29,95.3,9.2293525995,-24.306976517587,-7.3403328596,-15.7683543075,-6.9987556954,-19.2771388538,17.3547429702,1143.736929,0.1,0.0,142.77,282.36,-48.42,365.75,98.5,0.08,0.62,,-20.85
202007,-1.25,12.37,0.4,7.01,0.188541,0.328065,0.6697,0.25,30.38,16.26,107.29,70.752,273.6,30495.0,1973.0,79607.2,36270183.0,0.1,5.5,-5.5,-4.6,97.13348,1.8707864683,0.0298116227,3.9,-5.37,449.37,2.4,-3.7,6.8,11.1,-7.5,13.2,14800.0,7.0867,7.0795,50.9,9.5,0.35,107.7,12.5,1.25,4.49,2.55,-3.09,-6.04,0.77,-2.85,-9.69,587.65,11.21,13.0,17641.18,7.09,3.85,37.1186327525,-0.1676386893,-0.7305513489,4.523031282831,4.615440267696,4.598154634454,-51.3888888889,100408.0993,49.7557418884,9.803667217254,2.9744260389,2.9790390853,3.4145027113,1.8064361404,0.1318945932,0.5928853755,4.65,28400.0,21130.7152,-6.8019866994,1.2483640088,0.0173240925,22.2972972973,9.0361445783,3.036437247,3.815235723245,16.8726954233,-13.0260118359,16239.0,-8.78,12.5,38.834951,-3.3,33972.5809,49.5,1536206.0,7.451241353396,12.91557042355,10.793495266145,5.421684780498,6.2448710316,10.433233061155,19.5986719934,16.7461064915,43.3596371243,123.42,106.37,95.42,-26.6389987679,-15.739771828182,-15.9574468085,0.7423380072,-6.9987556954,-12.2754385415,-7.9345703125,1439.814841,0.4,0.2,161.0,308.42,-2.58,45.56,98.54,0.05,0.35,,-14.75
202008,2.15,12.6,1.2,7.32,0.176298,0.311511,0.668669,0.17,39.46,17.71,107.56,69.9513,292.8,24154.0,1954.0,76126.3,34854511.0,0.1,5.1,-5.1,-3.8,98.95064,0.7223904767,0.7026978582,4.4,-9.17,616.17,2.5,-3.0,6.5,11.1,-2.8,13.2,18100.0,7.0088,6.9848,51.1,9.5,0.35,108.4,12.5,1.29,5.25,2.64,-2.42,-3.46,1.16,0.18,-0.38,447.8,11.15,13.17,11815.93,7.04,3.85,-27.4875440219,-1.0992422425,-1.3376650893,4.553475758526,4.630857425724,4.599780688704,-51.3888888889,102393.7089,-10.008257971,9.20301359659,1.9432161973,1.4627910693,3.0912647751,1.5536615518,0.1627376993,0.3929273084,4.65,18635.14,21960.108900000003,-3.607245959,3.1828160717,0.3726794573,-45.1546961326,-6.3490566038,2.8169014085,3.900188553734,8.8665713657,-3.3865811785,15502.0,-3.31,12.8,45.387454,-0.3,48702.9687,82.3,1673682.0,7.617060373521,9.964864832211,11.147695140768,5.443845262513,-6.1307324166,10.137571043889,18.0359461083,-94.7697211469,42.5039987347,114.95,100.5,93.14,2.2407849377,-14.921537836443,-25.5961142184,11.0856846095,-96.2758458852,-8.4210108294,-7.1672217986,1721.999429,0.5,0.2,156.24,226.26,6.97,8.89,98.58,0.04,0.53,,-11.0
202009,4.0,12.8,1.4,6.92,0.134441,0.235487,0.540662,0.03,42.07,20.65,106.7,73.3633,291.6,22243.0,1947.0,56426.5,39214071.00000001,0.1,4.4,-4.4,-2.4,99.66545,0.796213733,1.4735016272,4.8,1.53,446.8,2.7,-2.4,6.9,10.7,-1.8,13.0,9927.0,6.9346,6.8605,51.0,9.5,0.35,104.3,12.5,0.96,5.38,2.41,-1.97,-1.54,0.57,7.93,0.36,523.4,10.75,13.03,12194.47,7.02,3.85,34.9798567592,-1.0586691017,-1.7795785133,4.575552892036,4.641454862432,4.601816568895,-51.3888888889,104944.6095,37.0191980007,9.457200449908,-1.2362206967,-3.2082845413,2.2322636763,1.0653788425,0.2037954003,-0.1956947162,4.65,26630.17,23441.2432,-1.334120641,4.441859294,0.8729518525,28.9412712803,5.7851239669,3.0303030303,4.066802813027,18.1298502492,25.2710946428,19029.0,-0.07,12.9,49.411765,1.9,69403.6779,75.2,1763626.0,7.613494530104,12.736035969695,11.334173872265,5.354272278692,-0.9112616973,10.203814342521,-0.3559493347,1497.7334712687,20.4998993288,112.92,102.83,98.23,-8.5678467989,-18.887421416874,6.8486646884,11.7339237597,-56.3255091141,-5.8024140575,-9.5686006242,2032.578318,0.6,0.3,160.55,231.33,1.85,5.37,98.55,-0.03,0.49,21266.0,-8.0
202010,4.6,13.0,0.8,8.05,0.149719,0.299938,0.71661,-0.01,43.44,27.0,106.04,74.6382,341.1,23268.0,1930.0,87612.59999999999,42785144.0,0.3,3.8,-3.8,-2.8,100.459,0.9385918633,2.4114205784,4.8,3.46,603.09,2.4,-2.0,8.0,10.4,-1.1,13.0,12800.0,6.8148,6.8101,51.5,9.5,0.35,104.3,12.5,1.01,5.82,1.81,-1.65,-0.3,2.25,9.1,0.12,579.3,10.47,12.8,17485.71,6.84,3.85,-5.3192724137,-1.7275690018,-0.7346403323,4.591676555055,4.647255062737,4.603979477376,-51.3888888889,109391.4525,64.4803548796,9.852194258149,-3.7253655435,-3.7155904933,1.6254350717,0.5817054036,0.2165249255,0.9803921569,4.65,29483.33,24619.5521,0.248844686,4.9849012542,1.5190092137,48.4375,12.426035503,3.4136546185,3.970730609764,-9.160157563,7.6655433751,10221.0,1.19,13.3,58.370044,3.4,83631.362,68.7,1664689.0,7.564251634835,12.401705216384,11.497669223084,5.68378382815,-4.6669228465,10.366875596977,-4.8050122507,-28.4183015769,17.7619880207,116.38,105.1,103.06,39.028887523,1.974738396801,17.7108790639,19.0073361823,-23.6959836359,-3.3015750644,30.7630736393,2025.343369,0.5,0.3,148.5,211.51,8.51,-5.61,98.54,-0.01,0.49,339774.0,-8.9
202011,7.2,13.4,0.9,8.2,0.135158,0.289695,0.67374,-0.04,40.6,25.74,105.69,79.6845,346.3,24138.0,1942.0,82656.40000000001,39469231.00000001,0.2,2.6,-2.6,-1.4,101.4019,0.3002902312,2.7089108663,5.6,4.21,571.01,1.7,-2.1,8.1,10.9,0.5,13.0,19000.0,6.7111,6.7232,51.4,9.5,0.35,101.3,12.5,1.03,6.48,0.75,-2.07,0.88,5.19,9.84,9.27,463.67,10.83,12.96,7880.0,6.8,3.85,-38.1026601986,-1.5216880906,-1.276045873,4.609137306549,4.649272235242,4.604573007713,-51.3888888889,112399.4953,-9.5552484774,8.838986793497,-5.0790642415,-4.6800788283,1.7614081535,0.2019208367,0.0593706511,-0.1941747573,4.65,14216.67,25960.5483,2.3716346017,5.210866904,2.012479496,-63.6947368421,4.3096930289,4.2596348884,4.016066862672,4.637964896,5.5894482215,14201.0,2.02,13.5,53.023256,4.6,98485.9545,58.2,1754529.0,7.637172423032,13.361411773442,11.670550156852,5.61093592429,-6.4492988779,10.465899427774,7.5645329734,161.093020196,18.8724559704,119.58,107.13,102.75,-7.0257770523,-7.277559588299,10.4092610651,15.0483700448,-22.2892974317,-1.7669792122,30.66959805,1928.025372,0.6,0.3,158.69,294.06,6.04,5.4,98.53,-0.02,0.51,243216.0,2.9
202012,6.1,13.5,0.2,9.45,0.142842,0.405231,0.888368,-0.15,39.9,24.23,105.22,79.3323,345.4,24077.0,1957.0,66603.0,47819948.0,0.0,1.0,-1.0,-0.7,101.7064,0.2225032053,2.9099431108,6.9,11.21,353.44,0.5,-2.1,9.1,10.5,3.3,12.9,6898.000000000001,6.6088,6.5782,52.1,9.5,0.35,96.2,12.5,0.62,6.72,0.06,-1.46,1.75,5.55,11.38,5.96,531.28,10.59,12.76,13730.77,6.73,3.85,62.1831145315,-1.5243402721,-2.15671109,4.633363007158,4.650122518905,4.602824436869,-51.3888888889,113982.3288,35.4873782736,9.568014816248,-5.826695356,-6.4240803437,2.452152693,0.0850645256,-0.1747042985,1.3618677043,4.65,20500.0,26826.7617,6.1651710976,5.6304432128,2.1160018997,107.3064656422,2.8776978417,3.7848605578,3.999034390751,-1.688823941,-3.20470755,19171.0,2.42,13.7,55.482456,5.6,117072.6729,56.5,2088191.0,7.448398205362,13.361411773442,11.800311008462,5.520019880066,0.3574753985,10.70034138187,-17.2026572638,161.093020196,13.8556066913,122.04,108.33,102.06,-8.6905632772,-11.3906665592,26.4203088495,6.1872701611,-22.2892974317,0.0323621615,33.7046757003,2073.871487,0.3,0.3,144.72,273.4,8.02,19.02,98.56,0.04,0.92,635020.0,-5.1
202101,,13.7,2.1,9.87,0.125424,0.38597,0.846023,-0.19,42.3,24.08,104.43,75.8599,341.6,24394.0,1953.0,62640.7,44818534.0,-0.4,0.6,-0.6,-1.5,101.9327,0.1328327416,2.99065943,6.9,8.21,573.22,-0.5,-1.5,10.0,10.7,4.3,12.8,14300.0,6.5423,6.5249,51.9,9.5,0.35,97.8,12.5,0.56,6.96,0.09,-0.69,2.58,5.4,15.2,4.58,753.44,10.66,12.87,12069.23,6.6,3.85,29.5296744705,-1.0062341121,-0.8102520446,4.665850335675,4.651725473728,4.59916318,-51.3888888889,115712.4216,99.7229395309,9.44145209294,-6.7091603924,-6.4691379261,3.3020803155,0.1604240242,-0.365456264,-0.3838771593,4.65,21800.0,27663.36,12.4324913445,6.5484756429,1.8149283206,-11.8881118881,10.5263157895,3.3864541833,4.118486860816,12.6879682276,26.5347437873,6663.0,3.01,13.6,54.545455,6.3,133293.802,42.4,2109557.0,7.538900119044,12.83891234148,11.923938136852,5.723911845951,-22.2249712564,10.80849486539,9.4723602593,-40.6963560203,13.1593853104,119.94,104.62,98.28,22.6165678577,-6.619137485147,11.4218746479,6.9749106834,-7.3793513923,1.2957451216,77.5213129966,1717.110483,0.2,0.1,141.85,249.64,9.25,0.78,98.53,-0.03,0.3,,
202102,6.5,13.55,3.7,9.67,0.117459,0.38323,0.924341,-0.22,48.73,24.97,103.89,73.8757,316.2,25100.0,1995.0,60920.6,45751883.00000001,-0.9,-0.6,0.6,5.3,102.0681,0.0448720021,4.899732691,7.0,13.28,742.49,0.2,-0.4,8.6,10.1,5.0,12.8,12600.0,6.4771,6.4709,51.3,9.5,0.35,99.9,12.5,0.62,,-0.13,0.29,3.07,,19.5,12.7,,10.15,12.73,35300.0,,3.85,2.0754488276,-0.9965914128,-0.8275988904,4.70402317354,4.653829865454,4.595240044931,-51.3888888889,118954.6417,60.4089061971,10.485703172389,-6.3624009715,-6.0500029038,3.8910780484,0.2106607512,-0.3915449628,-1.1560693642,4.65,44650.0,28848.442,21.0650704574,7.6947143717,1.2091506608,184.126984127,7.1856287425,2.6,4.152849653145,3.496001418,6.0250383333,15309.0,3.32,13.3,61.466165,6.8,150834.447,49.9,2297401.0,7.709736006389,12.715459234382,12.078729050083,5.591397344061,-13.8262537425,10.80849486539,18.6296046851,-11.6136912823,16.7413844796,117.93,100.48,98.32,-12.410976805,-0.435111615588,11.4218746479,5.4437701738,-7.3793513923,2.6395490707,116.6545454545,1879.761374,0.1,0.1,132.63,306.1,11.59,8.88,98.93,0.4,0.6,376590.0,-3.8
202103,,12.7,1.8,9.6,0.099877,0.471293,1.126494,-0.18,53.6,25.88,103.7,76.2527,340.0,25314.0,2025.0,65729.8,51332448.99999999,-1.2,-1.9,1.9,-2.7,102.1139,-0.0545469324,12.9564407225,7.3,13.38,757.9,-0.3,0.3,14.7,9.4,4.6,12.7,35800.0,6.4602,6.4713,50.6,9.5,0.35,100.5,12.5,0.63,30.89,-0.48,1.47,,31.42,41.06,10.58,666.82,9.57,12.57,9180.0,6.43,3.85,-18.9774376567,-0.2609192385,0.0061815203,4.739096875473,4.655097798256,4.592115341114,-51.3888888889,122342.6304,12.3291931147,9.517825071724,-7.6097993507,-7.6399394856,3.5696038786,0.1268736969,-0.3119827011,-1.3645224172,4.65,10514.29,30567.7499,29.883397822,8.4920849528,0.4711925171,-62.0111731844,50.1600971624,41.7366946779,4.194589983059,4.262370541,173.058573654,11458.0,3.41,13.0,63.615023,7.0,176086.2217,53.6,2375101.0,7.565715757932,14.019838195021,12.078729050083,5.477885135145,-60.2290925871,10.80849486539,-13.4129784654,268.5399604631,16.7413844796,125.46,103.04,106.39,-10.7306702473,-57.038557396276,11.4218746479,58.3605310199,,2.6395490707,141.0757453666,2229.953487,0.1,0.1,102.49,268.11,7.17,3.27,100.07,1.16,3.13,332854.0,
202104,,13.05,1.8,7.66,0.087275,0.763268,1.543625,-0.06,60.46,27.29,105.37,74.4373,311.9,25503.0,2098.0,74492.8,48006974.0,-0.7,-4.0,4.0,-2.3,102.0582,-0.140802013,15.7613388512,25.398571,26.28,614.07,-0.2,1.7,7.4,10.1,,12.9,13600.0,6.5066,6.5713,51.9,9.5,0.35,101.0,12.5,0.62,17.33,0.19,3.29,38.11,28.31,31.62,19.88,460.73,9.59,12.65,25038.46,6.44,3.85,-42.991841321,0.7182440172,1.5452845642,4.758076663545,4.654067963415,4.588932058308,-51.3888888889,121304.879,-156.4701897019,10.214641981173,-7.2063206834,-7.251838365,1.91610492,-0.1029304744,-0.3178221533,2.5691699605,4.65,36000.0,31524.6868,34.9113686624,8.3629665556,-0.2886269041,100.7352941176,-4.2105263158,-0.1923076923,4.193435464866,-0.1153851993,115.5120463752,38182.0,,13.3,66.326531,,,,2044769.0,7.025609680981,12.430551824497,9.762104686173,5.89849911623,102.1676221676,10.975567620906,-41.7313560506,-79.5928809,-90.1394117993,136.53,105.81,108.82,52.2896298153,-45.480379886623,18.1840247578,287.208935982,,104.8759839291,68.6282674069,1930.850306,0.3,0.4,56.34,239.34,26.79,-13.91,99.17,-0.9,1.01,1226700.0,
202105,26.3,12.3,3.8,7.25,0.061712,0.933264,1.867159,0.03,63.83,25.65,108.65,75.7023,259.5,24844.0,2167.0,58481.7,44706907.00000001,-0.5,-5.9,5.9,-1.9,101.9145,-0.2098818127,10.1906221508,52.339181,67.79,350.07,0.4,4.4,7.1,9.4,33.8,12.6,27300.0,6.5204,6.4672,51.1,9.5,0.35,97.9,12.5,0.6,10.78,0.96,6.29,24.99,24.33,22.12,39.04,271.0,9.13,12.4,15636.36,6.54,3.85,-67.0008855372,0.212092337,-1.5841614292,4.754420880471,4.64855912309,4.58541533755,0.0,121998.3211,-42.1503330162,9.595602772767,-7.7554254025,-8.3589576455,-0.3649108835,-0.5493694488,-0.3510544338,-1.5414258189,4.65,22450.0,31570.86,33.7010899107,6.852799409,-0.9566535914,-46.1538461538,-13.5294117647,0.5905511811,4.176619054534,-1.6675803774,82.7310107956,13413.0,34.95,12.3,66.25,38.3,17363.1372,,1155887.0,7.645262410507,12.427569361555,10.491469984386,5.83562911555,6.8240743241,10.678491179566,85.8282603102,-0.2978019817,107.3763968184,138.58,102.1,101.5,-6.0934456364,-43.216810824391,-25.7012784747,82.7970293683,,63.8298191611,21.2211361383,1125.08029,0.4,0.3,109.69,364.49,409.9,-43.49,100.25,1.09,1.87,250334.13,35.9
202106,20.0,12.0,2.7,5.73,0.063117,0.870756,1.753842,0.08,62.95,25.69,109.13,74.3823,294.3,25018.0,2328.0,45757.0,53690914.0,-0.4,-7.7,7.7,-2.2,101.7006,-0.2620436851,4.427536211,14.1,34.47,115.52,0.9,6.8,6.2,8.1,34.2,12.3,14700.0,6.4316,6.3682,51.0,9.5,0.35,98.3,12.5,0.52,8.54,1.58,8.23,19.67,12.78,31.42,50.41,534.16,8.14,12.17,14123.53,6.4,3.85,250.3549168975,-1.3618796393,-1.5308015834,4.731420384941,4.63809225813,4.582382507857,0.0,123066.62,-9.9339074705,9.615805480084,-9.3962189728,-10.7044702451,-2.2738000489,-1.0412277947,-0.3028235311,-0.1956947162,4.65,20733.33,32219.45,27.3748498423,4.1388719826,-1.4350091409,2.0408163265,1.3513513514,0.790513834,4.063499885265,-10.6955769654,49.8072445102,27511.0,26.76,11.7,65.145228,25.6,36007.0483,61.5,1874311.0,7.622328821299,13.095116900477,10.825859834241,5.848315625389,-3.129286098,10.494103544448,-2.2672613296,94.9450501812,39.7087691856,128.43,99.29,92.68,1.2767324997,-50.676943376189,-16.8386621211,41.9151303914,,48.0753085792,12.3954347967,2090.71713,0.4,0.4,109.61,342.28,77.44,62.15,100.18,-0.07,1.71,249588.63,22.1
202107,18.9,11.15,5.4,5.86,0.060041,0.798418,1.689022,0.23,66.4,27.5,109.11,73.587,303.3,25092.0,2422.0,56644.4,51225991.00000001,-1.1,-7.7,7.7,-3.1,101.4341,-0.2983217675,2.203987766,9.8,37.19,404.73,1.3,9.0,6.1,8.3,17.7,12.2,15000.0,6.4228,6.4601,50.9,9.5,0.35,97.8,12.5,0.45,7.79,1.23,8.5,16.22,10.82,21.36,25.71,468.65,8.28,12.09,17446.67,6.46,3.85,5.835989425,-0.1368244294,1.4431079426,4.697715638362,4.623247796887,4.579921093592,0.0,122019.21,-30.4818475421,9.96175646066,-9.3682532067,-8.7492054524,-3.3143069685,-1.4734825394,-0.245838747,-0.1960784314,4.65,30307.14,32632.62,19.087026567,0.7838087424,-1.8068315594,41.3333333333,17.1270718232,0.0,4.092560438286,2.9486931132,31.9594793751,12840.0,16.91,11.0,58.17757,21.6,50305.004,-2.9,1704040.0,7.559607918493,12.255879768612,11.103201139761,5.928577994053,1.9091241257,10.214055728775,-6.0794433249,-56.7960012716,31.9616686642,121.57,98.5,94.66,8.3571325544,-52.689767977222,-24.4252395989,11.4456191263,,36.3024153803,66.0125519314,2043.315109,0.5,0.4,105.49,346.65,10.84,-9.08,100.18,0.0,1.66,486560.68,19.3
202108,14.7,10.6,-0.5,5.26,0.089267,0.877388,1.531782,0.16,71.8,27.0,110.11,72.3723,291.7,25454.0,2437.0,61618.5,50725160.99999999,-0.8,-8.0,8.0,-3.4,101.1315,-0.3134532762,1.1529070505,8.8,37.69,428.35,1.1,8.8,5.5,8.6,12.4,12.3,21200.0,6.4741,6.4602,50.4,9.0,0.35,99.6,12.5,0.48,7.85,0.82,8.8,12.53,11.54,20.66,31.66,505.24,8.7,12.26,10925.0,6.5,3.85,15.4172989378,0.7987170704,0.0015479637,4.662429150328,4.605690050835,4.578438044973,0.0,123294.0,10.65129812,9.287301413112,-7.62898071,-7.5105944336,-3.4671178517,-1.7404506984,-0.1481949446,-0.9823182711,4.65,15735.71,32998.35,11.5110375845,-2.4853316699,-2.1116501194,-49.0566037736,8.7941976428,-1.3698630137,4.026433355525,-6.3988094244,13.455987658,14294.0,10.36,11.0,59.893048,18.3,66383.3227,-18.8,1646037.0,7.598266535044,12.684600775259,11.392286022039,5.952879631792,-5.6053524553,9.817766252131,3.9415583797,53.52926382,33.5205058966,116.65,101.48,95.95,2.4599329109,-52.424975798645,-32.7188095587,-1.8618335473,1417.6314304524,27.7098721306,66.3683914754,1919.092925,0.5,0.3,107.11,375.62,-1.72,-3.4,100.11,-0.07,1.55,210213.67,
202109,12.7,11.05,1.2,4.3,0.075704,0.703327,1.300556,0.02,73.28,25.68,110.17,73.1388,310.1,26029.0,2470.0,65978.90000000001,54778904.99999999,-0.5,-8.7,8.7,-4.0,100.8145,-0.3024366535,0.0503688072,8.3,34.16,494.39,1.0,9.0,4.9,8.3,12.1,12.3,10800.0,6.4772,6.4679,50.1,9.0,0.35,100.8,12.0,0.21,5.91,1.01,9.05,11.35,7.29,19.08,26.54,517.67,8.34,12.27,14270.0,6.53,3.85,10.9245737171,0.0478831034,0.1191913563,4.632086665416,4.587959935577,4.578561288496,0.0,124632.75,-9.0682982639,9.409191230721,-6.5959103625,-5.7226149698,-2.9886772497,-1.7573861592,0.0123251118,-0.5952380952,4.65,28625.0,33751.87,5.8162351916,-5.2089250119,-2.2986960343,12.962962963,-4.6875,-1.7647058824,3.871408281093,-14.3606296371,-17.7489912463,23182.0,7.15,10.7,56.060606,15.0,88635.3483,-25.7,1569081.0,7.57722162176,12.230879593047,11.529272872019,5.938406538633,8.0259097229,9.754755498736,-2.0825014382,-36.4740169703,14.6813067806,111.07,98.36,95.22,-1.4368861404,-48.134012426891,-6.1066623087,-3.5622928983,-39.6588791373,21.5431307934,79.3437662522,1994.735093,0.4,0.3,105.16,384.86,-11.13,-4.68,100.0,-0.11,1.47,322739.5,
202110,,10.1,2.0,4.06,0.078732,0.780516,1.35699,-0.09,68.87,23.99,109.84,73.5744,289.8,26609.0,2493.0,65423.1,55461518.0,-0.3,-10.0,10.0,-4.6,100.5096,-0.2679346053,-1.1455406654,6.4,22.82,548.4,0.8,9.5,4.2,8.2,8.5,12.1,12200.0,6.4599,6.4854,49.6,9.0,0.35,102.6,12.0,0.3,3.67,0.82,10.14,9.08,3.45,20.66,14.75,556.27,8.14,12.03,18975.0,6.5,3.85,6.5736688549,-0.2670907182,0.2705669537,4.609464950271,4.573586635326,4.580599790929,0.0,123158.74,2.3537241029,9.717157974345,-5.2077830604,-4.7679182391,-2.2367762698,-1.4270497499,0.2040581591,-0.998003992,4.65,32181.82,34056.82,1.7947551026,-7.1020333026,-2.3108499114,36.0655737705,-12.6315789474,-3.6893203883,4.019653666355,15.9797458652,5.0139546315,8391.0,4.19,10.3,48.00995,12.7,101648.1757,-18.4,1551395.0,7.320739925035,12.218727385477,11.645643603994,5.962550536943,-25.3679332948,10.161766560619,-22.6230843061,-1.2078667688,12.3412279794,109.56,94.14,98.64,2.4437824585,-59.396403012861,50.2320724066,-21.6129702986,-16.7213382343,15.9483191078,32.1499013807,1953.194706,0.3,0.1,101.67,379.33,-7.01,-1.13,100.05,0.05,1.53,205023.44,
202111,9.0,10.15,3.7,3.33,0.089183,0.990496,1.592158,0.06,72.8,23.19,110.22,72.7608,323.3,26826.0,2468.0,74185.59999999999,53165104.0,-0.4,-12.0,12.0,-5.9,100.2403,-0.2204702101,-1.6587943335,5.3,28.24,584.45,0.7,10.7,3.7,8.3,2.5,11.9,16600.0,6.4192,6.3907,49.2,9.0,0.35,106.5,12.0,0.05,3.13,1.29,11.94,7.88,3.35,24.09,27.55,652.29,8.35,11.83,7290.91,6.5,3.85,15.5565061169,-0.6300407127,-1.4602029173,4.593674361475,4.565983312262,4.584751128738,0.0,126323.59,91.0847668628,9.019421967957,-4.3495105124,-4.9455616373,-1.5666571078,-0.7574490923,0.4159966548,-0.8064516129,4.65,15800.0,34941.02,-1.534400757,-7.9914724966,-1.962671715,-50.2289156627,19.773847492,-4.280155642,3.987246426666,-3.1887751941,-2.8409088451,12713.0,2.58,10.0,55.681818,10.9,114192.8088,-24.6,1551987.0,7.32557288258,13.537973345298,11.777838597543,5.933914880268,-23.3331931182,10.193354735893,0.4844655121,274.059975108,14.1330849723,113.6,95.0,103.69,-2.8229541945,-66.724481039928,3.2092376612,-26.7725284079,19.3107886366,11.3255316305,38.1236283833,1511.321821,0.2,0.0,94.97,388.6,-11.74,0.04,99.6,-0.46,1.09,202547.03,14.0
202112,7.37,10.11,12.2,2.77,0.166436,1.182583,1.62927,0.22,82.06,23.41,113.13,70.52,338.2,27210.0,2483.0,61848.9,55913862.0,0.2,-10.6,10.6,-5.5,100.0193,-0.1819748788,-2.0556798751,3.1,22.63,675.37,1.5,13.5,2.8,8.7,4.4,11.9,8262.0,6.3953,6.3794,50.1,9.0,0.35,110.6,12.0,0.41,3.69,2.47,12.02,6.32,3.7,17.08,17.89,857.71,8.67,11.85,15209.09,6.35,3.85,24.9774197847,-0.3723205384,-0.1768194407,4.585429616766,4.564667932012,4.591221351764,0.0,129751.51,47.2488747776,9.449357272447,-3.2305410967,-3.0221033109,-0.8210850016,-0.1314515517,0.6491200137,1.8292682927,4.65,28011.11,35167.44,-4.680272294,-8.1905164353,-1.1536028916,53.7158073106,-11.1888111888,-3.8387715931,3.851730773364,-12.6734506667,-13.6968093859,17755.0,1.52,10.0,53.90625,8.8,130331.7755,-5.7,1750517.0,7.181501375492,12.140543020078,11.870884585501,5.679079862016,35.5733567431,10.303940118821,-13.4174166838,-75.2768547194,9.7512206453,113.23,92.78,99.67,-22.4955644414,-55.047954475994,11.693171188,-23.424792987,19.3107886366,7.3123523778,17.2408267906,1518.643654,-0.1,-0.2,87.25,377.63,-16.45,12.79,100.25,0.65,1.71,757647.37,14.15
202201,5.88,10.23,-4.6,3.43,0.23038,1.156709,1.49223,0.17,79.92,24.18,114.02,74.9818,290.2,27400.0,2480.0,77234.4,55660372.99999999,0.1,-8.8,8.8,-5.5,99.83729,-0.1705174489,-2.3524000153,3.5,23.77,844.06,2.3,12.9,3.0,8.5,4.9,11.7,12700.0,6.37,6.3757,50.3,8.5,0.35,108.1,12.0,0.38,3.68,1.72,10.84,5.32,3.81,17.59,21.98,775.14,8.65,11.33,12536.36,6.45,3.8,-15.5687984267,-0.395603021,-0.0579991849,4.583864830161,4.566450147476,4.598583541593,0.0,130479.55,-4.0189093456,9.3325580047,-2.6336303746,-2.2866250824,-0.1563562965,0.1783804554,0.7389357378,0.3992015968,4.65,24570.0,36047.6,-7.8714687843,-8.1740571333,-0.0579470449,-11.0236220472,-10.3174603175,-3.0828516378,4.002777368697,16.305084956,-10.9266049053,7752.0,0.72,10.1,47.074468,7.2,143040.7145,-11.4,2006816.0,7.335359946991,12.508886121197,11.971177380021,5.52815843931,5.2951079742,10.402716190456,16.6325923386,44.5337850946,10.5494553441,120.87,100.78,106.75,-14.0084734181,-39.142028443114,10.3819095477,-18.4162570201,-28.1095116705,4.8372795108,-17.7785037569,1314.880907,-0.3,-0.3,89.64,292.68,-4.98,14.63,101.46,1.21,2.97,187314.26,12.9
202202,5.38,10.35,-0.9,3.17,0.40905,1.263563,1.585009,0.13,72.87,22.53,113.62,74.2926,322.3,27727.0,2473.0,99790.2,60330542.0,0.6,-8.2,8.2,-11.7,99.66705,-0.194628014,-2.5861611397,3.8,25.61,712.65,1.5,10.3,3.5,9.0,3.9,11.6,11300.0,6.3588,6.3746,50.1,8.5,0.35,107.5,11.5,0.4,,1.11,9.28,4.95,,15.6,14.9,730.0,9.39,11.43,37687.5,6.36,3.7,30.7907107276,-0.1758241758,-0.0172530075,4.584258043407,4.567604342782,4.604070581645,0.0,131378.41,22.9819237366,10.591622191273,-1.8264346698,-1.488201023,0.0393290565,0.1154861645,0.5502121427,-0.3976143141,4.6,54471.43,36834.33,-11.2871227933,-8.261268375,0.8869640922,252.2123893805,11.1731843575,-2.3391812865,4.028433366064,2.5987945205,-11.69878222,13021.0,-0.17,10.3,54.75,6.0,158130.7308,-15.6,2191953.0,7.50843623516,12.508979862512,12.097559442595,5.050817083729,-37.1881005458,10.402716190456,18.8956804963,0.009374571,13.4715617845,129.81,110.07,107.4,-37.9569294342,-55.640726364648,10.3819095477,-18.2332718315,-18.6556958907,1.9008802436,-41.7589795233,1533.579688,-0.3,-0.4,91.15,251.68,-4.7,9.23,99.41,-2.02,0.49,270732.39,11.75
202203,,10.2,-0.2,3.4,0.7887,1.627061,1.86273,0.4,83.92,23.16,114.85,77.8174,313.7,27883.0,2482.0,89114.7,60734116.99999999,0.8,-7.9,7.9,-4.5,99.47307,-0.2326659869,-2.7597684458,4.3,20.21,932.08,0.9,9.1,-1.9,9.8,1.7,11.5,39800.0,6.347,6.3222,50.2,8.5,0.35,109.3,11.5,0.22,3.1,0.81,8.79,,4.4,15.71,14.68,1136.94,9.53,11.56,14743.75,6.36,3.7,-14.9150287529,-0.1855696043,-0.8220123616,4.58143573921,4.564488806581,4.607120283312,0.0,134655.81,29.1481427199,9.417354541361,-1.7522677316,-2.3040192852,-0.2818325241,-0.3110687954,0.3054356738,0.1996007984,4.6,22207.69,37335.0419,-14.5860830274,-8.6625221771,1.5118081517,-69.0954773869,-9.5588235294,-0.790513834,4.010653611964,-1.7622626878,-16.8011259325,10350.0,0.21,10.5,56.17284,4.4,179433.4099,-18.0,2421558.0,7.277758198254,13.850588084577,12.097559442595,5.243861180752,76.3837216892,10.402716190456,-20.6004938007,282.5190316791,13.4715617845,126.76,101.04,97.65,21.2936279219,96.733096733096,10.3819095477,-25.0206586963,-15.5702290699,1.9008802436,-20.865714047,1823.360006,-0.3,-0.4,71.58,156.15,1.96,10.47,100.52,1.11,0.44,270757.77,
202204,-8.73,10.58,,4.25,1.069833,1.739476,1.880449,0.77,93.54,23.54,115.21,83.5485,304.8,28079.0,2499.0,84765.1,55455376.0,0.5,-6.8,6.8,-5.0,99.24163,-0.2531498122,-2.8691697452,3.857957,21.9,793.06,0.9,8.8,4.7,9.2,,11.4,12300.0,6.3457,6.3482,49.5,8.5,0.35,109.5,11.5,0.38,5.09,1.25,8.0,4.89,-0.83,14.74,8.43,286.13,9.16,11.12,26605.56,6.33,3.7,-66.993670088,-0.0204821175,0.4112492487,4.572025933696,4.555946327787,4.609695929344,0.0,135221.6104,-25.2263832948,10.351373376528,-2.4728736975,-3.3950664252,-0.9365671833,-0.8506095497,0.2578965859,-1.3944223108,4.6,36050.0,36665.9142,-16.9768523604,-9.3461370348,2.0980940001,154.4715447154,14.652014652,-4.6242774566,3.97415478268,-3.5840777348,-19.6903728302,41988.0,,10.2,55.182927,,,,2186344.0,6.753592452748,11.421906066583,9.661582302347,5.340849897267,-20.6323141681,10.335659503473,-40.7950921999,-91.1847059959,-91.2487806431,130.38,95.5,102.86,10.1847940866,-22.765819537095,-6.4857810556,-23.81588642,-63.5287445623,-9.563513096,-42.7446569179,1447.738841,0.0,-0.3,80.01,189.4,6.7,-9.71,98.32,-2.19,-0.86,1035700.0,24.75
202205,1.53,10.26,2.6,5.3,1.72341,2.446612,2.340073,0.89,112.4,25.31,118.51,84.0851,317.4,28499.0,2538.0,48328.1,54155835.00000001,0.9,-5.9,5.9,-5.4,98.9904,-0.2456601852,-2.9039946667,12.795905,7.93,261.76,1.5,8.3,4.7,9.7,6.7,11.4,31300.000000000004,6.428,6.6177,47.4,8.25,0.35,111.7,11.5,0.51,1.3,2.01,7.79,8.62,-5.77,5.86,-2.17,561.92,9.93,11.35,14572.73,6.39,3.7,63.7110330073,1.2969412358,4.2452978797,4.566429357672,4.547541073151,4.613255412278,0.0,135041.916,270.9574099723,8.772455372612,-1.417090976,2.3271276596,-0.5580944367,-0.8370029245,0.3565825416,-4.2424242424,4.6,20937.5,35684.3551,-17.1378268405,-9.6083282903,2.8231231112,-79.3801916933,-56.0952380952,-7.240704501,3.56371632116,-33.6640671177,-45.8224046741,9084.0,8.61,10.5,53.205128,3.7,15702.6113,,1487442.0,7.041307646137,10.943764264191,10.343224069248,5.251540174989,-8.4141970452,9.545454543988,33.3377495314,-38.0065717415,97.7121041008,133.32,96.2,102.25,-8.5437730605,-33.783143191227,-54.6248214981,-45.3354498511,-77.3226849316,-13.7780943849,-44.2386350356,857.132446,-0.1,-0.3,92.05,208.69,27.83,-31.97,100.31,2.03,0.06,91300.0,16.8
202206,-1.35,10.65,2.1,7.23,2.130735,2.930936,2.941819,1.39,103.41,24.55,126.22,71.0237,318.8,28475.0,2548.0,59523.2,63786835.00000001,1.2,-4.3,4.3,-6.5,98.74722,-0.2090793037,-2.8524332547,5.0,7.1,428.53,2.1,8.0,5.1,10.5,-3.525412,10.9,6454.0,6.7071,6.6607,49.6,8.25,0.35,111.1,11.25,0.16,-0.14,2.15,6.3,6.53,-7.61,7.05,0.43,599.13,10.49,10.68,14126.67,6.7,3.7,8.022775535,4.3419415059,0.6497725796,4.549657476058,4.537961436295,4.619455660966,0.0,136099.9319,14.3750154424,9.846917201048,4.2835375334,4.5931346377,-1.6632016632,-0.9533898305,0.6219510018,4.641350211,4.45,23961.54,34803.8324,-16.6200996681,-9.5280946713,3.7768934085,192.84164859,26.0,-2.7450980392,3.295415888517,-23.5321987647,-53.6098946725,32291.0,10.48,10.2,35.294118,0.7,31045.9632,-30.3,1864360.0,6.887526871334,11.180246026588,10.590821740344,5.300215563831,-1.4976375698,9.949273207685,-14.2540022759,26.6784452297,28.0944467524,132.92,103.5,99.7,4.9879492822,-32.667815012005,49.7532365353,-52.0399565547,-85.2639140508,-20.9459265722,-42.1952978509,1142.881114,-0.1,-0.2,80.12,190.86,-0.55,25.12,101.03,0.71,0.84,56600.0,11.33
202207,-3.9,10.47,-1.4,5.13,2.061103,2.830554,2.901015,1.69,110.1,21.91,128.88,63.0975,304.3,28678.0,2565.0,61077.90000000001,57842816.0,2.5,-3.6,3.6,-5.6,98.54076,-0.1495726236,-2.7074946975,-2.9,1.22,462.91,2.1,6.4,4.6,11.1,-11.1,11.0,18900.0,6.6991,6.7114,50.2,8.25,0.35,108.9,11.25,0.62,4.46,2.39,6.05,5.99,-0.5,11.86,3.02,764.66,10.83,11.0,24142.86,6.73,3.7,64.4185694843,-0.1192765875,0.7611812572,4.542230386214,4.532599493153,4.6260780846,0.0,137976.91760000002,77.684136804,10.243524855322,4.3018621162,3.890032662,-0.7399577167,-0.5347593583,0.6644400368,1.2096774194,4.45,46861.54,33840.6881,-14.4000299007,-8.6661127708,4.7238805128,48.6772486772,32.5471698113,-1.3752455796,3.642198558872,41.4509277164,-36.2602551134,3616.0,8.26,10.5,26.988636,-2.7,39768.1548,-58.9,965120.0,6.969627493995,12.164729681996,10.834437871665,5.376203905205,-1.2946238226,9.988242218401,8.5565036777,167.6429567643,27.5854475903,132.78,109.22,99.89,7.8949995009,-34.784557269992,3.9738262406,-44.5661863925,-8.7119310557,-23.567582585,-42.4418295085,979.974814,-0.3,-0.3,80.48,200.38,-43.37,-48.23,102.61,1.57,2.43,71700.0,10.17
202208,-4.48,10.65,0.0,6.8,2.83857,2.988852,3.102738,2.25,116.8,21.56,133.8,51.158,298.9,28406.0,2543.0,74418.40000000001,61591326.0,2.5,-1.5,1.5,-5.3,98.39337,-0.0779524068,-2.4776495445,0.7,9.94,761.11,2.5,6.1,5.8,11.4,-6.7,11.2,28100.0,6.7324,6.7437,49.0,8.25,0.35,109.6,11.25,0.91,4.6,2.86,4.72,5.95,5.28,16.22,4.55,900.4,11.58,11.2,11320.0,6.75,3.7,22.5933176545,0.4970816975,0.4812706738,4.5485998345,4.529368472572,4.630811616601,0.0,139516.7156,88.7315681951,8.823206220553,3.9897437482,4.3884090276,0.6389776358,-0.3225806452,0.4744752862,-2.390438247,4.45,13507.69,32890.2681,-10.758973681,-7.3481789469,5.3769327316,-75.8362989324,-37.1296296296,-2.7777777778,3.656961838308,1.4872794918,-30.8900531685,18230.0,8.16,10.8,38.175676,-4.0,50738.3783,-30.4,1622879.0,7.523750350934,12.767401251469,11.140745830701,5.411020856461,-13.2927547614,9.883896902771,74.0413723237,82.6993225638,35.8400573871,123.12,105.55,92.72,3.5430157262,-40.095635364737,-9.9085856034,-7.1807548031,8.6325039234,-22.2397795892,-41.8333939614,1063.826395,-0.2,-0.4,74.31,216.2,-1.43,68.15,102.72,0.1,2.6,191900.0,9.22
202209,-5.88,10.95,-5.9,6.93,2.948093,2.709089,2.682061,1.91,105.08,19.08,136.72,61.3101,303.1,28685.0,2565.0,90685.1,57679934.0,2.4,0.2,-0.2,-6.1,98.31667,0.0080149175,-2.1739714415,3.9,8.28,933.07,2.7,4.2,6.7,12.0,3.1,11.0,6790.0,6.7949,6.8906,49.4,8.25,0.35,115.7,11.25,0.35,3.93,2.76,3.0,6.16,4.38,13.57,1.45,971.22,11.87,11.06,13983.33,6.76,3.65,5.2868487895,0.9283465035,2.1783294037,4.562262684977,4.528289141652,4.632321237554,0.0,142424.94869999998,79.1393143691,9.43348392329,4.9048971778,6.5353515051,1.3756613757,-0.1078748652,0.1510761004,0.8163265306,4.3,20930.0,32609.1686,-6.7442046098,-5.7925380772,5.523126249,84.0942562592,2.4590163934,-1.3972055888,3.595223532769,-5.9871118877,-24.1327245706,30540.0,9.25,10.7,38.743455,-5.4,68923.0422,-3.4,2221604.0,7.177908486111,12.823418112674,11.266743172011,5.381554965118,-0.7925724638,9.954133137205,-29.2375621434,5.7615516258,13.4279152582,115.27,103.78,93.62,-2.9036004646,-44.985810081121,7.2761574546,-32.9219376862,80.8573692842,-23.0896478352,-42.6989692352,1851.498057,-0.1,-0.2,69.1,223.86,41.22,36.89,103.2,0.47,3.2,350600.0,10.37
202210,-6.97,10.44,-3.0,6.0,3.393616,3.311792,3.176803,1.85,95.97,19.72,135.24,60.3677,332.6,28964.0,2564.0,101466.8,60241774.0,2.6,1.9,-1.9,-5.7,98.32455,0.0938422805,-1.8191086818,3.8,9.65,982.4,2.5,2.3,6.1,12.2,2.7,10.9,12500.000000000002,6.9621,7.0998,50.1,8.25,0.35,114.3,11.25,0.24,4.83,3.0,1.11,5.26,2.91,5.72,1.13,797.64,11.95,10.8,17610.0,6.92,3.65,-21.6256107492,2.4606690312,3.0360200853,4.570578741218,4.528289141652,4.631927008095,0.0,143556.1209,31.7392420224,10.114558522616,7.7741141504,9.4735868258,0.8350730689,0.0,-0.0394151761,1.4170040486,4.3,28014.29,32331.5661,-3.8139846102,-4.428687907,5.2667287741,97.6,48.7951807229,1.0080645161,3.632639735791,3.8125001699,-32.091836513,4088.0,9.58,10.5,36.423841,-6.4,78177.9699,-3.2,2174325.0,7.119567532948,12.274198474578,11.383845866105,5.311973692996,3.1956174389,10.044292429127,-5.6671738154,-42.259978425,12.4234876045,121.12,110.55,105.08,-6.7215679058,-23.930509401422,9.4348590712,-18.2228557924,5.7038456698,-23.0333317627,-47.8255275347,1310.165162,-0.1,-0.2,66.63,217.36,39.95,-2.13,103.04,-0.16,2.98,370800.0,9.68
202211,-7.28,10.46,-0.5,6.57,4.214865,4.051543,3.861646,2.61,88.22,18.94,143.29,57.413,332.1,29653.0,2571.0,101427.3,56605950.0,3.0,3.4,-3.4,-6.0,98.41682,0.1747160699,-1.430253961,4.2,3.01,769.95,2.8,0.9,6.4,12.1,5.4,11.2,24700.0,7.1287,7.1768,49.2,8.25,0.35,112.7,11.25,0.8,5.04,2.41,-1.08,5.97,1.7,3.62,0.2,920.75,11.99,11.18,8510.71,,3.65,6.6965387363,2.3929561483,1.0845375926,4.567468318804,4.529368472572,4.63097437567,0.0,143072.83010000002,21.6385092616,8.724532511185,11.0527791625,12.3006869357,-0.3105590062,0.1079913607,-0.0952178815,-1.7964071856,4.3,16791.67,31715.594599999997,-2.5865644315,-3.5952623363,4.7308193201,-75.0931174089,-25.5386105059,0.0,3.648978233468,1.6472700826,-28.699596058,13344.0,10.37,10.6,37.8125,-7.4,87890.4003,10.0,2125260.0,7.182939371785,12.274198474578,11.527042539511,5.137091718049,-6.0517584605,10.174849676121,6.542293121,0.0,15.395673195,122.81,108.11,101.4,-16.0443896424,-6.783715571162,13.9463168867,-13.2928216878,-71.7414712335,-22.1818940846,-54.924132087,1235.915825,-0.3,-0.4,68.55,202.75,36.53,-2.26,103.45,0.4,3.86,214100.0,9.75
202212,-8.0,10.6,1.3,5.8,4.607079,4.238609,4.18848,3.0,90.33,19.43,147.01,61.5343,303.3,29696.0,2555.0,75292.7,57176300.0,3.0,2.9,-2.9,-7.8,98.58877,0.2602121925,-0.9935966812,6.3,2.3,821.51,2.1,-1.3,5.8,11.8,2.5,11.1,6152.0,7.1628,7.1769,48.0,8.25,0.35,113.1,11.25,0.18,3.68,1.63,-1.46,5.91,-2.47,-1.44,-4.23,778.28,11.72,11.07,13228.57,7.3,3.65,-0.5404681623,0.4783480859,0.0013933787,4.555979941797,4.533674184283,4.628784168285,0.0,148584.3672,-3.1976399782,9.400960731585,12.0010007349,12.5011756592,-1.1422637591,0.4314994606,-0.218781063,-2.4390243902,4.3,21545.69,31375.7581,-2.9020259003,-3.0518365481,3.8277215996,96.6840052016,-4.7244094488,-4.1916167665,3.509737536904,-12.9981407232,-28.9646990806,25686.0,11.2,10.3,38.435374,-8.0,101421.7191,-18.5,2331769.0,6.985197412708,10.947291604709,11.618899373664,5.023748933242,-23.0117248199,10.18244416867,-17.9418430554,-73.4703409622,9.6207871318,128.64,113.61,104.75,-10.7155445894,-47.065108297989,0.762340385,-17.8237588478,-69.67662793,-22.2743767824,-48.0729807298,1316.773061,-0.3,-0.4,66.09,170.22,32.66,9.72,103.29,-0.15,3.04,214100.0,9.67
202301,-9.35,10.11,0.0,4.4,4.666875,3.819526,3.656936,2.83,87.38,21.02,142.82,61.0742,325.0,29558.0,2557.0,67361.0,52428092.0,3.7,2.5,-2.5,-8.1,98.84531,0.338589661,-0.4886870836,5.0,-1.62,817.07,1.6,-1.3,4.6,12.4,-0.5,11.0,12100.0,6.9833,6.966,47.0,8.0,0.35,115.3,11.25,-0.24,0.43,1.84,-0.27,5.65,-6.48,-10.64,-8.77,778.5,12.02,10.24,12444.44,6.86,3.65,-19.4867024857,-2.506003239,-2.9385946579,4.54329478227,4.54329478227,4.629906700054,0.0,149320.6835,-7.6896092051,9.546812608597,9.6279434851,9.2585912135,-1.2605042017,0.9667024705,0.1123162043,-2.0833333333,4.3,16117.78,30972.3465,-3.9758100764,-2.288933702,3.181889102,15.7024793388,23.8938053097,-6.5606361829,3.65993188703,16.2060067304,-29.0252127854,4431.0,11.39,10.0,33.43949,-8.8,111179.2868,-9.9,2231197.0,7.051407729593,11.958892516388,11.705610493336,4.91588495755,-24.870030581,10.032364379457,6.8451406909,175.0,9.0581586641,128.55,106.35,99.93,-10.2250296092,-62.22999461911,-13.9360696047,-24.7197385285,-42.3046499903,-23.322884561,-45.7883026065,1080.519705,-0.4,-0.5,56.46,151.98,10.7,-4.31,103.33,0.03,1.84,56800.0,9.35
202302,-10.75,9.88,-1.0,7.5,4.708363,3.978063,3.85282,2.85,78.07,23.33,135.42,70.3375,318.6,28861.0,2566.0,93508.7,51771855.00000001,3.8,2.9,-2.9,-5.9,99.17999,0.3853297424,0.0895619287,2.2,-10.71,657.85,1.8,-0.7,3.7,11.8,-5.9,11.1,14000.0,6.7976,6.7604,50.1,8.0,0.35,113.2,11.0,0.37,,2.25,-0.48,5.12,,-11.97,-9.55,624.5,11.53,11.07,40480.0,,3.65,4.8977730486,-2.6592012372,-2.9514786104,4.557081225918,4.563176672174,4.644854253315,0.0,156791.4116,-25.9645094842,10.799575577093,6.900673083,6.0521444483,1.3881914894,2.0080851064,1.5059826642,6.5957446809,4.3,55085.71,31144.6617,-2.6810850552,-0.4417882926,4.1626747796,250.0,23.1155778894,0.0,3.826010133403,18.06654809,-18.3250820147,11448.0,11.65,9.6,38.858696,-9.8,121250.083,-15.3,2074816.0,7.270556957892,13.824272063633,11.819210137621,4.575020209037,38.0604457108,10.032364379457,24.5017054602,545.8386683739,12.0303515174,125.28,96.51,97.46,-28.8844913515,-16.981593890738,-13.9360696047,-21.1702149181,272.583952069,-24.2967659837,-37.8610310599,1154.482799,-0.2,-0.4,41.6,136.44,-5.6,-7.01,103.06,-0.26,3.67,156200.0,8.97
202303,,9.39,-0.4,5.78,4.66551,3.58763,3.487492,2.93,80.41,23.65,130.34,69.5927,326.4,28919.0,2580.0,89334.4,54848666.0,4.0,2.4,-2.4,-7.1,99.56216,0.3922474161,0.7164936731,1.3,-10.46,690.07,2.1,-0.8,6.7,12.6,-1.8,11.3,49000.0,6.8296,6.9519,52.6,8.0,0.35,113.1,11.0,0.64,2.9,1.76,-1.3,,2.94,-8.76,-4.46,670.67,12.32,11.38,14386.67,6.73,3.65,33.1198284232,0.4707543839,2.8326726229,4.559704090974,4.582012095416,4.645681412225,0.0,158672.4834,15.8323455981,9.803667217254,7.6035922483,9.9601404574,0.2626307776,1.9013928808,0.08275011,4.9900199601,4.3,20690.0,30275.9678,-2.149721723,1.7677722404,3.9314258567,-63.0612244898,47.1544715447,4.780876494,4.072862669749,27.9990346807,6.4184797591,14401.0,11.52,9.4,45.879121,-10.0,135836.8942,-34.9,2265024.0,6.747279100471,12.863851682252,11.819210137621,5.205653681685,71.4723745504,10.032364379457,-40.7425015238,-61.7268041237,12.0303515174,125.88,99.31,100.48,87.8800371019,-19.293214302234,-13.9360696047,-41.1676962116,-62.7208651154,-24.2967659837,-3.7486800422,1437.350774,-0.2,-0.4,45.73,97.03,-6.66,9.01,104.01,0.92,3.47,1008800.0,
202304,-10.0,9.77,-0.1,7.93,5.06958,4.114911,3.991215,3.08,80.25,21.92,132.59,75.4729,323.6,28798.0,2554.0,92182.5,46339144.99999999,4.3,3.2,-3.2,-7.6,99.95269,0.3641822946,1.3398268923,-9.793162,-15.917877,918.62,1.0,-1.4,5.8,12.9,,11.6,18100.0,6.8982,6.8717,51.9,7.75,0.35,111.9,11.0,0.41,4.31,0.98,-2.32,3.4,7.2,-5.05,-4.86,444.03,11.93,11.53,30920.0,6.87,3.65,-86.9151553417,1.0044512124,-1.1536414505,4.569741952285,4.599613777703,4.643646391295,0.0,160829.4661,-54.0800733496,10.568749529607,8.7066832658,8.2464320595,1.0088409631,1.77575048,-0.2032951679,-1.3307984791,4.3,44220.0,29431.9134,-0.228137511,4.4634903694,3.4533356694,114.9171270718,24.2811501597,4.8484848485,4.162221987386,9.3473490056,20.6914622966,49314.0,,9.9,58.724832,,,,1468597.0,7.035515386608,12.158456791589,9.624622423021,5.163127456486,-11.6961829436,10.444735683113,33.4072489721,-50.6086506087,-88.859551752,133.04,102.04,105.69,-4.1634668129,-10.206311740537,51.0395147466,32.5676551276,108.8718510405,-3.6285200539,-16.2825243184,851.738113,0.0,-0.3,72.56,182.3,-32.94,-35.16,103.41,-0.58,5.17,386100.0,6.23
202305,-5.21,9.85,0.0,6.1,4.538844,3.577102,3.514886,3.11,76.47,21.98,133.85,77.0863,317.9,28873.0,2574.0,48902.4,49994592.99999999,3.3,3.7,-3.7,-7.1,100.3167,0.3176938635,1.9121348429,18.774816,0.457592,120.2,0.7,-2.5,5.1,12.7,3.5,11.8,38900.0,6.8852,6.924,49.2,7.75,0.35,106.6,10.75,0.64,9.66,0.38,-3.29,5.32,20.21,6.37,-0.12,666.22,12.64,12.03,11354.17,6.87,3.65,541.2063227953,-0.1884549593,0.7610925972,4.580935893353,4.610322887989,4.637376935631,0.0,163225.2192,79.854385924,8.880168247903,7.112632234,4.6284963054,1.1256827657,1.0766658052,-0.6249843634,-5.2023121387,4.3,17199.4,29130.8772,1.4612266112,6.4794491525,2.4414800648,-81.5218508997,11.3727920669,3.7974683544,4.088024516071,-7.1511674073,68.9289784774,18184.0,12.18,10.0,64.214047,-5.7,15132.8389,,1652664.0,7.415371921069,12.567237494742,10.307142459886,5.094424819826,-12.8218858005,9.885934393289,46.2074817036,50.4981646565,97.8858249789,132.72,99.55,99.76,-6.6395741515,-14.527752589128,-42.8105811483,45.3630579462,407.0671378092,-3.5438426984,-14.5394530022,1136.280385,0.3,0.1,75.66,174.71,10.92,12.53,103.4,0.0,3.08,190700.0,7.43
202306,-5.08,10.18,-2.0,5.27,4.674514,3.483019,3.469158,3.08,82.46,25.01,133.33,80.5093,329.4,28773.0,2577.0,149997.9,54882484.0,3.2,4.8,-4.8,-6.9,100.6354,0.2763441095,2.4078767,3.9,4.958778,770.73,0.1,-3.6,5.3,12.4,10.6,11.8,7188.000000000001,6.9912,7.0821,48.8,7.75,0.35,107.0,10.75,-0.32,4.1,0.3,-4.28,5.23,13.62,-0.02,-7.42,928.17,12.07,11.7,14498.82,6.93,3.65,10.3473330479,1.5395340731,2.2833622184,4.586796417387,4.611946177021,4.627265281609,0.0,163914.9148,83.7246981055,9.517825071724,4.2358098135,6.3266623628,0.5877730501,0.1624607279,-1.0060703126,-0.8130081301,4.3,19884.21,28849.8536,3.7837209302,7.6790374332,0.784019527,89.204229271,-28.0423280423,-1.6129032258,3.987689338421,-9.5465812423,99.8253301871,39487.0,10.82,10.0,59.621993,-5.8,29945.7431,3.7,2016942.0,7.152124357731,12.739344458126,10.535712994176,5.181671184429,-11.6689932436,9.717940800386,-23.1448391444,18.7804878049,25.6802169655,131.66,99.05,99.2,9.1165471154,-23.353618357301,-15.4640749033,30.2906432655,375.4532775453,-5.3617773083,-11.1787603553,1661.326936,0.4,0.3,67.15,163.11,8.18,22.04,103.22,-0.17,2.18,287000.0,7.17
202307,-6.29,9.84,-3.5,3.95,5.040649,3.708337,3.677363,3.09,74.12,24.27,137.19,80.6872,311.3,28530.0,2625.0,79784.0,49430879.00000001,3.5,5.4,-5.4,-8.2,100.9135,0.2446649854,2.8122118391,5.6,-0.108413,850.48,0.2,-4.6,4.7,11.6,18.4,11.4,13600.0,7.1492,7.2258,49.0,7.75,0.35,105.3,10.75,0.77,2.51,0.15,-4.98,4.48,3.5,-10.16,-3.77,748.3,11.15,11.05,23842.86,7.13,3.55,-23.3938481799,2.2599839799,2.0290591774,4.585326597853,4.606232621404,4.616155624497,0.0,166092.96860000002,-14.3987071514,10.325481962596,6.7188129749,7.6645707304,-0.1468739878,-0.56972643,-1.1048172772,0.4098360656,4.2,32178.83,29041.799099999997,4.4038338658,7.6411827957,-0.9873394912,124.2647058824,8.5409252669,-2.390438247,3.82409293748,-15.0915357502,19.948749565,4431.0,9.8,9.5,53.930131,-6.2,37635.8749,36.7,1811079.0,7.189685597516,12.931444973385,10.745916724356,5.138559328163,-8.2633761505,9.921523915022,3.8275578908,21.1792314462,23.3929423014,126.76,95.47,96.28,-4.2195752332,-28.76497152955,22.578703425,24.6149134136,115.2683689422,-8.4716245257,-21.1517113784,1276.815489,0.3,0.0,63.17,177.98,87.65,-10.21,102.56,-0.64,-0.05,340900.0,6.13
202308,-8.04,9.06,-2.5,3.56,5.325583,4.058835,3.849586,3.06,73.26,23.42,141.16,87.0341,332.1,28084.0,2698.0,89393.40000000001,52054195.00000001,3.2,4.1,-4.1,-8.4,101.1604,0.2045266725,3.1028613967,3.5,-6.583021,651.52,0.0,-5.4,3.1,11.3,12.7,11.3,30500.0,7.1619,7.1305,49.3,7.75,0.35,99.5,10.75,0.78,4.55,-0.5,-4.14,3.34,5.27,-11.49,-4.8,727.4,11.14,11.45,8446.1,7.2,3.55,6.7626473477,0.1776422537,-1.3188851061,4.588024027153,4.596129441336,4.607168188651,0.0,166191.2608,-25.4525383948,8.148734808937,6.3795971719,5.7357237125,0.2701070636,-1.005231439,-0.8947169565,0.612244898,4.2,11220.77,29406.3569,4.0211640212,6.90399137,-2.3366111974,-88.6590163934,-49.057437408,0.612244898,3.852907810104,2.923403744,21.6461180346,12219.0,9.53,9.0,45.791246,-7.2,46440.0134,-25.9,2051123.0,7.138271861775,13.678200607,10.993978907167,5.173830661425,-6.361631753,9.490771217714,-5.0114412396,111.0142822561,28.1539619452,123.37,100.2,97.33,3.5900744999,-23.070652173913,-34.9980357494,-31.9874874165,148.6309184256,-13.6504785623,-21.1158759939,1325.686341,0.1,-0.2,55.82,170.47,26.39,13.25,102.39,-0.17,-0.32,413100.0,5.46
202309,-8.14,9.22,0.5,2.5,5.28655,4.121366,3.971217,3.15,78.98,24.26,140.84,90.9783,320.4,28200.0,2765.0,78865.7,54297754.0,3.3,3.1,-3.1,-8.4,101.3673,0.140084623,3.2390181292,4.4,-10.173674,695.58,-0.3,-4.4,2.3,10.7,3.1,11.1,3459.0,7.1733,7.1811,49.7,7.75,0.35,93.3,10.75,0.13,4.16,0.22,-2.88,3.85,3.54,-9.11,-8.19,704.88,10.65,11.15,10975.0,7.14,3.45,14.1435923977,0.1591756377,0.7096276558,4.585987366571,4.595119850135,4.604169685655,0.0,167947.0746,-19.1815960912,9.517825071724,5.5688825443,4.2158883116,-0.2034587996,-0.1009081736,-0.2994011976,0.8113590264,4.2,26230.09,28894.2597,2.4008350731,6.9114470842,-2.7758989336,293.1772188494,8.8,0.6072874494,3.860729711041,0.785257192,30.4090911225,32413.0,10.15,8.9,47.129909,-7.9,59514.7171,-15.3,2267821.0,6.865376674615,13.562809454408,11.105902133462,5.207900196424,5.0276698458,9.499571244418,-23.8827435894,-10.898244809,11.8426991565,122.13,105.95,98.99,3.4656549068,-18.557406984707,0.8838860769,-26.8407644471,109.4660194175,-14.8572595513,-15.9412955466,1259.250349,-0.1,-0.4,53.29,176.59,2.08,10.56,102.49,0.1,-0.68,871700.0,6.01
202310,-9.23,9.06,1.6,2.46,5.273527,4.191754,4.087426,3.22,84.72,23.44,144.77,95.9283,324.6,27358.0,2872.0,67090.0,50458000.0,3.3,2.5,-2.5,-8.2,101.5093,0.0570391087,3.2010585182,3.7,-13.387415,793.96,0.1,-3.0,2.2,10.6,2.5,11.1,13600.0,7.1839,7.1798,50.2,7.5,0.35,94.5,10.75,0.58,4.55,0.16,-2.38,3.0,4.85,-7.61,-5.74,710.83,10.63,11.1,25456.25,7.29,3.45,-15.3370446874,0.1477702034,-0.0181030761,4.594109238629,4.599152113663,4.609162207258,0.0,169650.09050000002,-12.696928372,10.04758789651,3.1858203703,1.126792304,0.8154943935,0.404040404,0.5005005005,1.0060362173,4.2,37529.94,28396.1597,2.380952381,7.343412527,-2.2507637876,69.8529411765,-6.4777327935,0.1996007984,3.842802629493,-1.7767347368,23.3879034711,364.0,9.410929,9.0,47.5,-8.5,66562.866,-33.9,2099850.0,6.856790853669,12.551079784601,11.211125771548,5.19295685089,13.4739349776,9.60817645292,-0.8549068045,-63.6410454487,11.0959035328,118.88,98.15,97.34,-1.4832247824,-10.445697854457,11.472218062,-23.1086407523,31.9009808501,-15.8626913206,-11.2207151665,958.506817,-0.2,-0.5,58.91,182.71,-3.43,-7.41,102.54,0.05,-0.48,776700.0,5.22
202311,-8.97,9.1,2.6,2.33,5.363664,4.567252,4.67168,3.37,92.22,23.1,147.75,97.4147,327.4,27501.0,3050.0,74931.09999999999,51994074.0,3.2,2.4,-2.4,-8.4,101.5672,-0.0252049874,2.9950977175,4.5,-7.966302,672.19,0.0,-2.5,2.1,10.3,4.6,10.9,23100.0,7.1786,7.1779,49.5,7.5,0.35,91.4,10.5,0.36,4.32,-0.05,-2.61,3.17,7.25,-3.16,-4.36,814.72,10.45,11.1,6400.0,7.3,3.45,11.7541171395,-0.0737760826,-0.0264631327,4.597138014291,4.598145571051,4.607168188651,0.0,173015.10390000005,-8.5586298402,8.907070776183,0.699987375,0.0153271653,0.3033367037,-0.1006036217,-0.1992031873,-1.3944223108,4.2,18426.31,28246.252299999996,3.0114226376,7.1197411003,-2.3525055061,-68.0346320346,20.0260078023,0.6097560976,3.826309484041,-1.635787821,19.4026549605,13412.0,8.959009,9.0,46.656051,-8.8,73948.6174,-37.4,2272783.0,6.930394938877,12.806830376797,11.348118133194,5.153002535383,3.0392096326,9.751850377873,7.6380566137,29.1430594901,14.6819388675,120.01,97.72,100.95,-3.9166666667,-1.779912417008,15.4507591025,-22.3178304375,70.3409621672,-16.383089389,1.6038068382,950.312477,-0.3,-0.5,71.1,180.0,6.94,8.24,102.91,0.36,-0.52,282400.0,5.86
202312,-9.2,9.39,0.3,2.1,5.327606,4.774376,4.952512,3.59,89.08,22.38,149.53,93.2435,350.5,27837.0,3082.0,76103.40000000001,54650691.00000001,3.0,2.5,-2.5,-8.7,101.5416,-0.0980878773,2.6270239832,4.5,-6.593305,751.2,-0.2,-2.6,1.9,10.3,5.5,10.9,7384.0,7.1544,7.1018,49.4,7.5,0.35,92.1,10.5,0.48,5.69,-0.11,-2.8,3.12,12.59,0.71,3.58,596.82,10.1,11.03,11863.64,7.29,3.45,-25.636315229,-0.3371130861,-1.0601986653,4.598145571051,4.597138014291,4.606169686321,0.0,180149.6237,-31.6313167782,9.296518068217,-0.117272575,-1.0464127966,0.1008064516,-0.1007049345,-0.0998003992,-0.202020202,4.2,24196.15,28618.999,4.3067226891,6.552094522,-2.2360691282,47.616468039,-9.9173553719,2.9166666667,3.73855106303,-8.4017867966,25.7107599428,25369.0,8.64,9.3,45.892857,-9.1,84805.7082,-35.5,2487274.0,6.956747959787,12.032909026521,11.435812637835,5.043167019099,5.3921568627,9.838628980188,2.6703332249,-53.8799012887,9.1654575676,121.06,94.11,100.87,-10.4018502457,34.457186544342,9.0655184452,-2.8048577791,196.1267605634,-16.7304071967,1.9607843137,1022.897882,-0.3,-0.5,68.47,172.95,6.64,9.44,103.8,0.86,0.49,364700.0,6.36
202401,-9.43,9.43,-0.8,1.43,5.092562,4.284013,4.42929,3.3,81.35,23.49,149.84,88.8841,359.7,26728.0,3122.0,79154.6,54989950.0,3.3,2.4,-2.4,-8.4,101.442,-0.1566412334,2.1204982981,4.6,-2.568642,558.62,-0.5,-3.0,1.3,10.0,7.6,10.8,10900.0,7.1039,7.0827,49.0,7.5,0.35,90.3,10.5,0.79,6.58,-0.28,-2.59,2.85,8.13,2.1,0.28,732.88,10.09,10.56,12012.5,7.14,3.45,23.635029179,-0.7058593313,-0.268945901,4.606169686321,4.598145571051,4.603168183317,0.0,183655.711,4.9859390439,9.367344120786,1.7269772171,1.6752799311,0.8056394763,0.1008064516,-0.2997002997,-0.8097165992,4.2,20420.0,30191.7535,6.4893617021,5.6382978723,-2.6384207523,7.3394495413,-16.4285714286,4.2553191489,3.728940703341,-0.9564327762,7.1445655305,4837.0,8.27,9.4,42.037037,-9.3,92578.5394,-34.6,2487873.0,6.885072138749,12.885120901711,11.517999668398,5.077733037629,-8.3129584352,9.99273393005,-6.9167396747,134.4827586207,8.5658842226,118.69,92.33,98.04,3.5170366546,64.088735117533,16.6613316261,-15.3237979079,152.4967989757,-17.1062753829,17.5681618294,1050.212664,-0.4,-0.6,69.0,154.96,11.39,0.02,103.78,-0.01,0.44,168200.0,6.2
202402,-9.55,9.57,-0.2,3.33,4.712663,3.823946,3.904805,2.77,75.72,23.88,144.69,89.6883,346.5,26615.0,3165.0,97111.5,55561090.0,2.8,1.7,-1.7,-5.4,101.2831,-0.2005270376,1.5245149362,6.6,0.144729,690.65,-0.3,-2.7,1.3,9.7,10.1,10.6,11700.0,7.106,7.1039,49.2,7.5,0.35,90.8,10.5,0.44,,-0.64,-2.52,3.01,,2.0,9.0,800.0,9.27,10.25,46708.89,7.06,3.45,8.1980742779,0.0295612269,0.2993208805,4.600157644165,4.597138014291,4.602165676968,0.0,186413.7901,8.289014158,10.80364890248,4.5368953748,5.0810602923,-0.5994005994,-0.1007049345,-0.1002004008,0.4081632653,4.2,57965.0,31398.7238,4.4017673803,3.4544612651,-4.1790247212,320.5128205128,0.4081632653,-1.7964071856,3.965402887377,26.6759650977,14.9575511702,11120.0,7.9642,9.5,41.634981,-9.4,100508.7099,-29.5,2604370.0,7.162444359048,12.461876979084,11.623886507658,4.980107355727,-15.1280620155,9.99273393005,31.9657482932,-34.5081135903,11.1696069039,116.86,93.28,98.46,-9.3011657627,0.872692965387,16.6613316261,-10.2473469709,-74.3953211737,-17.7431592808,49.9433165001,977.572188,-0.4,-0.8,64.59,160.41,25.34,4.68,103.99,0.2,0.91,394400.0,6.15
202403,,9.35,-0.8,2.78,4.68072,3.876572,4.001874,2.83,77.67,22.92,146.65,89.2887,339.5,26681.0,3172.0,84740.6,57573192.99999999,2.6,3.4,-3.4,-6.1,101.08,-0.229817966,0.8954336297,6.8,1.339957,747.27,-0.8,-2.5,3.3,8.7,7.4,10.4,49200.0,7.1051,7.1036,49.1,7.0,0.35,91.6,10.5,0.92,4.28,0.37,-2.47,,5.41,0.3,0.06,708.5,8.68,10.1,14337.5,7.22,3.45,12.0010170353,-0.0126653532,-0.0042230324,4.599152113663,4.595119850135,4.593097604754,0.0,191363.3913,-8.8905096776,9.581903928409,4.03391121,2.1821372574,-0.1005025126,-0.2016129032,-0.9027081244,-0.2032520325,3.95,24223.36,32239.6504,4.0236428787,1.3194037916,-5.1225196693,-70.5284552846,-19.8895027624,-6.6539923954,3.916129781069,-4.8078881467,-14.5067609559,11092.0,8.24,9.5,52.741514,-9.6,111735.1377,-4.6,2792005.0,6.695415194497,13.91869871576,11.623886507658,4.987161937911,4.1971122932,9.99273393005,-37.3138191998,329.2295780101,11.1696069039,122.8,97.55,105.08,0.7079524366,-38.703576341128,16.6613316261,-5.0541926377,187.1535871536,-17.7431592808,-19.6269884805,1290.060453,-0.4,-0.8,58.81,145.49,23.27,7.2,103.9,-0.09,-0.1,258300.0,
202404,-12.15,9.14,-0.4,1.48,4.949569,4.217533,4.258757,2.95,80.55,22.66,149.39,91.8692,314.0,26382.0,3161.0,127854.8,54709823.00000001,2.2,2.9,-2.9,-6.0,100.8477,-0.2413540418,0.2866920463,26.3,10.86,836.95,0.7,-2.7,2.6,8.7,,10.1,14499.999999999998,7.0978,7.095,50.8,7.0,0.35,91.2,10.0,0.21,5.32,0.33,-2.69,2.95,4.83,-2.12,0.63,684.16,8.42,9.58,30283.33,7.21,3.45,-51.0317223251,-0.1027431,-0.1210653753,4.596129441336,4.593097604754,4.599152113663,0.0,191384.3684,240.9650582363,10.338511462886,2.8935084515,3.2495597887,-0.3018108652,-0.202020202,0.6072874494,3.4623217923,3.95,41127.5,32087.083,2.6738721415,-0.6494988733,-4.3518926586,113.1034482759,-20.5655526992,-2.119460501,3.92645326659,1.0376956541,-21.0036645097,48401.0,,9.0,50.205761,,,,2115435.0,6.00055992596,12.538249957869,9.338633203518,5.389756426865,49.7896213184,10.300449948153,-50.0853315012,-74.8534319473,-89.825171442,125.72,94.5,102.38,49.57002457,3.977023803729,36.031462935,-64.475779717,46.1982170949,-24.8729285025,25.436437525,808.689628,-0.4,-0.7,48.97,146.52,44.04,-24.23,102.56,-1.29,-0.82,1108700.0,7.35
202405,-9.03,8.53,-0.5,1.67,4.958903,4.172499,4.173616,2.9,83.55,24.52,149.63,92.366,367.2,26581.0,3161.0,77386.6,52076390.0,2.8,2.8,-2.8,-6.6,100.6043,-0.2336878245,-0.2645192447,-12.7,-0.72,409.84,0.1,-2.8,2.3,8.3,5.5,9.6,30900.0,7.1007,7.1063,50.4,7.0,0.35,92.5,10.0,-0.05,5.43,0.2,-2.33,4.39,4.54,0.4,3.54,774.21,8.29,9.65,7432.86,7.19,3.45,42.9289478821,0.0408577306,0.1592670895,4.589040804058,4.590056548178,4.590316412887,0.0,193960.187,-23.9967303725,8.895629627136,3.1299018184,2.6328711727,-0.7063572149,-0.3036437247,-0.8796780684,-0.7874015748,3.95,10038.75,31280.1917,0.8137844409,-2.0062357859,-4.5970344649,-76.3754045307,1.5581524763,2.4390243902,3.933332790509,0.6903242203,-14.3320770911,9773.0,8.955393,8.7,50.726744,-9.0,11368.8587,,1332815.0,6.780716861867,12.318954802587,10.028688593301,5.288014473552,-26.9625468165,10.044639832292,118.1814643691,-19.6915351506,99.3825967773,133.44,100.54,106.14,-9.6737394479,-12.888491819755,-22.5711019969,-46.9881683782,-21.9860627178,-24.304681222,21.3598185274,403.654747,-0.4,-0.6,84.36,219.15,-19.35,-37.0,102.48,-0.07,-0.89,278800.0,8.93
202406,-9.28,8.68,0.3,-1.23,5.173709,4.669433,4.627891,3.02,88.01,27.49,153.43,91.7791,330.2,26646.0,3207.0,70813.29999999999,56518308.99999999,2.7,1.7,-1.7,-7.8,100.3692,-0.2069359923,-0.745192665,4.5,-5.33,585.78,0.3,-2.5,0.6,7.2,3.1,9.6,7300.000000000001,7.1057,7.1088,49.5,7.0,0.35,97.4,10.0,1.21,5.96,0.38,-1.52,4.73,4.51,6.42,4.51,719.83,7.08,9.34,10177.78,7.24,3.45,22.7064768343,0.0704155928,0.0351800515,4.594109238629,4.58700621536,4.591829594691,0.0,196660.2801,-15.4841971593,9.159047077589,1.6377732006,0.37700682,0.5081300813,-0.3045685279,0.1514327241,-1.7857142857,3.95,19507.78,31383.6647,0.7339625217,-2.4631530226,-3.4815193756,30.1369863014,-30.1470588235,1.4344262295,3.891643833562,-4.0831923254,-9.1577322518,32920.0,8.754397,8.3,51.076923,-9.5,22667.5257,-13.5,2236276.0,6.65939578629,12.594730635322,10.283697855803,5.371103036274,6.7637557048,10.054232439229,-11.4250478606,31.7552478785,29.0473573832,124.98,94.93,93.66,8.6638039909,5.2897744513,0.963876346,-38.9042922239,-13.4643590496,-22.2767028062,20.8562759861,880.699838,-0.3,-0.5,71.03,197.95,10.87,67.79,102.82,0.33,-0.39,223900.0,10.1
202407,-9.85,8.43,1.5,-4.02,5.098703,4.466333,4.508563,3.07,81.45,29.36,156.1,89.7869,317.3,26609.0,3223.0,74970.4,56148299.00000001,2.5,1.0,-1.0,-7.9,100.1615,-0.1625674536,-1.1484039209,6.7,4.16,718.79,0.3,-1.4,-0.8,7.0,2.3,9.3,9500.0,7.1162,7.1268,49.5,7.0,0.35,95.6,10.0,0.25,4.95,0.4,-0.81,4.2,3.99,7.44,4.22,855.33,6.69,8.7,21327.14,7.19,3.45,13.2403066264,0.1477686927,0.2532072924,4.594109238629,4.590056548178,4.590155020487,0.0,197141.1161,24.9324656189,9.966462351698,-0.461590108,-1.370090509,0.0,0.3054989817,-0.1673172887,0.0,3.95,32154.62,32130.764,0.8821321321,-1.6045943162,-2.5665498899,124.2105263158,-30.1639344262,1.0204081633,3.821929968635,-6.7339351348,-0.2160631314,3349.0,7.783003,8.4,48.991354,-9.8,29251.8429,17.0,2001469.0,6.708558191227,12.315823509489,10.508952083581,5.351573732848,9.5641210375,10.121256687513,5.039092556,-24.3389830508,25.2641131886,121.93,96.19,97.56,-1.9339841934,25.751102535832,6.932140707,-38.1913835378,-45.9694989107,-21.0980813369,23.7402475509,780.07946,-0.6,-0.9,73.35,215.1,10.51,-10.5,102.96,0.13,0.39,295000.0,9.6
202408,-10.16,8.13,-0.7,-5.3,5.033015,4.286185,4.327919,3.11,81.21,29.58,157.82,85.748,345.4,26638.0,3240.0,59499.7,58020556.99999999,2.8,1.3,-1.3,-8.9,99.99867,-0.0954312692,-1.4443119231,5.6,5.06,813.96,0.2,-0.8,-1.7,6.2,3.7,8.8,21300.0,7.1316,7.1346,49.4,7.0,0.35,96.8,10.0,0.51,5.04,0.32,-0.8,3.88,3.03,9.23,3.49,992.38,6.43,8.85,4560.7,7.13,3.35,21.673055187,0.2164076333,0.1094460347,4.590056548178,4.585987366571,4.587663840218,0.0,203056.5517,42.3804594727,7.86326672401,-0.4230720898,0.0574994741,-0.4044489383,-0.4060913706,-0.2488079854,-0.202020202,3.85,9536.0,32062.3432,0.2034587996,-1.0090817356,-1.9315369261,-87.79342723,-24.8337669847,0.2028397566,3.820731587572,-0.1197663292,-3.1664075566,8197.0,6.679178,8.1,45.692308,-10.1,36642.0616,39.6,2075488.0,6.920561616671,13.195242022817,10.777209690473,5.354697699984,6.657899063,9.901736019497,23.6152119442,140.9498207885,30.7683965031,118.75,96.26,97.39,0.3128851806,43.235605793006,-19.7096436902,-19.564152529,-38.3044625445,-19.4884244858,19.8255846877,819.388386,-0.7,-1.0,75.5,210.94,1.19,3.7,102.14,-0.8,-0.24,223200.0,9.33
202409,-10.12,8.31,-1.0,-2.3,4.692145,3.920146,4.071519,3.06,83.26,29.77,157.74,86.33,304.2,26535.0,3250.0,65231.6,57341634.0,2.8,2.4,-2.4,-9.3,99.90324,-0.0182977049,-1.6001883571,5.3,3.67,990.37,0.5,-0.8,-2.6,6.3,2.0,8.7,2600.0,7.1342,7.1124,49.1,7.0,0.35,94.8,10.0,0.45,4.74,0.71,-1.4,3.85,2.68,7.04,3.51,775.0,6.26,8.45,8850.0,7.2,3.35,-13.6898330927,0.036457457,-0.3111597006,4.592084946439,4.584967478671,4.591482941563,0.0,205794.0199,7.6615950426,9.104979856318,-0.5450768823,-0.9566779463,0.2030456853,-0.1019367992,0.3826403405,-0.6072874494,3.85,27044.44,32299.186899999997,0.6116207951,-1.0101010101,-1.2606606607,246.1538461538,-33.8235294118,-1.2072434608,3.80985483326,-1.0817816298,-4.9602421053,21927.0,7.7,8.2,45.637584,-10.1,47916.2364,22.2,2214567.0,6.681591007383,12.906939949105,10.899493734233,5.328361487896,-5.3586107686,10.019713821504,-21.2561974604,-25.0464856824,13.0075046963,113.08,92.59,95.23,-2.5992438563,29.070908071749,12.5219133484,-16.7885865959,-48.1009398738,-18.6499224658,12.8017076241,1012.88869,-0.7,-0.9,80.98,211.6,-2.35,6.7,103.15,0.99,0.64,537800.0,9.6
202410,-10.2,8.11,-2.4,-7.5,4.316502,3.707722,3.902955,2.85,78.12,28.53,146.23,91.1868,346.7,26838.0,3289.0,62968.2,57458788.0,2.8,3.2,-3.2,-10.1,99.88496,0.0597187004,-1.5975531471,5.1,6.8,854.79,0.6,-1.8,-3.0,6.3,2.7,8.5,9000.0,7.0791,7.0074,49.8,6.5,0.35,93.1,10.0,0.39,4.57,0.71,-2.52,3.47,2.27,5.94,1.2,877.03,6.33,8.15,17450.0,7.12,3.35,7.105838861,-0.7723360713,-1.4762949215,4.585987366571,4.589040804058,4.587231240957,0.0,207023.6893,36.2010741011,9.674074388208,-1.4588176339,-2.4011810914,-0.6079027356,0.4081632653,-0.4242674923,1.4256619145,3.85,35166.67,32628.0795,-0.8088978766,-1.0060362173,-2.1692231076,76.6666666667,-31.1688311688,-0.796812749,3.708313949933,-9.6555757219,-12.5837225272,-808.0,8.14,8.1,45.143885,-10.2,54148.9431,50.7,1993595.0,6.577176323417,11.888618414745,11.012081405893,5.356916408851,-8.5608816025,10.15420735962,-9.9148348782,-63.8799305383,11.9170372136,116.4,97.91,102.94,2.8966521106,4.00740969435,14.395726686,-24.3924870619,-48.4419263456,-18.0486465728,17.8166666667,797.58707,-0.6,-0.8,76.72,206.1,-5.06,-9.98,104.21,1.03,1.63,403100.0,9.0
202411,-10.28,7.95,-0.9,-7.07,3.944056,3.570496,3.783645,2.78,72.42,30.13,143.22,92.7126,313.7,26652.0,3299.0,60899.2,57642924.0,3.0,3.2,-3.2,-9.8,99.94461,0.115954227,-1.4586140065,4.5,4.89,915.53,0.4,-2.8,-3.3,6.8,2.1,8.1,15899.999999999998,7.1058,7.125,50.1,6.5,0.35,93.7,9.5,0.66,5.61,0.42,-2.49,3.37,3.93,5.14,0.02,730.22,6.97,6.68,6092.86,6.9,3.1,-10.6998132229,0.377166589,1.6782258755,4.585987366571,4.584967478671,4.58504094536,0.0,210782.9528,8.8351970181,8.517193191416,-1.0141253169,-0.7369843548,0.0,-0.406504065,-0.218789865,0.6024096386,3.6,14385.71,31390.6575,-1.1088709677,-1.309164149,-2.1884231537,-68.5534591195,-32.2860238353,1.2121212121,3.757243204412,5.0146054983,-6.6735178418,10411.0,7.87,8.0,40.784983,-10.2,60601.8928,67.3,2181365.0,6.535948496923,12.800779753277,11.160299931093,5.290940222209,19.0334837331,10.133884732562,-4.038951965,148.9697802198,15.9766306837,128.01,106.67,109.97,-6.3846843024,20.151972769548,-2.01175143,-32.594693651,-0.6032355361,-17.1234638661,14.7904018502,718.507629,-0.7,-0.9,77.21,212.07,-4.02,9.42,104.39,0.17,1.44,145600.0,8.8
202412,-10.05,7.23,2.1,-5.57,4.267057,4.120785,4.296421,2.81,73.97,32.42,149.63,97.053,306.8,26094.0,3337.0,67827.2,58544692.99999999,2.5,2.7,-2.7,-7.8,100.0605,0.1248244812,-1.2387374066,5.4,1.39,817.57,0.3,-2.9,-2.3,7.5,3.2,8.0,5000.0,7.1729,7.1877,50.3,6.5,0.35,95.1,9.5,0.48,5.21,0.48,-2.67,3.46,5.3,8.68,0.63,921.01,7.42,7.88,9208.33,,3.1,17.0749905207,0.9442990233,0.88,4.594109238629,4.591071261609,4.585742688322,0.0,210814.8059,71.3454584512,8.665613196535,0.2585821313,1.2095525078,0.8154943935,0.612244898,0.0701989242,0.3992015968,3.6,28966.67,30456.5042,-0.4028197382,-0.6048387097,-2.021978022,16.0,-46.7889908257,1.8218623482,3.795340683764,3.8832492661,5.8433114589,19742.0,9.26,7.8,42.830189,-10.1,70284.0334,69.1,2525099.0,6.918084438071,12.142600222575,11.263568298146,5.245918197749,-8.3940149626,10.210567758723,46.5411281285,-48.2206896552,10.878893157,132.75,109.66,103.7,-4.4023573263,4.435094103599,7.9699785561,-3.7925628175,11.5933412604,-15.8226530629,22.4767681982,689.487451,-0.7,-0.9,86.92,198.53,1.52,15.76,105.06,0.65,1.22,362500.0,9.25
202501,-10.21,7.93,-0.3,-3.7,4.314539,4.025621,4.185824,2.88,72.29,31.09,154.04,107.7409,336.2,26545.0,3281.0,62222.5,57500192.0,2.3,2.4,-2.4,-6.1,100.1854,0.0958223454,-0.9890100125,5.3,5.98,957.17,0.2,-2.5,-0.7,7.1,4.8,7.7,5800.0,7.1887,7.1884,50.1,6.5,0.35,94.8,9.5,0.41,5.5,0.1,-2.32,3.44,3.49,7.14,-1.03,982.6,7.3,7.8,8430.0,7.23,3.1,1.6809971061,0.2202735295,0.0097388594,4.592084946439,4.591071261609,4.582446957886,0.0,212859.5443,40.9194237313,9.200290036123,1.1937104971,1.4923687294,-0.2022244692,0.0,-0.3290305477,-0.3976143141,3.6,21147.4,30066.497,-1.3986013986,-0.7049345418,-2.0508016032,70.6896551724,-15.3846153846,2.2448979592,3.76823510274,-2.6741521528,4.0076636519,2965.0,9.35,7.8,44.493392,-10.3,77930.1583,45.2,2754895.0,7.065994007625,12.367340793126,11.363473184359,5.169801944313,0.8373713726,10.266532166983,15.9408045836,25.199786894,10.5065806083,130.52,109.97,98.32,-7.3291532747,14.857674418605,5.7560042664,19.8321549426,-40.415821501,-14.3179200234,9.6440371548,1010.382689,-0.5,-0.5,81.06,189.79,10.73,9.1,104.56,-0.48,0.75,187700.0,9.28
202502,-10.36,7.97,-0.5,,4.193584,4.349687,4.586365,2.74,72.31,30.76,152.52,101.6797,314.4,26769.0,3302.0,73348.1,56288628.99999999,2.9,2.8,-2.8,-6.6,100.2814,0.038391965,-0.7519786308,5.4,1.98,973.26,0.1,-2.3,1.2,7.3,3.0,7.6,9900.0,7.1833,7.1698,49.1,6.5,0.35,94.7,9.5,0.6,,0.5,-2.07,3.39,,1.5,-7.0,1038.9,7.36,,43166.67,,3.1,8.0656761811,-0.0751178934,-0.2587502087,4.595119850135,4.594109238629,4.582750737801,0.0,214933.89280000003,40.7469856946,10.845446031159,1.0878131157,0.9276594547,0.3039513678,0.3042596349,0.030382606,-1.996007984,3.6,65750.0,29599.9738,-0.5025125628,-0.3024193548,-1.9227683049,418.1818181818,4.2682926829,-0.2032520325,3.741293188075,-2.658221882,-20.0772545134,5216.0,9.39,8.0,43.303571,-10.4,86117.9532,44.0,3001473.0,7.342791861096,13.363268258297,11.486427595859,5.139673273108,-11.1269491599,10.266532166983,31.8899733083,170.7234042553,13.0832866799,122.69,104.99,94.0,-2.9679326814,20.272403109838,5.7560042664,19.7633470902,146.3027487418,-12.8429839488,17.3001580865,1171.445819,-0.2,-0.3,77.74,175.88,15.25,8.95,105.92,1.3,1.86,235000.0,9.25
202503,,7.9,-0.6,1.2,4.201267,4.34144,4.594542,3.03703,78.16,30.41,156.41,98.0062,345.4,26690.0,3293.0,90200.4,61359250.0,3.6,1.5,-1.5,-6.9,100.3199,-0.0296052927,-0.5528137974,6.2,6.45,1051.76,0.5,-2.3,0.4,7.0,3.7,7.5,51300.0,7.1711,7.1738,50.2,6.5,0.35,94.6,9.5,0.62,5.13,-0.37,-2.06,,4.5,5.13,1.3,1207.0,7.04,7.4,12430.0,7.15,3.1,31.2013150338,-0.1698383751,0.0557895618,4.592084946439,4.581901559049,4.587167098548,0.0,213418.18019999997,64.8751957704,9.220290702829,0.9289102194,0.9882313193,-0.303030303,-1.213346815,0.4426127241,2.2403258656,3.6,26500.0,29039.9676,-0.7042253521,-1.3131313131,-0.5912955466,-80.3118908382,-30.3448275862,2.2403258656,3.937618546841,21.6922777424,2.1721312022,8402.0,9.19,8.0,42.152466,-10.6,97385.0119,30.5,3120031.0,6.532702144498,14.291247719058,11.486427595859,5.355217413681,-6.7253948967,10.266532166983,-55.5181843139,152.9393272556,13.0832866799,121.29,98.77,98.86,24.0536739716,7.664796633941,5.7560042664,-15.0164986412,45.1429602237,-12.8429839488,44.4922194922,1545.019578,-0.1,-0.3,69.31,170.66,11.75,3.95,105.68,-0.23,1.71,636200.0,
202504,-9.68,8.3,-0.1,0.33,4.081861,4.013029,4.254975,2.93736,73.82,32.15,151.97,87.6967,323.1,26715.0,3278.0,93673.9,49161060.99999999,4.0,2.4,-2.4,-5.4,100.2902,-0.0965198993,-0.4084318464,-11.11,-3.4,1379.922951,-0.7,-2.2,0.1,7.0,,7.3,10100.0,7.1737,7.1782,50.5,6.5,0.35,95.1,9.5,0.69,5.85,-0.12,-2.19,3.76,4.36,3.48,-4.25,782.95,7.01,7.15,29250.0,7.27,3.1,-77.3782058793,0.0362566412,0.0613342998,4.591071261609,4.588024027153,4.579663642246,0.0,213756.8841,-23.8328789284,10.502324053625,1.069345431,1.1726568006,-0.1013171226,0.6141248721,-0.7475375652,0.5976095618,3.6,47300.0,29107.9342,-0.5045408678,-0.5060728745,-1.9299798793,260.396039604,17.7993527508,-0.5905511811,3.899496738298,-3.7404318628,-2.659644388,52194.0,,8.2,51.296296,,,,2133016.0,6.276406886165,12.16785143271,9.282280998561,5.409456155782,-37.3881326125,10.409461425571,-22.6086569334,-88.0375341785,-88.965534644,124.03,98.66,102.26,5.5736620849,-54.996254681648,15.3648188078,31.7646196293,-30.9540889527,-5.4793829041,1.9895049053,687.252761,-0.1,-0.3,69.74,211.71,0.831082,-31.634782,104.83,-0.8,2.22,1609200.0,9.23
202505,-10.2,8.15,-0.2,3.0,4.007304,3.932523,4.251159,3.24205,70.7,33.19,149.18,83.6813,331.6,26866.0,3323.0,53735.600000000006,52288471.00000001,3.7,2.6,-2.6,-6.5,100.1934,-0.1466164438,-0.3215129741,31.02,-1.0,312.163329,-0.1,-2.5,1.6,7.0,4.0,7.4,36400.0,7.2034,7.2014,49.0,6.5,0.35,97.9,9.5,0.36,5.21,-0.15,-2.83,4.03,5.48,0.75,-6.92,968.67,7.54,7.4,7644.44,7.2,3.1,226.5812769443,0.4140122949,0.3232008024,4.595119850135,4.582924577041,4.583081006523,0.0,218513.6633,74.0358131039,7.937374696163,1.4463362767,1.3382491592,0.4056795132,-0.508646999,0.3423210124,-2.9702970297,3.6,12637.5,29109.1769,0.6097560976,-0.7106598985,-0.7209293828,-92.3076923077,-61.6438356164,-2.7777777778,3.864291612563,-3.459263395,-6.6711751606,6528.0,9.95,8.4,49.377593,-9.8,10745.9154,,1815351.0,6.805227107337,11.693578964663,9.992841350997,5.197004204848,-26.5874667111,10.166697613063,69.6929126139,-37.7662337662,103.5131329994,123.27,92.38,99.39,-19.1400832178,-54.765140249218,-21.5543229229,2.4813090746,-46.4939705226,-3.5212339034,-8.6991664562,531.874142,-0.1,-0.3,72.26,223.51,36.204274,-14.892762,104.73,-0.1,2.19,192500.0,8.9
202506,-10.1,8.8,-1.2,1.8,3.844058,3.707354,4.218214,3.05794,65.91,32.23,144.39,81.5616,370.6,26774.0,3323.0,68758.2,58090111.00000001,3.6,3.2,-3.2,-5.6,100.0465,-0.1621446028,-0.2767730116,7.7,4.9,1019.466986,-0.1,-2.7,1.5,8.0,5.9,7.2,2800.0,7.195,7.1848,49.5,6.0,0.35,96.0,9.5,0.16,5.66,-0.17,-3.17,4.26,4.84,6.24,0.31,1000.6,8.08,7.23,8026.25,,3.0,-5.9790631611,-0.1166116001,-0.230510734,4.596129441336,4.582924577041,4.582960363721,0.0,222580.2602,33.3508272235,8.732304571033,1.2567375487,1.0690974567,0.101010101,0.0,-0.0120635524,1.0204081633,3.5,20505.0,29781.501000000004,0.2022244692,-0.4073319756,-0.8830015364,121.4285714286,-34.7368421053,0.0,3.842343076543,-2.1709419517,-4.81052024,38234.0,11.5,8.7,47.669492,-9.9,21869.3491,12.4,2468207.0,6.530906198746,12.066235700342,10.249264225468,5.167069079938,-8.4455150914,10.15987243763,-23.9911882688,45.1585976628,29.2299092706,119.13,95.32,96.64,-2.9491506667,-61.209173871278,-0.6801936823,-12.0577280679,-41.0508474576,-3.3847539226,-18.4565318457,902.552723,-0.1,-0.2,60.84,180.73,10.371305,35.963073,104.97,0.23,2.09,119800.0,9.07
202507,-10.5,8.78,-1.9,2.7,4.10164,3.953384,4.465536,3.05778,62.75,32.76,144.88,78.6171,432.4,26836.0,3328.0,45141.6,58122862.0,3.6,3.7,-3.7,-3.7,99.88428,-0.1553597823,-0.2695735853,6.1,4.5,958.512411,-0.1,-3.3,2.3,7.9,5.1,7.1,6199.999999999999,7.1757,7.1586,49.7,6.0,0.35,96.7,9.0,0.55,5.49,-0.03,-3.21,3.94,5.56,3.21,0.18,1111.77,8.08,6.98,18447.29,7.16,3.0,7.1929097849,-0.2682418346,-0.364658724,4.594109238629,4.588024027153,4.582778349581,0.0,224595.0365,26.2294638557,10.016816237843,0.8361204013,0.4462030645,-0.2018163471,0.5112474438,-0.0181997577,0.404040404,3.5,37051.0,29604.002300000004,0.0,-0.2030456853,-0.7349530046,261.2903225806,5.1643192488,0.404040404,3.779149727627,-6.1238052464,-4.1878077159,884.0,10.85,8.7,46.634615,-10.3,28261.74,13.0,2222557.0,6.675438517129,12.157932270202,10.472068461979,5.216673377508,-10.1687045349,10.19653023123,15.549903822,9.6032202415,24.9575928446,119.1,97.68,99.97,5.0855188141,-68.195517562606,3.7337976398,-3.2577222787,-14.605734767,-3.621170704,-12.619702285,686.0196,-0.1,-0.4,57.59,175.4,11.046287,-9.952569,105.03,0.06,2.02,173900.0,8.5
202508,-11.09,8.81,-0.5,5.27,3.964548,3.769908,4.280635,3.00597,69.15,36.01,144.46,78.4685,519.6,27050.0,3324.0,60721.6,57253879.00000001,3.5,3.6,-3.6,-3.2,99.7291,-0.1394678183,-0.3135333749,5.8,1.3,1027.457344,0.1,-3.6,4.6,8.3,6.4,7.1,22400.0,7.1491,7.1494,49.3,6.0,0.35,98.7,9.0,0.44,5.82,-0.14,-3.39,3.73,4.87,5.88,0.08,1014.67,8.28,7.1,-150.0,,3.0,11.1364012986,-0.3706955419,-0.1285167491,4.594109238629,4.589040804058,4.584634770268,0.0,233781.82599999997,15.2982336904,10.016816237843,0.2453867295,0.2074398004,0.0,0.1017293998,0.1858144903,-0.8048289738,3.5,14100.0,29309.8501,0.4060913706,0.3058103976,-0.3024486946,-102.2321428571,-119.2307692308,-0.2024291498,3.790133185967,1.104399796,-3.01350089,5923.0,10.42,8.9,43.778802,-10.7,35315.19,11.1,2351762.0,6.83290998184,12.915831091895,10.733142473251,5.214283370938,-9.4245348036,10.115853230678,17.0547355599,113.3788037775,29.832375247,115.05,96.88,96.6,-0.2387152778,-72.991163173037,-7.7508392391,-8.392004851,-24.3770918557,-4.3110364152,-13.1001890359,792.694988,-0.2,-0.5,56.49,184.32,13.311279,5.813349,105.1,0.06,2.9,190600.0,8.35
202509,-11.53,9.08,0.8,5.87,4.126319,3.93147,4.39796,3.09335,69.19,37.7,146.81,81.8347,495.5,27286.0,3257.0,44635.3,59797000.0,3.3,2.5,-2.5,-2.8,99.59001,-0.1200722844,-0.4150074245,6.8,3.9,1141.879117,0.0,-3.6,5.6,8.8,4.8,6.9,-500.0,7.1309,7.103,49.4,6.0,0.35,100.5,9.0,0.33,5.75,-0.2,-2.88,2.68,3.82,5.92,3.26,1003.29,8.68,6.82,5813.75,,3.0,-14.5825153925,-0.2545774993,-0.649005511,4.594109238629,4.589040804058,4.584634770268,0.0,235701.51719999997,14.1057357948,8.682707629894,-0.0462560623,-0.1321635454,0.0,0.1017293998,0.1858144903,0.2028397566,3.5,24873.33,28017.3045,0.4060913706,0.3058103976,-0.3024486946,-1280.0,-34.4444444444,0.6109979633,3.714367092051,-7.2966980135,-9.1070496037,23600.0,8.9,9.0,44.262295,-11.2,45850.55,9.4,2535516.0,6.475438400817,13.303183808072,10.850496996221,5.147901370765,-6.5817005897,10.225208667211,-30.0557423897,47.3075977379,12.4518026501,112.96,98.18,99.89,-6.4226669567,-73.340209543456,11.5558790231,-18.6291110512,48.6231704292,-4.7815764293,-16.5114022319,927.887022,-0.3,-0.6,55.62,183.88,14.49263,7.813461,105.04,-0.05,1.83,406700.0,7.17
202510,-12.4,8.85,0.3,6.0,3.820045,3.676544,4.273235,3.12363,66.72,38.19,147.67,80.3316,514.9,27495.0,3239.0,35920.700000000004,60822000.0,3.1,2.0,-2.0,-1.2,99.47043,-0.1038600115,-0.577810049,5.7,5.9,975.364419,-0.4,-2.9,6.0,8.8,3.7,6.8,5900.0,7.1068,7.1055,49.8,6.0,0.35,98.0,9.0,0.34,5.23,-0.15,-2.4,1.29,3.11,5.94,1.46,964.23,8.51,6.68,13900.0,7.05,3.0,4.2025805126,-0.3379657547,0.0351963959,4.594109238629,4.589040804058,4.584634770268,0.0,242828.0588,11.012735137,9.46498259035,0.3912926784,1.3999486257,0.0,0.1017293998,0.1858144903,0.8097165992,3.5,32686.0,27717.148500000003,0.4060913706,0.3058103976,-0.3024486946,118.6440677966,-18.8679245283,0.0,3.876395827785,17.5894031013,18.3033470922,-4296.0,7.29,8.8,41.032609,-12.0,51559.77,13.9,2287395.0,6.472997096594,12.491627456966,10.95612431223,5.036627874371,-15.9763795561,10.361165532091,-0.2438326664,-55.5833750626,11.1407595495,112.77,96.88,99.83,-10.5305980124,-75.5022559962,14.5632475535,-9.8936211852,82.760989011,-5.4420293618,-27.4060451738,649.003689,-0.3,-0.5,54.99,172.07,14.737196,-9.785819,105.05,0.01,0.81,599100.0,5.43
202511,-13.38,8.63,-0.7,6.55,3.697781,3.716587,4.198491,3.15122,66.46,42.82,147.97,82.8676,496.1,27913.0,3205.0,57006.7,58399000.0,2.7,2.3,-2.3,-2.0,99.36712,-0.0867389535,-0.7790986453,5.2,3.1,1016.354894,-0.3,-2.3,7.2,8.4,3.4,6.6,12900.0,7.0948,7.088,49.0,6.0,0.35,97.4,9.0,0.62,5.51,-0.04,-2.29,0.03,2.71,2.95,4.02,1138.15,8.07,6.56,4512.31,7.09,3.0,-11.2030635826,-0.1688523667,-0.2462880867,4.593097604754,4.589040804058,4.580877493419,0.0,251891.2157,10.387123916,7.696212639346,-0.1548031186,-0.5192982456,-0.1011122346,0.0,-0.3750227116,-1.6064257028,3.5,15376.75,27828.316499999997,0.7135575943,0.4081632653,-0.415479679,-82.9457364341,-56.0,-2.1956087824,3.859504961341,-1.6749015544,10.7673374965,6253.0,5.42,8.7,48.25,-12.9,57303.92,13.2,2540320.0,6.60086313292,12.473041676384,11.094903700993,5.010235214075,-42.6134160527,10.337864004139,13.6400756079,-1.8414130026,14.8870618275,114.94,101.92,89.79,-2.6047417993,-88.189526184539,-2.3032143761,6.7067931306,-27.9448275862,-6.3303757408,-24.4748904448,647.421206,-0.3,-0.6,60.16,153.95,16.455522,11.057338,105.05,0.0,0.64,266100.0,4.65
202512,-14.48,8.61,0.2,5.0,3.692469,3.68722,4.153382,3.06529,63.04,49.44,151.28,80.5037,519.7,28427.0,3275.0,42042.9,65954000.0,2.9,2.9,-2.9,-3.1,99.28093,-0.0601122491,-0.9623657739,6.5,7.9,902.492009,0.2,-2.1,6.2,8.2,3.0,6.5,2200.0,7.0848,7.0789,49.2,6.0,0.35,97.3,9.0,0.17,4.96,0.67,-2.03,-0.72,2.93,3.19,2.79,981.19,8.2,6.44,5042.5,7.07,3.0,-0.366959371,-0.1409483002,-0.1283860045,4.593097604754,4.589040804058,4.580877493419,0.0,259102.1798,-6.0584608795,8.268731832118,-1.2282340476,-1.5136970102,-0.1011122346,0.0,-0.3750227116,0.4081632653,3.5,20191.25,28050.0198,0.7135575943,0.4081632653,-0.415479679,77.2727272727,-32.7586206897,-2.1868787276,3.827184117783,-3.1804107175,3.2355860843,16081.0,3.34,8.5,47.44186,-13.9,65834.79,15.3,2858523.0,6.60884352232,12.7804362901,11.184171366743,4.997550054548,-6.4611486486,10.422965635581,0.8012317585,35.9877488515,9.3373275741,118.18,89.02,102.82,-1.2605042017,-87.940327761747,8.8827720207,-26.5996084381,89.2381459776,-7.6326783235,-21.9927288055,735.729948,-0.4,-0.6,50.28,149.94,13.204393,12.526099,104.94,-0.1,-0.11,261200.0,3.44
202601,-15.35,8.45,1.3,3.77,3.624891,3.575586,4.083003,3.08819,62.34,50.43,155.0,78.2284,559.2,28442.0,3204.0,45621.0,59573000.0,3.0,2.7,-2.7,-4.7,99.22125,-0.04054575,-1.0972922197,4.9,-0.3,899.18023,0.7,-2.2,4.9,8.0,2.9,6.4,3900.0,7.0593,7.0288,50.1,6.0,0.35,96.1,9.0,0.44,4.89,0.75,-2.0,-2.16,1.48,2.22,-0.28,1054.0,7.93,6.3,6794.0,7.06,3.0,24.0682330171,-0.3599254743,-0.7077370778,4.593097604754,4.589040804058,4.580877493419,0.0,259492.2675,14.6247686127,9.116029692505,-1.8000472965,-2.220243726,-0.1011122346,0.0,-0.3750227116,1.8292682927,3.5,18153.0,27882.994499999997,0.7135575943,0.4081632653,-0.415479679,133.3333333333,-8.0808080808,0.0,3.833934558609,0.6773276406,6.7905716136,-154.0,1.51,8.5,45.933014,-14.7,71982.0,13.0,2961389.0,6.664656058711,12.824765640165,11.273420543437,4.993489135261,-7.3589164786,10.526882644906,5.739944124,4.5326576577,9.3353060487,120.3,92.17,101.79,-0.4052684904,-88.920564986394,10.9508372245,-33.0576208237,58.0,-8.6116923643,-16.1644302934,741.62485,-0.5,-0.7,49.96,148.05,7.495531,3.598572,105.42,0.46,0.82,355200.0,0.6
202602,-15.9,8.2,1.5,3.0,3.509784,3.70586,4.244523,3.21255,60.88,62.34,155.89,78.2267,499.7,28474.0,3200.0,75997.0,61038000.0,2.9,1.6,-1.6,-4.1,99.18102,-0.1229872409,-1.2568393709,4.8,4.2,1115.597023,0.8,-1.9,3.8,8.5,1.3,6.4,9100.0,7.0016,6.9678,49.3,6.0,0.35,95.8,9.0,0.49,5.5,0.17,-1.66,-2.36,,4.68,2.63,1175.0,,,44972.38,6.96,3.0,2.2835302062,-0.8173614948,-0.8678579558,4.593097604754,4.589040804058,4.580877493419,0.0,262520.1025,8.4916728151,10.760028280005,-2.529478095,-2.8173728695,-0.1011122346,0.0,-0.3750227116,-1.5968063872,3.5,65061.83,27529.428099999997,0.7135575943,0.4081632653,-0.415479679,417.5824175824,-8.1871345029,0.4073319756,3.96390784282,13.8797959032,24.933905409,4096.0,0.13,8.3,46.244131,-15.9,78701.74,14.3,3037338.0,7.033440139053,12.188417710291,11.386243362314,4.981343789461,-10.9161793372,10.526882644906,44.5975355461,-47.0778346351,11.9433572879,125.55,102.33,104.36,-1.2071888776,-88.894289185905,10.9508372245,-26.6077412127,-69.1134863251,-9.5329268014,-14.6431501231,784.193702,-0.4,-0.7,47.93,147.45,1.194913,2.564641,105.19,-0.22,-0.7,371300.0,1.42
202603,,,1.6,3.9,3.536989,3.787198,4.313655,3.20208,63.65,92.06,156.66,75.7327,508.2,28567.0,3210.0,69805.4094,69575000.0,2.1,2.2,-2.2,-3.1,99.05904,-0.2084817297,-1.4335199252,5.2,6.2,1141.072018,0.2,-1.4,4.9,9.0,0.9,6.1,47100.0,6.9462,6.9228,49.0,6.0,0.35,96.4,9.0,,5.08,0.79,-1.3,,2.83,3.75,6.86,1545.34,,,8415.93,6.93,3.0,2.2835302062,-0.7912477148,-0.6458279514,4.593097604754,4.589040804058,4.580877493419,0.0,264508.2894,8.4916728151,9.104979856318,-3.1361994673,-3.4988430121,-0.1011122346,0.0,-0.3750227116,-0.6085192698,3.5,18404.62,27341.3922,0.7135575943,0.4081632653,-0.415479679,-80.8917197452,-10.8910891089,-2.390438247,3.935012529562,-2.8481835785,-0.2602624564,9804.0,-1.48,8.2,52.662722,-17.2,88101.37,20.8,2847279.0,6.269158067782,13.566279671887,11.386243362314,4.953147414224,-15.5361050328,10.526882644906,-53.4331872478,296.641221374,11.9433572879,129.69,103.3,106.93,-2.7802567447,-89.943333550446,10.9508372245,-23.1676243495,-51.5659955257,-9.5329268014,-33.106608096,1133.924767,-0.4,-0.7,48.05,145.67,-8.741964,-6.25742,105.87,0.65,0.19,196500.0,
202604,-31.1,,0.7,2.1,3.490969,3.502597,4.030457,3.11961,68.01,81.95,155.18,77.2736,514.8,28466.0,3142.0,69221.6299,65855000.0,1.5,0.5,-0.5,-3.4,98.85252,-0.0125338231,-1.3506578278,,,,1.3,-0.9,5.9,9.0,,6.0,9000.0,6.9037,6.9194,50.4,6.0,0.35,,9.0,0.83,5.53,0.85,0.11,-2.42,2.09,3.96,5.62,1012.38,7.7,6.2,32460.41,6.86,3.0,-20.2701517828,-0.6118453255,-0.0491130756,4.593097604754,4.589040804058,4.580877493419,0.0,269041.9037,191.4419803615,10.305613759379,-3.7637481356,-3.6053606754,-0.1011122346,0.0,-0.3750227116,2.8571428571,3.5,50894.13,27797.590699999997,0.7135575943,0.4081632653,-0.415479679,232.2222222222,-17.8571428571,-0.198019802,3.890400535623,-4.3631513379,-0.9054957377,49016.0,,8.2,51.162791,,,,1987738.0,5.927183352859,12.265284505162,9.137062977874,5.121222128726,6.2176165803,10.787812788403,-28.9633833855,-72.7739286631,-89.4514353182,129.44,99.81,104.36,18.3024996469,-82.939414114514,29.8136978957,-29.4764530967,10.2337662338,-13.5166279087,-25.0413851729,528.032623,-0.4,-0.5,44.96,141.62,-6.810919,-30.188155,105.31,-0.54,0.46,779400.0,-2.4
